order_id,user_id,order_date,city_tier,pincode,order_value_inr,cart_value,discount_amount,shipping_fee,item_category,payment_method,time_of_day,device_os,app_version,seller_type,warehouse_zone,delivery_distance_km,delivery_attempts,user_tenure_days,historical_orders,historical_rto_count,historical_rto_rate,customer_lifetime_value,previous_cod_orders,previous_cod_rtos,is_first_order,new_vs_returning_user,rto_status
ORD1296876,U163638,2024-01-01 01:32:18,Tier 1,241978,620,630,10,0,Fashion,Prepaid,Late_Night,Android,7.0.0,Flagship_1P,South,2.9,1,603,8,2,0.25,12260,2,1,False,Returning,False
ORD1012646,U168128,2024-01-01 01:53:07,Tier 2,644100,4070,4720,650,0,Home & Kitchen,CoD,Late_Night,Android,6.4.0,Marketplace_3P,East,6.7,1,258,4,0,0.0,13810,2,0,False,Returning,True
ORD1309782,U136347,2024-01-01 02:15:27,Tier 3,641913,3570,3830,260,0,Fashion,CoD,Late_Night,iOS,7.0.0,Flagship_1P,East,14.8,1,227,5,1,0.2,10130,2,1,False,Returning,False
ORD1411912,U157364,2024-01-01 02:20:09,Tier 3,300318,1380,1630,250,0,Fashion,CoD,Late_Night,Android,6.3.1,Marketplace_3P,Central,9.9,2,118,2,0,0.0,2100,1,0,False,Returning,False
ORD1232784,U173518,2024-01-01 07:05:31,Tier 2,623801,1730,2280,550,0,Fashion,CoD,Morning,iOS,6.4.0,Marketplace_3P,West,3.9,1,615,8,1,0.125,11690,3,1,False,Returning,False
ORD1084734,U101651,2024-01-01 08:35:46,Tier 2,754354,3050,4040,990,0,Fashion,Prepaid,Morning,Android,6.2.0,Marketplace_3P,South,4.4,1,28,2,0,0.0,2880,1,0,False,Returning,False
ORD1281141,U105434,2024-01-01 08:39:59,Tier 1,572334,620,740,120,0,Toys,Prepaid,Morning,Android,6.4.0,Local_SmallSeller,East,7.2,1,789,5,0,0.0,5170,3,0,False,Returning,False
ORD1238560,U175072,2024-01-01 09:05:02,Tier 2,258675,1330,1740,410,0,Home & Kitchen,Prepaid,Morning,Android,6.2.0,Marketplace_3P,East,3.8,2,552,8,3,0.375,12070,6,3,False,Returning,False
ORD1425296,U109103,2024-01-01 10:33:05,Tier 1,302918,11220,13520,2300,0,Electronics,Prepaid,Morning,iOS,6.2.0,Local_SmallSeller,Central,8.8,1,353,7,0,0.0,7860,2,0,False,Returning,False
ORD1158226,U180937,2024-01-01 15:01:16,Tier 3,198196,7790,9200,1410,0,Appliances,CoD,Afternoon,Android,7.0.0,Marketplace_3P,South,43.7,1,438,9,0,0.0,15570,2,0,False,Returning,True
ORD1333974,U184046,2024-01-01 15:28:42,Tier 3,688257,640,650,10,0,Grocery,Prepaid,Afternoon,iOS,6.3.1,Marketplace_3P,West,8.6,1,1237,8,3,0.375,7320,5,3,False,Returning,False
ORD1422127,U131394,2024-01-01 15:41:11,Tier 2,215845,1160,1470,310,0,Footwear,Prepaid,Afternoon,Android,6.3.1,Flagship_1P,South,3.7,1,26,2,0,0.0,2960,1,0,False,Returning,False
ORD1157314,U121099,2024-01-01 18:09:37,Tier 1,272378,18700,23910,5210,0,Appliances,Prepaid,Evening,iOS,7.0.0,Marketplace_3P,Central,2.4,1,1016,14,2,0.143,13330,6,2,False,Returning,False
ORD1297344,U173058,2024-01-01 21:29:43,Tier 2,185455,640,830,190,0,Beauty,CoD,Evening,Android,6.5.2,Flagship_1P,South,9.7,2,69,2,0,0.0,3780,1,0,False,Returning,True
ORD1136548,U109622,2024-01-01 22:28:08,Tier 1,816425,8720,10800,2080,0,Mobiles,Prepaid,Late_Night,iOS,7.0.0,Flagship_1P,North,22.7,1,1021,8,3,0.375,3490,2,2,False,Returning,False
ORD1444803,U166875,2024-01-01 22:40:28,Tier 3,255962,1260,1590,330,0,Footwear,CoD,Late_Night,Android,6.5.2,Local_SmallSeller,Central,23.9,2,1189,15,0,0.0,12060,8,0,False,Returning,False
ORD1217275,U207439,2024-01-01 22:53:29,Tier 2,624760,450,460,10,60,Fashion,Prepaid,Late_Night,iOS,6.3.1,Marketplace_3P,Central,36.6,1,43,2,0,0.0,1120,1,0,False,Returning,False
ORD1237515,U169753,2024-01-02 00:06:26,Tier 1,424719,1210,1600,390,0,Toys,Prepaid,Late_Night,Android,6.5.2,Marketplace_3P,West,1.9,1,76,1,0,0.0,820,1,0,True,New,False
ORD1337886,U175637,2024-01-02 02:01:06,Tier 2,164345,7940,8650,710,0,Electronics,CoD,Late_Night,Android,7.0.0,Marketplace_3P,North,5.4,1,718,13,2,0.154,28410,10,2,False,Returning,False
ORD1166494,U122130,2024-01-02 02:11:37,Tier 1,138952,8250,9870,1620,0,Electronics,Prepaid,Late_Night,iOS,7.0.0,Marketplace_3P,North,17.9,1,518,4,1,0.25,11350,2,1,False,Returning,False
ORD1211373,U123900,2024-01-02 03:51:22,Tier 2,746044,1620,1710,90,0,Grocery,CoD,Late_Night,Android,6.4.0,Marketplace_3P,West,7.3,2,1282,13,4,0.308,4580,10,4,False,Returning,False
ORD1312225,U127199,2024-01-02 11:25:46,Tier 2,216616,1310,1750,440,0,Fashion,Prepaid,Morning,Android,6.5.2,Marketplace_3P,East,7.2,1,1454,11,2,0.182,15070,7,2,False,Returning,False
ORD1468182,U163618,2024-01-02 17:25:41,Tier 3,506968,10310,12620,2310,0,Mobiles,Prepaid,Evening,iOS,7.0.0,Marketplace_3P,West,13.8,1,1488,31,1,0.032,10820,23,1,False,Returning,False
ORD1324498,U169581,2024-01-03 03:21:43,Tier 2,794953,15590,20000,4410,0,Mobiles,CoD,Late_Night,iOS,6.2.0,Marketplace_3P,East,11.5,1,247,1,0,0.0,1300,0,0,True,New,False
ORD1093940,U171001,2024-01-03 05:18:31,Tier 2,132108,4190,4850,660,0,Electronics,CoD,Morning,Android,6.5.2,Marketplace_3P,East,7.8,3,342,6,1,0.167,5160,3,1,False,Returning,True
ORD1422801,U148547,2024-01-03 05:53:07,Tier 1,621183,2050,2760,710,0,Footwear,CoD,Morning,Android,6.3.1,Marketplace_3P,West,4.3,1,287,6,2,0.333,6230,2,1,False,Returning,False
ORD1313763,U102600,2024-01-03 06:22:28,Tier 1,255370,1360,1580,220,0,Toys,CoD,Morning,Android,6.3.1,Marketplace_3P,South,3.4,1,1295,21,5,0.238,30160,16,5,False,Returning,False
ORD1011326,U100918,2024-01-03 07:03:19,Tier 1,635667,1680,1820,140,0,Fashion,Prepaid,Morning,Android,6.2.0,Local_SmallSeller,South,3.7,1,382,5,0,0.0,11050,1,0,False,Returning,False
ORD1122915,U143877,2024-01-03 07:24:35,Tier 1,544768,17060,20430,3370,0,Appliances,Prepaid,Morning,iOS,6.3.1,Flagship_1P,South,3.8,1,883,13,5,0.385,26960,10,5,False,Returning,False
ORD1001736,U154031,2024-01-03 10:51:25,Tier 1,344225,1480,1480,0,0,Fashion,Prepaid,Morning,Android,6.5.2,Local_SmallSeller,North,2.1,1,1393,16,2,0.125,24840,12,2,False,Returning,False
ORD1483762,U166812,2024-01-03 12:32:29,Tier 3,630670,8940,11870,2930,0,Electronics,CoD,Afternoon,iOS,6.4.0,Marketplace_3P,East,10.4,1,1329,30,6,0.2,58110,17,6,False,Returning,False
ORD1322497,U168085,2024-01-03 15:01:11,Tier 2,387061,2760,3420,660,0,Home & Kitchen,CoD,Afternoon,Android,6.4.0,Marketplace_3P,East,2.1,1,615,6,2,0.333,7160,5,2,False,Returning,False
ORD1272507,U192800,2024-01-03 17:19:53,Tier 1,321196,10830,13610,2780,0,Mobiles,Prepaid,Evening,Android,6.5.2,Marketplace_3P,East,2.5,1,1002,17,7,0.412,17610,10,7,False,Returning,False
ORD1054037,U190627,2024-01-03 19:34:00,Tier 1,678026,2750,3160,410,0,Home & Kitchen,Prepaid,Evening,Android,6.5.2,Marketplace_3P,North,9.5,2,1128,9,3,0.333,10040,4,3,False,Returning,False
ORD1112755,U123636,2024-01-03 21:02:44,Tier 2,770302,1020,1170,150,0,Footwear,Prepaid,Evening,Android,6.2.0,Marketplace_3P,West,17.0,1,71,1,0,0.0,1500,1,0,True,New,False
ORD1017367,U142823,2024-01-03 22:46:24,Tier 3,532440,580,610,30,0,Beauty,CoD,Late_Night,iOS,7.0.0,Marketplace_3P,North,19.4,1,1047,21,9,0.429,16740,18,9,False,Returning,False
ORD1004570,U216429,2024-01-03 23:16:39,Tier 2,745594,1790,2140,350,0,Beauty,CoD,Late_Night,Android,6.4.0,Marketplace_3P,Central,8.9,1,967,10,7,0.7,3240,9,6,False,Returning,True
ORD1127893,U132883,2024-01-03 23:28:56,Tier 3,351559,3730,3940,210,0,Electronics,CoD,Late_Night,Android,7.0.0,Local_SmallSeller,South,17.5,1,258,6,1,0.167,10610,3,1,False,Returning,False
ORD1294189,U172330,2024-01-04 00:45:24,Tier 3,267633,510,560,50,0,Beauty,Prepaid,Late_Night,Android,6.3.1,Flagship_1P,North,6.3,1,296,1,1,1.0,310,1,1,True,New,False
ORD1333622,U201029,2024-01-04 02:34:57,Tier 2,702436,810,940,130,0,Beauty,CoD,Late_Night,Android,7.0.0,Local_SmallSeller,Central,11.9,1,852,12,4,0.333,6810,9,4,False,Returning,False
ORD1277103,U196259,2024-01-04 09:48:30,Tier 2,572087,1580,2000,420,0,Fashion,Prepaid,Morning,Android,7.0.0,Local_SmallSeller,Central,26.6,1,276,3,1,0.333,2160,1,1,False,Returning,False
ORD1126961,U111990,2024-01-04 09:50:30,Tier 2,358960,1970,2580,610,0,Grocery,CoD,Morning,iOS,6.4.0,Marketplace_3P,East,11.6,1,565,7,2,0.286,1900,2,1,False,Returning,False
ORD1271395,U162597,2024-01-04 10:53:16,Tier 3,397546,5920,7460,1540,0,Electronics,CoD,Morning,iOS,6.5.2,Marketplace_3P,West,16.8,1,472,5,2,0.4,8710,3,2,False,Returning,False
ORD1255812,U140806,2024-01-04 10:54:55,Tier 3,204325,1190,1330,140,0,Fashion,Prepaid,Morning,Android,6.2.0,Marketplace_3P,South,8.8,1,358,5,1,0.2,1590,2,1,False,Returning,False
ORD1015768,U121761,2024-01-04 12:23:01,Tier 1,737266,650,730,80,0,Footwear,CoD,Afternoon,Android,6.3.1,Local_SmallSeller,East,9.0,1,357,5,0,0.0,4520,2,0,False,Returning,False
ORD1246673,U157236,2024-01-04 14:33:08,Tier 3,785604,680,700,20,0,Beauty,CoD,Afternoon,Android,6.3.1,Marketplace_3P,East,32.2,3,1301,16,3,0.188,16710,5,3,False,Returning,False
ORD1147986,U182052,2024-01-04 16:25:34,Tier 2,379003,6850,8480,1630,0,Footwear,Prepaid,Afternoon,Android,6.3.1,Marketplace_3P,South,42.9,1,1292,16,4,0.25,39840,5,4,False,Returning,False
ORD1143921,U209627,2024-01-04 16:53:16,Tier 1,476862,6390,7280,890,0,Electronics,Prepaid,Afternoon,Android,6.5.2,Marketplace_3P,South,2.6,1,1136,10,2,0.2,8440,5,2,False,Returning,False
ORD1004716,U152032,2024-01-04 18:51:03,Tier 2,310884,1000,1210,210,0,Toys,Prepaid,Evening,Android,6.4.0,Flagship_1P,West,7.8,1,547,4,2,0.5,6110,3,2,False,Returning,False
ORD1354420,U126096,2024-01-04 19:44:08,Tier 3,316128,780,840,60,0,Fashion,Prepaid,Evening,iOS,7.0.0,Marketplace_3P,South,12.5,2,1466,21,2,0.095,103030,18,2,False,Returning,False
ORD1165959,U134890,2024-01-04 20:41:09,Tier 2,131842,5500,5980,480,0,Electronics,Prepaid,Evening,iOS,7.0.0,Marketplace_3P,West,3.4,1,616,11,0,0.0,23890,6,0,False,Returning,False
ORD1319742,U196405,2024-01-04 23:51:41,Tier 2,565055,470,590,120,60,Books,CoD,Late_Night,Android,7.0.0,Marketplace_3P,Central,2.8,1,953,9,0,0.0,17610,3,0,False,Returning,True
ORD1008729,U206211,2024-01-05 01:13:49,Tier 1,782088,10210,10460,250,0,Mobiles,Prepaid,Late_Night,Android,6.4.0,Local_SmallSeller,Central,18.5,1,935,12,0,0.0,29820,10,0,False,Returning,False
ORD1049911,U138187,2024-01-05 02:25:30,Tier 2,641979,1690,1700,10,0,Fashion,CoD,Late_Night,Android,7.0.0,Local_SmallSeller,South,4.3,1,163,6,0,0.0,8620,5,0,False,Returning,True
ORD1294229,U121036,2024-01-05 08:09:44,Tier 1,445532,4930,6300,1370,0,Home & Kitchen,Prepaid,Morning,Android,6.5.2,Marketplace_3P,West,3.6,1,892,7,0,0.0,17430,5,0,False,Returning,False
ORD1094744,U147538,2024-01-05 09:52:59,Tier 1,306307,2510,3330,820,0,Footwear,CoD,Morning,Android,6.4.0,Marketplace_3P,North,8.6,1,1381,10,2,0.2,27190,3,2,False,Returning,False
ORD1366191,U205291,2024-01-05 12:06:03,Tier 2,691751,2440,3070,630,0,Fashion,Prepaid,Afternoon,iOS,6.3.1,Marketplace_3P,West,10.9,1,372,2,0,0.0,1760,2,0,False,Returning,False
ORD1444565,U118749,2024-01-05 12:08:24,Tier 2,349219,610,690,80,0,Fashion,Prepaid,Afternoon,Android,6.3.1,Flagship_1P,West,3.4,2,1290,17,1,0.059,45200,10,1,False,Returning,False
ORD1061280,U155065,2024-01-05 12:45:23,Tier 1,191284,1490,1820,330,0,Home & Kitchen,Prepaid,Afternoon,Android,6.4.0,Marketplace_3P,West,3.3,1,641,9,2,0.222,5890,3,2,False,Returning,False
ORD1498303,U180978,2024-01-05 14:36:32,Tier 2,494613,2160,2310,150,0,Fashion,Prepaid,Afternoon,Android,6.2.0,Local_SmallSeller,East,18.4,1,164,1,0,0.0,650,1,0,True,New,False
ORD1064309,U131639,2024-01-05 20:00:26,Tier 1,686049,790,870,80,0,Fashion,Prepaid,Evening,iOS,6.2.0,Marketplace_3P,South,18.0,1,208,2,0,0.0,280,1,0,False,Returning,False
ORD1022358,U105329,2024-01-05 23:39:44,Tier 2,137846,21850,23420,1570,0,Mobiles,CoD,Late_Night,Android,6.2.0,Flagship_1P,North,7.7,1,737,9,1,0.111,10260,4,1,False,Returning,True
ORD1126545,U156401,2024-01-06 00:59:21,Tier 3,240161,11130,12080,950,0,Appliances,CoD,Late_Night,Android,6.3.1,Marketplace_3P,East,1.3,1,62,2,1,0.5,760,1,1,False,Returning,False
ORD1063858,U107486,2024-01-06 02:29:22,Tier 1,149143,2260,2290,30,0,Fashion,CoD,Late_Night,iOS,6.3.1,Flagship_1P,Central,14.8,1,1207,13,3,0.231,35620,6,3,False,Returning,False
ORD1167514,U205187,2024-01-06 06:37:43,Tier 2,167526,350,440,90,40,Books,CoD,Morning,iOS,7.0.0,Marketplace_3P,North,19.7,1,1433,16,3,0.188,11470,8,3,False,Returning,False
ORD1272746,U123636,2024-01-06 09:52:40,Tier 1,119838,610,790,180,0,Fashion,Prepaid,Morning,Android,6.3.1,Local_SmallSeller,North,6.7,1,71,1,0,0.0,1500,1,0,True,New,False
ORD1158622,U132084,2024-01-06 11:49:04,Tier 1,789406,600,640,40,0,Beauty,Prepaid,Morning,Android,6.2.0,Local_SmallSeller,Central,0.8,3,286,10,3,0.3,20530,9,3,False,Returning,False
ORD1170143,U135661,2024-01-06 15:01:33,Tier 1,758261,10260,10890,630,0,Mobiles,Prepaid,Afternoon,Android,6.5.2,Flagship_1P,Central,11.9,1,92,3,0,0.0,9100,1,0,False,Returning,False
ORD1447133,U126002,2024-01-06 15:08:17,Tier 2,504589,9040,11350,2310,0,Appliances,Prepaid,Afternoon,Android,7.0.0,Flagship_1P,Central,8.0,1,1056,7,3,0.429,9070,5,3,False,Returning,False
ORD1413218,U193940,2024-01-06 18:29:26,Tier 1,839276,2280,2670,390,0,Fashion,Prepaid,Evening,Android,6.3.1,Marketplace_3P,East,5.3,1,420,11,3,0.273,28730,3,3,False,Returning,False
ORD1111153,U159427,2024-01-06 19:56:58,Tier 1,284316,300,310,10,0,Toys,Prepaid,Evening,Android,6.3.1,Flagship_1P,East,3.4,1,599,9,1,0.111,12790,7,1,False,Returning,False
ORD1242853,U145525,2024-01-06 20:57:27,Tier 1,211980,7670,9410,1740,0,Electronics,Prepaid,Evening,Android,6.3.1,Local_SmallSeller,South,6.7,1,149,3,1,0.333,3940,3,1,False,Returning,False
ORD1131538,U209003,2024-01-06 21:59:29,Tier 1,836236,7150,7400,250,0,Electronics,Prepaid,Evening,Android,6.5.2,Flagship_1P,South,6.7,1,332,4,0,0.0,1410,3,0,False,Returning,False
ORD1330616,U125152,2024-01-07 01:08:26,Tier 1,846640,1300,1680,380,0,Grocery,Prepaid,Late_Night,Android,7.0.0,Marketplace_3P,East,0.7,1,634,11,3,0.273,3120,5,3,False,Returning,False
ORD1439320,U120448,2024-01-07 03:37:58,Tier 2,695292,3650,4800,1150,0,Electronics,Prepaid,Late_Night,Android,6.4.0,Marketplace_3P,East,5.1,1,1109,10,4,0.4,8560,8,4,False,Returning,False
ORD1103755,U208542,2024-01-07 03:44:43,Tier 3,325564,12910,16300,3390,0,Mobiles,Prepaid,Late_Night,Android,6.3.1,Marketplace_3P,West,21.0,1,32,2,0,0.0,2750,2,0,False,Returning,False
ORD1188894,U179877,2024-01-07 04:17:25,Tier 2,766304,750,980,230,0,Books,Prepaid,Late_Night,Android,6.2.0,Local_SmallSeller,South,23.8,1,1407,16,3,0.188,33000,8,3,False,Returning,False
ORD1014846,U163795,2024-01-07 06:14:17,Tier 1,773316,4290,4760,470,0,Electronics,CoD,Morning,Android,6.5.2,Local_SmallSeller,West,4.9,1,992,11,1,0.091,18560,6,1,False,Returning,True
ORD1308240,U115317,2024-01-07 09:36:11,Tier 1,836570,710,950,240,0,Beauty,Prepaid,Morning,Android,6.3.1,Local_SmallSeller,East,13.7,1,656,8,0,0.0,36500,3,0,False,Returning,False
ORD1111202,U180412,2024-01-07 12:32:04,Tier 1,712725,840,1050,210,0,Beauty,Prepaid,Afternoon,Android,7.0.0,Flagship_1P,North,0.5,1,1059,14,3,0.214,23800,12,3,False,Returning,False
ORD1345510,U152343,2024-01-07 13:21:25,Tier 3,781651,490,530,40,0,Fashion,Prepaid,Afternoon,Android,6.5.2,Local_SmallSeller,North,34.8,1,1118,13,1,0.077,7190,9,1,False,Returning,False
ORD1406358,U106374,2024-01-07 13:51:11,Tier 2,319806,470,600,130,0,Books,CoD,Afternoon,Android,6.4.0,Marketplace_3P,South,2.0,1,219,4,2,0.5,17370,3,2,False,Returning,False
ORD1390305,U147265,2024-01-07 14:06:51,Tier 1,675021,4270,4830,560,0,Appliances,CoD,Afternoon,Android,6.4.0,Marketplace_3P,South,21.8,3,1016,13,4,0.308,37970,10,4,False,Returning,False
ORD1014291,U147075,2024-01-07 14:12:03,Tier 1,275398,650,820,170,0,Beauty,CoD,Afternoon,iOS,6.4.0,Flagship_1P,West,3.3,1,1336,15,1,0.067,42870,6,1,False,Returning,False
ORD1166165,U197892,2024-01-07 14:18:08,Tier 2,596037,670,680,10,0,Fashion,Prepaid,Afternoon,Android,7.0.0,Marketplace_3P,Central,15.2,2,691,15,4,0.267,26520,13,4,False,Returning,False
ORD1440365,U104563,2024-01-07 15:52:17,Tier 2,582545,4050,5380,1330,0,Footwear,CoD,Afternoon,Android,6.3.1,Marketplace_3P,South,6.5,1,282,4,1,0.25,570,3,1,False,Returning,False
ORD1481868,U119250,2024-01-07 16:29:43,Tier 1,201150,11520,11830,310,0,Electronics,Prepaid,Afternoon,Android,6.5.2,Marketplace_3P,Central,10.5,2,1051,6,3,0.5,10030,4,3,False,Returning,False
ORD1498397,U152553,2024-01-07 16:30:12,Tier 3,798294,8860,10260,1400,0,Mobiles,CoD,Afternoon,Android,6.4.0,Flagship_1P,North,3.5,1,1067,13,2,0.154,27940,8,2,False,Returning,False
ORD1049598,U191550,2024-01-07 18:13:09,Tier 3,582935,5040,6150,1110,0,Home & Kitchen,Prepaid,Evening,Android,6.3.1,Flagship_1P,South,41.3,2,1194,10,6,0.6,2420,9,6,False,Returning,False
ORD1431114,U125352,2024-01-07 19:06:39,Tier 2,557790,7810,8060,250,0,Electronics,CoD,Evening,iOS,6.4.0,Local_SmallSeller,South,19.7,2,141,2,1,0.5,1250,1,1,False,Returning,False
ORD1236391,U197478,2024-01-07 19:10:40,Tier 1,526078,7390,8620,1230,0,Electronics,Prepaid,Evening,Android,6.3.1,Flagship_1P,East,10.9,1,446,3,1,0.333,1700,2,1,False,Returning,False
ORD1192752,U115645,2024-01-07 21:24:46,Tier 1,357053,3640,3890,250,0,Home & Kitchen,Prepaid,Evening,Android,6.3.1,Marketplace_3P,East,17.8,1,649,8,2,0.25,8970,2,2,False,Returning,False
ORD1062259,U179934,2024-01-08 02:54:57,Tier 3,796590,430,580,150,60,Footwear,CoD,Late_Night,Android,6.2.0,Marketplace_3P,North,29.5,1,88,3,1,0.333,9240,2,1,False,Returning,False
ORD1423217,U122021,2024-01-08 04:29:54,Tier 2,421932,16620,19170,2550,0,Mobiles,CoD,Late_Night,Android,7.0.0,Local_SmallSeller,East,17.0,1,860,14,1,0.071,35870,8,1,False,Returning,True
ORD1333612,U135946,2024-01-08 11:16:36,Tier 2,443930,18130,20090,1960,0,Mobiles,Prepaid,Morning,iOS,7.0.0,Flagship_1P,South,15.9,1,1316,14,0,0.0,36720,10,0,False,Returning,False
ORD1006736,U193940,2024-01-08 13:33:30,Tier 1,696516,3750,4240,490,0,Appliances,CoD,Afternoon,Android,7.0.0,Marketplace_3P,Central,7.9,2,420,11,3,0.273,28730,3,3,False,Returning,False
ORD1393968,U215204,2024-01-08 14:14:24,Tier 1,364517,440,540,100,40,Books,Prepaid,Afternoon,Android,6.2.0,Marketplace_3P,North,16.3,1,1484,20,1,0.05,69570,15,1,False,Returning,False
ORD1190662,U172600,2024-01-08 16:33:26,Tier 3,271632,15030,15200,170,0,Appliances,CoD,Afternoon,Android,6.5.2,Local_SmallSeller,North,15.3,1,311,5,0,0.0,3440,4,0,False,Returning,False
ORD1420071,U124741,2024-01-08 17:01:17,Tier 3,155203,2250,2950,700,0,Footwear,CoD,Evening,Android,7.0.0,Marketplace_3P,South,41.8,1,1130,12,0,0.0,30290,7,0,False,Returning,False
ORD1107815,U196289,2024-01-08 18:48:22,Tier 3,408021,260,280,20,0,Books,Prepaid,Evening,iOS,6.5.2,Local_SmallSeller,North,97.0,1,1454,16,3,0.188,25220,14,3,False,Returning,False
ORD1308857,U184056,2024-01-08 19:01:29,Tier 1,581221,700,920,220,0,Grocery,Prepaid,Evening,Android,6.3.1,Marketplace_3P,South,11.1,2,479,5,0,0.0,8930,4,0,False,Returning,False
ORD1006205,U100442,2024-01-08 20:33:45,Tier 1,481816,18650,24500,5850,0,Appliances,CoD,Evening,Android,6.5.2,Marketplace_3P,North,8.5,1,199,3,1,0.333,2160,1,1,False,Returning,False
ORD1363539,U173643,2024-01-08 20:53:22,Tier 1,300037,620,820,200,0,Grocery,CoD,Evening,iOS,6.4.0,Marketplace_3P,North,3.9,1,668,6,1,0.167,4460,5,1,False,Returning,False
ORD1227161,U150089,2024-01-08 21:00:22,Tier 3,586573,670,760,90,0,Grocery,CoD,Evening,Android,6.5.2,Flagship_1P,Central,4.6,1,1402,12,0,0.0,42130,10,0,False,Returning,False
ORD1030015,U178733,2024-01-08 21:10:50,Tier 3,220166,8050,8080,30,0,Electronics,CoD,Evening,Android,6.2.0,Marketplace_3P,West,41.3,1,941,15,1,0.067,48590,4,1,False,Returning,False
ORD1482939,U187520,2024-01-08 21:19:24,Tier 3,267154,1280,1640,360,0,Fashion,CoD,Evening,Android,6.3.1,Marketplace_3P,East,15.5,1,245,5,0,0.0,2530,3,0,False,Returning,False
ORD1353485,U120659,2024-01-09 04:05:46,Tier 2,830363,4130,4890,760,0,Fashion,Prepaid,Late_Night,Android,6.2.0,Local_SmallSeller,Central,8.0,1,1139,12,1,0.083,4080,4,1,False,Returning,False
ORD1242946,U102474,2024-01-09 05:31:00,Tier 1,578087,6670,7300,630,0,Mobiles,CoD,Morning,Android,6.2.0,Marketplace_3P,South,7.5,2,157,3,0,0.0,7410,1,0,False,Returning,False
ORD1482509,U201957,2024-01-09 05:46:25,Tier 2,641826,4460,5220,760,0,Footwear,CoD,Morning,Android,6.2.0,Marketplace_3P,East,4.5,1,1081,9,1,0.111,26540,5,1,False,Returning,False
ORD1450696,U140420,2024-01-09 07:30:09,Tier 2,290441,2150,2770,620,0,Footwear,CoD,Morning,iOS,6.3.1,Marketplace_3P,West,13.5,1,1371,14,2,0.143,41550,5,2,False,Returning,False
ORD1072458,U141020,2024-01-09 08:41:10,Tier 1,184980,3370,3580,210,0,Footwear,Prepaid,Morning,Android,7.0.0,Marketplace_3P,Central,7.3,1,289,3,1,0.333,1560,2,1,False,Returning,False
ORD1242166,U181753,2024-01-09 16:35:25,Tier 1,302967,6050,7110,1060,0,Electronics,Prepaid,Afternoon,Android,6.3.1,Flagship_1P,West,2.3,1,1050,13,3,0.231,44360,3,2,False,Returning,False
ORD1312598,U121764,2024-01-09 17:38:10,Tier 1,787773,1710,1920,210,0,Beauty,Prepaid,Evening,Android,6.2.0,Marketplace_3P,West,3.6,1,1151,17,2,0.118,7800,11,2,False,Returning,False
ORD1038575,U178921,2024-01-09 18:05:16,Tier 2,428705,380,500,120,40,Beauty,Prepaid,Evening,iOS,6.4.0,Local_SmallSeller,North,6.6,1,390,3,2,0.667,10660,1,1,False,Returning,False
ORD1436827,U195413,2024-01-09 18:24:27,Tier 3,204146,420,440,20,40,Grocery,CoD,Evening,Android,6.2.0,Marketplace_3P,Central,15.4,1,204,3,1,0.333,7470,3,1,False,Returning,True
ORD1326395,U180813,2024-01-09 22:33:17,Tier 2,536066,1970,2160,190,0,Home & Kitchen,CoD,Late_Night,Android,6.4.0,Marketplace_3P,East,9.7,1,131,4,1,0.25,12790,2,1,False,Returning,False
ORD1416499,U201438,2024-01-10 01:06:52,Tier 1,706210,580,690,110,0,Beauty,Prepaid,Late_Night,Android,6.2.0,Marketplace_3P,South,2.1,1,1186,20,7,0.35,38850,16,7,False,Returning,False
ORD1110080,U175738,2024-01-10 02:52:33,Tier 2,375833,2330,2730,400,0,Electronics,CoD,Late_Night,iOS,6.2.0,Marketplace_3P,West,10.3,1,146,2,1,0.5,1440,1,1,False,Returning,False
ORD1416707,U163935,2024-01-10 06:42:04,Tier 1,238956,2890,3540,650,0,Home & Kitchen,Prepaid,Morning,Android,7.0.0,Marketplace_3P,West,1.9,1,74,2,0,0.0,3330,1,0,False,Returning,False
ORD1261765,U143530,2024-01-10 06:57:37,Tier 2,583633,570,700,130,0,Beauty,CoD,Morning,iOS,7.0.0,Marketplace_3P,East,18.1,1,607,7,0,0.0,8370,5,0,False,Returning,True
ORD1322236,U119744,2024-01-10 08:20:50,Tier 3,749696,5460,7100,1640,0,Mobiles,CoD,Morning,Android,6.3.1,Flagship_1P,Central,13.8,1,985,10,1,0.1,28940,7,1,False,Returning,False
ORD1370960,U136199,2024-01-10 08:56:08,Tier 1,485018,1210,1550,340,0,Fashion,Prepaid,Morning,Android,6.3.1,Marketplace_3P,East,7.5,1,78,2,0,0.0,950,1,0,False,Returning,False
ORD1036495,U185061,2024-01-10 11:06:07,Tier 1,371663,2670,2740,70,0,Electronics,CoD,Morning,Android,6.4.0,Flagship_1P,South,13.6,1,340,4,0,0.0,3740,2,0,False,Returning,False
ORD1392484,U137551,2024-01-10 14:15:55,Tier 1,393909,760,980,220,0,Fashion,CoD,Afternoon,Android,6.5.2,Marketplace_3P,South,3.9,1,1427,19,4,0.211,19880,5,3,False,Returning,False
ORD1045264,U168747,2024-01-10 15:12:35,Tier 2,462519,4340,5100,760,0,Home & Kitchen,Prepaid,Afternoon,Android,6.2.0,Local_SmallSeller,East,12.4,1,1144,15,1,0.067,44860,12,1,False,Returning,False
ORD1010979,U157140,2024-01-10 16:19:59,Tier 2,528013,600,680,80,0,Beauty,Prepaid,Afternoon,Android,7.0.0,Marketplace_3P,East,4.7,1,917,9,1,0.111,23990,5,1,False,Returning,False
ORD1080426,U206903,2024-01-10 19:24:20,Tier 1,583052,2860,2970,110,0,Home & Kitchen,Prepaid,Evening,iOS,7.0.0,Marketplace_3P,East,4.8,2,50,1,0,0.0,1030,1,0,True,New,False
ORD1450917,U104421,2024-01-10 20:13:13,Tier 2,352718,13870,14080,210,0,Appliances,CoD,Evening,Android,6.4.0,Marketplace_3P,South,15.3,1,1499,18,2,0.111,14690,11,2,False,Returning,False
ORD1382925,U100093,2024-01-10 20:39:06,Tier 1,191865,630,750,120,0,Grocery,CoD,Evening,Android,6.2.0,Marketplace_3P,East,9.0,1,581,7,2,0.286,9870,4,2,False,Returning,False
ORD1032987,U114131,2024-01-10 20:46:49,Tier 1,603659,1280,1340,60,0,Fashion,CoD,Evening,iOS,6.5.2,Marketplace_3P,Central,13.9,1,1323,13,4,0.308,16260,6,3,False,Returning,False
ORD1310683,U213541,2024-01-10 23:10:58,Tier 3,459624,17470,21410,3940,0,Electronics,Prepaid,Late_Night,Android,6.5.2,Marketplace_3P,Central,21.5,1,501,6,1,0.167,15690,2,1,False,Returning,False
ORD1019523,U140039,2024-01-11 01:55:56,Tier 3,507749,1150,1540,390,0,Fashion,CoD,Late_Night,Android,6.4.0,Marketplace_3P,Central,30.5,1,1405,13,0,0.0,5310,6,0,False,Returning,True
ORD1418857,U170992,2024-01-11 02:05:49,Tier 2,561022,1910,2390,480,0,Footwear,Prepaid,Late_Night,Android,6.3.1,Flagship_1P,North,8.0,1,384,4,1,0.25,5800,1,1,False,Returning,False
ORD1372519,U122129,2024-01-11 02:11:37,Tier 1,153643,5160,5320,160,0,Electronics,CoD,Late_Night,iOS,6.4.0,Marketplace_3P,East,9.5,1,78,2,0,0.0,4080,1,0,False,Returning,False
ORD1065234,U141963,2024-01-11 02:28:44,Tier 3,485910,2380,3070,690,0,Fashion,CoD,Late_Night,Android,6.3.1,Marketplace_3P,East,5.6,2,1088,9,2,0.222,20830,6,2,False,Returning,False
ORD1116310,U168847,2024-01-11 03:31:27,Tier 1,162933,970,1290,320,0,Beauty,Prepaid,Late_Night,Android,6.2.0,Marketplace_3P,West,1.9,2,453,5,0,0.0,1430,4,0,False,Returning,True
ORD1002406,U120598,2024-01-11 06:09:09,Tier 2,638938,3030,3900,870,0,Fashion,CoD,Morning,iOS,6.4.0,Local_SmallSeller,East,21.5,1,1481,14,6,0.429,14140,3,3,False,Returning,False
ORD1075841,U195337,2024-01-11 11:00:58,Tier 3,684895,1550,2070,520,0,Fashion,Prepaid,Morning,Android,7.0.0,Marketplace_3P,West,9.9,1,731,7,0,0.0,14000,3,0,False,Returning,False
ORD1256296,U104256,2024-01-11 14:32:00,Tier 3,549900,960,1090,130,0,Footwear,CoD,Afternoon,Android,6.2.0,Local_SmallSeller,South,20.5,1,491,7,3,0.429,19810,5,3,False,Returning,False
ORD1424663,U194365,2024-01-11 14:54:26,Tier 1,184144,1510,1520,10,0,Home & Kitchen,Prepaid,Afternoon,Android,7.0.0,Local_SmallSeller,West,5.7,1,941,13,4,0.308,7170,5,4,False,Returning,False
ORD1485965,U201101,2024-01-11 23:39:44,Tier 2,807391,1360,1710,350,0,Home & Kitchen,CoD,Late_Night,Android,6.3.1,Marketplace_3P,South,26.0,1,385,4,1,0.25,8830,2,1,False,Returning,False
ORD1370844,U169246,2024-01-12 00:57:35,Tier 3,166768,2910,3310,400,0,Home & Kitchen,CoD,Late_Night,Android,6.4.0,Marketplace_3P,East,10.3,1,708,8,2,0.25,13960,6,2,False,Returning,False
ORD1477800,U191942,2024-01-12 11:09:40,Tier 3,710806,1830,2100,270,0,Fashion,CoD,Morning,Android,6.4.0,Marketplace_3P,South,25.7,1,1375,19,0,0.0,24970,12,0,False,Returning,False
ORD1063185,U166624,2024-01-12 11:34:54,Tier 2,135818,9680,12500,2820,0,Mobiles,CoD,Morning,Android,7.0.0,Local_SmallSeller,East,7.8,1,1240,12,1,0.083,2860,3,1,False,Returning,False
ORD1153568,U110136,2024-01-12 12:50:31,Tier 3,724321,3550,3910,360,0,Electronics,CoD,Afternoon,Android,6.5.2,Marketplace_3P,Central,29.6,1,415,3,0,0.0,14970,2,0,False,Returning,False
ORD1382748,U113787,2024-01-12 15:15:05,Tier 2,348866,1390,1670,280,0,Fashion,CoD,Afternoon,Android,7.0.0,Local_SmallSeller,Central,1.7,1,334,5,2,0.4,2590,2,1,False,Returning,False
ORD1131496,U113884,2024-01-12 21:14:51,Tier 1,311477,680,780,100,0,Grocery,CoD,Evening,Android,6.5.2,Marketplace_3P,East,11.7,1,823,7,4,0.571,4970,3,2,False,Returning,False
ORD1404892,U183939,2024-01-12 23:09:49,Tier 2,134120,1630,1980,350,0,Fashion,CoD,Late_Night,Android,7.0.0,Flagship_1P,East,9.7,1,9,1,0,0.0,1750,0,0,True,New,False
ORD1350987,U115274,2024-01-13 00:22:06,Tier 1,412716,1130,1240,110,0,Beauty,Prepaid,Late_Night,Android,6.3.1,Flagship_1P,North,3.8,1,1423,19,3,0.158,13740,14,3,False,Returning,False
ORD1097016,U147963,2024-01-13 00:43:02,Tier 2,391968,1650,1720,70,0,Footwear,Prepaid,Late_Night,Android,6.3.1,Marketplace_3P,West,16.8,1,895,14,1,0.071,17380,11,1,False,Returning,False
ORD1241167,U162597,2024-01-13 00:54:34,Tier 1,437539,7950,9350,1400,0,Mobiles,Prepaid,Late_Night,Android,6.2.0,Marketplace_3P,North,16.5,1,472,5,2,0.4,8710,3,2,False,Returning,False
ORD1333102,U161832,2024-01-13 02:09:19,Tier 1,456961,1080,1410,330,0,Fashion,Prepaid,Late_Night,Android,6.5.2,Local_SmallSeller,North,3.9,1,503,5,1,0.2,6530,3,1,False,Returning,False
ORD1432580,U196058,2024-01-13 03:49:14,Tier 3,541267,1030,1140,110,0,Fashion,CoD,Late_Night,Android,7.0.0,Flagship_1P,West,51.3,2,107,3,1,0.333,1060,1,1,False,Returning,False
ORD1240851,U119532,2024-01-13 06:25:17,Tier 3,390036,2410,2820,410,0,Home & Kitchen,CoD,Morning,Android,6.2.0,Marketplace_3P,East,26.8,1,375,7,2,0.286,8710,4,2,False,Returning,True
ORD1086774,U169962,2024-01-13 08:09:29,Tier 2,148704,610,670,60,0,Fashion,CoD,Morning,Android,6.2.0,Marketplace_3P,North,13.1,3,1220,13,1,0.077,13570,4,1,False,Returning,False
ORD1425464,U217826,2024-01-13 10:42:48,Tier 1,531368,10190,12140,1950,0,Mobiles,Prepaid,Morning,Android,6.4.0,Marketplace_3P,North,14.0,2,1030,7,1,0.143,4140,3,1,False,Returning,False
ORD1401174,U215658,2024-01-13 11:34:52,Tier 2,188702,1000,1240,240,0,Footwear,CoD,Morning,Android,6.2.0,Marketplace_3P,North,9.8,1,630,6,1,0.167,3980,5,1,False,Returning,False
ORD1326970,U131994,2024-01-13 13:09:21,Tier 1,633059,760,920,160,0,Fashion,CoD,Afternoon,Android,6.3.1,Marketplace_3P,West,5.4,1,512,6,0,0.0,6020,3,0,False,Returning,False
ORD1143366,U166824,2024-01-13 13:54:14,Tier 2,623674,6040,6300,260,0,Mobiles,Prepaid,Afternoon,Android,6.2.0,Flagship_1P,Central,9.7,1,844,13,6,0.462,15800,5,3,False,Returning,False
ORD1144370,U190244,2024-01-13 16:14:24,Tier 1,521322,4620,4740,120,0,Electronics,CoD,Afternoon,Android,6.2.0,Marketplace_3P,West,11.7,1,1315,13,5,0.385,7000,7,4,False,Returning,False
ORD1024444,U144771,2024-01-13 18:15:46,Tier 2,770614,16980,21000,4020,0,Appliances,Prepaid,Evening,iOS,6.5.2,Marketplace_3P,North,19.1,1,632,11,2,0.182,33580,9,2,False,Returning,False
ORD1022283,U122633,2024-01-13 19:09:48,Tier 1,218671,2510,3340,830,0,Footwear,CoD,Evening,Android,6.2.0,Marketplace_3P,South,16.8,1,8,2,0,0.0,2800,1,0,False,Returning,False
ORD1008925,U102064,2024-01-13 20:35:12,Tier 1,237244,330,420,90,40,Grocery,Prepaid,Evening,Android,6.3.1,Marketplace_3P,Central,5.9,1,884,10,0,0.0,5330,3,0,False,Returning,False
ORD1018948,U115206,2024-01-13 22:00:38,Tier 2,575775,2020,2360,340,0,Fashion,Prepaid,Late_Night,Android,6.4.0,Local_SmallSeller,East,30.9,1,861,10,2,0.2,7270,3,2,False,Returning,False
ORD1407773,U157159,2024-01-13 22:20:19,Tier 2,496664,1950,2480,530,0,Beauty,Prepaid,Late_Night,iOS,6.3.1,Flagship_1P,East,28.2,1,1474,17,0,0.0,52240,10,0,False,Returning,False
ORD1066060,U160023,2024-01-13 23:11:20,Tier 3,759873,630,750,120,0,Beauty,Prepaid,Late_Night,Android,7.0.0,Marketplace_3P,East,3.5,1,818,10,2,0.2,44540,6,2,False,Returning,False
ORD1066966,U210723,2024-01-14 00:03:41,Tier 2,387735,2140,2480,340,0,Home & Kitchen,Prepaid,Late_Night,iOS,7.0.0,Marketplace_3P,South,16.3,2,404,5,1,0.2,5530,2,1,False,Returning,False
ORD1245190,U124005,2024-01-14 00:20:43,Tier 1,170836,1500,1690,190,0,Footwear,Prepaid,Late_Night,Android,6.3.1,Local_SmallSeller,South,6.8,1,415,3,1,0.333,2520,2,1,False,Returning,False
ORD1458648,U172003,2024-01-14 03:00:06,Tier 1,159927,750,950,200,0,Books,CoD,Late_Night,iOS,6.4.0,Flagship_1P,South,2.4,1,507,3,0,0.0,8720,3,0,False,Returning,False
ORD1152973,U170853,2024-01-14 03:09:21,Tier 2,277150,1600,1970,370,0,Books,Prepaid,Late_Night,iOS,6.3.1,Marketplace_3P,East,16.1,1,1354,8,2,0.25,27440,6,2,False,Returning,False
ORD1377027,U167751,2024-01-14 05:18:27,Tier 3,786135,350,370,20,40,Grocery,Prepaid,Morning,Android,6.4.0,Marketplace_3P,East,38.6,1,556,8,1,0.125,2590,4,1,False,Returning,False
ORD1468851,U212095,2024-01-14 05:43:14,Tier 2,840327,890,1080,190,0,Beauty,CoD,Morning,Android,6.3.1,Marketplace_3P,North,13.3,1,908,13,6,0.462,15300,6,6,False,Returning,False
ORD1499497,U160978,2024-01-14 08:55:38,Tier 2,641529,14600,18440,3840,0,Appliances,CoD,Morning,iOS,6.3.1,Flagship_1P,South,6.8,3,566,10,2,0.2,7310,6,2,False,Returning,False
ORD1394724,U114277,2024-01-14 09:42:25,Tier 1,577406,960,1120,160,0,Fashion,CoD,Morning,iOS,6.3.1,Local_SmallSeller,East,6.7,1,1205,14,6,0.429,6540,7,5,False,Returning,False
ORD1397106,U143446,2024-01-14 12:00:20,Tier 1,847662,1090,1450,360,0,Books,CoD,Afternoon,Android,6.5.2,Local_SmallSeller,East,1.3,1,1443,11,1,0.091,38630,7,1,False,Returning,False
ORD1149003,U105931,2024-01-14 13:43:01,Tier 2,368790,8370,11030,2660,0,Mobiles,CoD,Afternoon,Android,6.3.1,Flagship_1P,North,15.4,1,814,7,0,0.0,10160,3,0,False,Returning,False
ORD1495635,U212623,2024-01-14 20:41:51,Tier 1,122629,310,360,50,60,Books,CoD,Evening,Android,6.2.0,Marketplace_3P,Central,14.0,2,1059,10,3,0.3,5800,9,3,False,Returning,False
ORD1059138,U130637,2024-01-14 21:07:18,Tier 1,726043,1930,2330,400,0,Home & Kitchen,Prepaid,Evening,iOS,6.5.2,Marketplace_3P,South,7.8,1,488,9,1,0.111,8180,7,1,False,Returning,False
ORD1049285,U139735,2024-01-14 22:16:31,Tier 2,147653,13150,13620,470,0,Electronics,CoD,Late_Night,Android,6.2.0,Local_SmallSeller,East,6.5,1,183,1,0,0.0,1100,1,0,True,New,False
ORD1270335,U214715,2024-01-14 22:32:18,Tier 2,464821,930,1140,210,0,Footwear,CoD,Late_Night,Android,6.5.2,Flagship_1P,Central,22.2,1,1313,11,3,0.273,12200,4,3,False,Returning,False
ORD1356202,U216603,2024-01-15 04:48:39,Tier 2,137012,23700,24390,690,0,Mobiles,Prepaid,Late_Night,Android,6.5.2,Flagship_1P,West,11.7,3,1354,14,2,0.143,14530,6,2,False,Returning,False
ORD1453529,U122168,2024-01-15 06:51:20,Tier 2,233704,5130,6070,940,0,Electronics,Prepaid,Morning,Android,6.2.0,Flagship_1P,East,27.2,1,467,4,0,0.0,16260,3,0,False,Returning,False
ORD1424853,U161280,2024-01-15 11:12:17,Tier 3,747023,1050,1250,200,0,Home & Kitchen,Prepaid,Morning,Android,6.2.0,Local_SmallSeller,North,15.6,1,1392,10,1,0.1,6210,8,1,False,Returning,False
ORD1357827,U162673,2024-01-15 12:50:34,Tier 1,260726,2970,3310,340,0,Fashion,Prepaid,Afternoon,Android,6.5.2,Marketplace_3P,East,8.8,1,640,8,1,0.125,20840,7,1,False,Returning,False
ORD1070336,U158345,2024-01-15 12:54:29,Tier 2,523092,2970,3130,160,0,Fashion,Prepaid,Afternoon,iOS,7.0.0,Marketplace_3P,East,18.8,1,296,5,4,0.8,9890,2,1,False,Returning,False
ORD1423984,U172800,2024-01-15 14:51:25,Tier 1,421845,610,630,20,0,Books,Prepaid,Afternoon,Android,7.0.0,Flagship_1P,Central,0.4,3,659,8,0,0.0,10000,7,0,False,Returning,False
ORD1104868,U129747,2024-01-15 15:32:38,Tier 3,537441,5910,6100,190,0,Electronics,CoD,Afternoon,Android,6.4.0,Local_SmallSeller,South,4.3,1,318,6,0,0.0,1360,1,0,False,Returning,False
ORD1221047,U101641,2024-01-15 17:09:35,Tier 2,474665,2410,2430,20,0,Home & Kitchen,Prepaid,Evening,Android,6.5.2,Local_SmallSeller,North,1.0,1,76,1,0,0.0,780,1,0,True,New,False
ORD1085866,U210604,2024-01-15 17:49:59,Tier 2,474658,1660,1720,60,0,Home & Kitchen,Prepaid,Evening,Android,7.0.0,Marketplace_3P,West,3.3,2,1064,18,2,0.111,9290,13,2,False,Returning,False
ORD1138343,U182457,2024-01-15 19:06:11,Tier 1,709974,6470,7250,780,0,Electronics,CoD,Evening,iOS,6.5.2,Flagship_1P,East,13.2,1,984,13,3,0.231,9240,7,3,False,Returning,False
ORD1346792,U205240,2024-01-16 00:36:42,Tier 2,547632,220,280,60,60,Grocery,CoD,Late_Night,Android,6.5.2,Marketplace_3P,North,15.2,1,708,7,4,0.571,5240,6,4,False,Returning,True
ORD1173617,U210433,2024-01-16 02:07:41,Tier 2,851838,410,520,110,40,Grocery,CoD,Late_Night,Android,7.0.0,Local_SmallSeller,East,4.5,1,1287,18,0,0.0,79310,13,0,False,Returning,False
ORD1393312,U113635,2024-01-16 04:03:25,Tier 1,833025,7280,7960,680,0,Electronics,CoD,Late_Night,Android,6.2.0,Marketplace_3P,North,11.5,3,186,2,0,0.0,2970,1,0,False,Returning,False
ORD1225262,U151380,2024-01-16 04:15:27,Tier 3,481692,1730,1780,50,0,Fashion,Prepaid,Late_Night,Android,7.0.0,Marketplace_3P,West,10.8,1,693,3,1,0.333,1360,2,1,False,Returning,False
ORD1046494,U107124,2024-01-16 05:21:29,Tier 1,207891,1460,1920,460,0,Beauty,CoD,Morning,Android,7.0.0,Flagship_1P,South,0.6,1,114,1,0,0.0,1530,1,0,True,New,False
ORD1456613,U121001,2024-01-16 06:35:22,Tier 1,138021,2520,3360,840,0,Fashion,CoD,Morning,Android,6.5.2,Marketplace_3P,North,6.5,1,1060,9,2,0.222,2740,4,2,False,Returning,True
ORD1315173,U111368,2024-01-16 08:43:58,Tier 1,331763,620,810,190,0,Beauty,CoD,Morning,Android,6.2.0,Flagship_1P,South,4.7,1,631,7,2,0.286,30140,3,2,False,Returning,True
ORD1054323,U200202,2024-01-16 09:35:51,Tier 3,160271,3960,5300,1340,0,Electronics,CoD,Morning,Android,6.3.1,Marketplace_3P,East,7.5,1,842,8,0,0.0,11870,4,0,False,Returning,False
ORD1169119,U176868,2024-01-16 13:43:22,Tier 1,119715,6840,8490,1650,0,Electronics,CoD,Afternoon,Android,6.3.1,Local_SmallSeller,East,7.2,1,1166,13,4,0.308,8090,8,4,False,Returning,True
ORD1027472,U186801,2024-01-16 13:59:07,Tier 1,332452,1690,1980,290,0,Footwear,CoD,Afternoon,Android,6.3.1,Marketplace_3P,Central,16.2,1,1223,14,3,0.214,21170,9,3,False,Returning,False
ORD1448382,U218559,2024-01-16 18:29:17,Tier 3,123232,960,1160,200,0,Fashion,Prepaid,Evening,iOS,6.3.1,Local_SmallSeller,South,25.7,1,395,7,1,0.143,18380,3,1,False,Returning,False
ORD1256404,U133277,2024-01-16 18:30:51,Tier 2,225758,1340,1650,310,0,Fashion,Prepaid,Evening,Android,6.5.2,Marketplace_3P,West,19.3,1,353,7,1,0.143,5420,2,1,False,Returning,True
ORD1492870,U107802,2024-01-16 19:34:35,Tier 2,752418,6220,6230,10,0,Electronics,Prepaid,Evening,Android,6.5.2,Marketplace_3P,South,9.3,1,1215,21,3,0.143,35080,5,3,False,Returning,False
ORD1345771,U189848,2024-01-16 20:31:05,Tier 2,720599,2010,2550,540,0,Fashion,CoD,Evening,Android,6.3.1,Marketplace_3P,East,5.2,1,412,6,1,0.167,3210,2,1,False,Returning,True
ORD1432088,U165968,2024-01-17 00:12:59,Tier 3,487415,400,430,30,40,Books,CoD,Late_Night,Android,7.0.0,Marketplace_3P,East,21.0,3,46,1,0,0.0,1780,1,0,True,New,False
ORD1237003,U102224,2024-01-17 00:52:27,Tier 2,735488,1790,2000,210,0,Home & Kitchen,CoD,Late_Night,iOS,7.0.0,Local_SmallSeller,East,21.8,2,602,4,0,0.0,1950,2,0,False,Returning,False
ORD1423325,U211335,2024-01-17 02:05:06,Tier 2,350631,17600,20280,2680,0,Mobiles,CoD,Late_Night,iOS,6.5.2,Flagship_1P,South,7.1,1,765,9,0,0.0,2680,7,0,False,Returning,False
ORD1451601,U193468,2024-01-17 02:10:55,Tier 2,540328,3150,3890,740,0,Home & Kitchen,CoD,Late_Night,Android,6.2.0,Marketplace_3P,Central,3.7,1,1390,15,0,0.0,4150,5,0,False,Returning,False
ORD1268730,U195831,2024-01-17 03:30:13,Tier 2,605472,5540,5920,380,0,Electronics,CoD,Late_Night,Android,7.0.0,Flagship_1P,South,34.6,1,105,1,0,0.0,1360,1,0,True,New,False
ORD1234601,U202762,2024-01-17 07:29:44,Tier 3,280983,13840,17000,3160,0,Appliances,CoD,Morning,Android,6.3.1,Local_SmallSeller,South,5.3,1,771,13,5,0.385,14600,10,5,False,Returning,True
ORD1301896,U138614,2024-01-17 08:47:54,Tier 3,383835,21060,23220,2160,0,Mobiles,Prepaid,Morning,Android,6.2.0,Local_SmallSeller,Central,19.8,1,248,5,2,0.4,1310,1,1,False,Returning,False
ORD1452258,U218934,2024-01-17 10:17:53,Tier 3,290509,640,810,170,0,Beauty,Prepaid,Morning,Android,6.3.1,Flagship_1P,West,53.8,2,1325,15,3,0.2,11250,8,3,False,Returning,False
ORD1030685,U108551,2024-01-17 11:36:35,Tier 3,174860,680,820,140,0,Toys,Prepaid,Morning,Android,6.5.2,Marketplace_3P,East,7.3,2,762,9,4,0.444,11510,7,4,False,Returning,False
ORD1192188,U203870,2024-01-17 17:14:27,Tier 2,310238,11400,11550,150,0,Mobiles,CoD,Evening,Android,6.3.1,Marketplace_3P,East,33.3,1,956,13,4,0.308,25580,3,2,False,Returning,False
ORD1392861,U106374,2024-01-17 18:51:00,Tier 1,238795,2220,2470,250,0,Home & Kitchen,Prepaid,Evening,Android,6.4.0,Marketplace_3P,South,13.2,1,219,4,2,0.5,17370,3,2,False,Returning,False
ORD1138154,U216836,2024-01-17 20:24:06,Tier 1,473151,16670,20140,3470,0,Electronics,Prepaid,Evening,Android,7.0.0,Flagship_1P,Central,11.0,2,42,2,0,0.0,5710,1,0,False,Returning,False
ORD1398942,U171812,2024-01-17 20:48:27,Tier 1,617428,2440,2560,120,0,Footwear,Prepaid,Evening,Android,7.0.0,Local_SmallSeller,Central,17.8,1,640,6,2,0.333,6350,3,2,False,Returning,False
ORD1441191,U197933,2024-01-17 23:49:13,Tier 1,364027,790,1030,240,0,Toys,CoD,Late_Night,Android,6.2.0,Flagship_1P,West,4.7,1,1240,9,0,0.0,11770,4,0,False,Returning,False
ORD1024847,U200144,2024-01-18 01:02:45,Tier 1,232365,2380,3110,730,0,Fashion,Prepaid,Late_Night,Android,6.3.1,Flagship_1P,East,1.7,2,880,10,0,0.0,16520,3,0,False,Returning,False
ORD1296547,U103388,2024-01-18 03:05:11,Tier 3,340794,6310,6710,400,0,Appliances,CoD,Late_Night,Android,6.2.0,Flagship_1P,West,14.1,1,434,9,2,0.222,2500,7,2,False,Returning,False
ORD1135528,U178196,2024-01-18 04:46:06,Tier 1,803929,2560,2980,420,0,Home & Kitchen,CoD,Late_Night,iOS,6.3.1,Marketplace_3P,East,6.7,1,1491,15,4,0.267,830,7,4,False,Returning,False
ORD1236478,U162673,2024-01-18 05:56:02,Tier 2,703580,3790,4450,660,0,Electronics,CoD,Morning,Android,6.3.1,Local_SmallSeller,North,11.7,2,640,8,1,0.125,20840,7,1,False,Returning,False
ORD1094761,U175506,2024-01-18 07:22:48,Tier 2,528179,3520,4740,1220,0,Fashion,CoD,Morning,Android,6.3.1,Marketplace_3P,West,12.4,1,1283,17,0,0.0,29350,4,0,False,Returning,True
ORD1237759,U195814,2024-01-18 07:44:45,Tier 2,852513,2750,3490,740,0,Fashion,CoD,Morning,Android,7.0.0,Marketplace_3P,East,4.2,1,866,13,4,0.308,19220,4,3,False,Returning,False
ORD1335033,U129620,2024-01-18 09:17:33,Tier 1,332048,1490,1560,70,0,Fashion,Prepaid,Morning,iOS,6.3.1,Marketplace_3P,Central,4.1,1,1389,19,5,0.263,30450,13,5,False,Returning,False
ORD1211198,U174946,2024-01-18 09:54:12,Tier 1,158282,810,860,50,0,Beauty,Prepaid,Morning,Android,6.4.0,Local_SmallSeller,West,8.2,1,457,5,1,0.2,2180,3,1,False,Returning,False
ORD1473956,U211905,2024-01-18 11:02:55,Tier 3,393807,3520,4750,1230,0,Electronics,CoD,Morning,Android,7.0.0,Local_SmallSeller,West,18.2,2,77,2,0,0.0,4260,1,0,False,Returning,False
ORD1035632,U151577,2024-01-18 11:56:06,Tier 1,453607,12940,15860,2920,0,Mobiles,Prepaid,Morning,iOS,6.2.0,Local_SmallSeller,North,6.8,1,342,6,2,0.333,7590,1,1,False,Returning,False
ORD1300132,U136408,2024-01-18 14:00:09,Tier 2,766072,14970,19460,4490,0,Appliances,Prepaid,Afternoon,iOS,6.5.2,Flagship_1P,Central,22.1,1,20,1,0,0.0,1020,1,0,True,New,False
ORD1007884,U169674,2024-01-18 17:13:10,Tier 2,149951,6250,8130,1880,0,Appliances,CoD,Evening,iOS,7.0.0,Local_SmallSeller,West,11.6,2,432,9,0,0.0,23530,8,0,False,Returning,False
ORD1481044,U112119,2024-01-18 19:34:26,Tier 2,298527,10950,11340,390,0,Mobiles,CoD,Evening,Android,6.4.0,Local_SmallSeller,North,8.1,1,1110,8,4,0.5,22100,4,3,False,Returning,False
ORD1122084,U133321,2024-01-18 20:04:01,Tier 3,534850,2390,2830,440,0,Home & Kitchen,CoD,Evening,Android,7.0.0,Marketplace_3P,South,17.1,1,1119,20,4,0.2,4860,11,4,False,Returning,False
ORD1194203,U120393,2024-01-18 23:41:29,Tier 1,476321,910,960,50,0,Grocery,Prepaid,Late_Night,iOS,6.4.0,Marketplace_3P,North,11.3,1,643,10,1,0.1,31760,3,1,False,Returning,False
ORD1109392,U176386,2024-01-19 01:36:27,Tier 2,264778,4920,5280,360,0,Electronics,Prepaid,Late_Night,Android,6.2.0,Local_SmallSeller,West,6.2,1,1349,18,0,0.0,40110,15,0,False,Returning,False
ORD1339833,U130942,2024-01-19 01:43:31,Tier 1,305631,1260,1270,10,0,Fashion,Prepaid,Late_Night,iOS,6.4.0,Marketplace_3P,North,1.6,2,603,6,2,0.333,6330,2,1,False,Returning,False
ORD1213520,U110769,2024-01-19 04:33:31,Tier 1,397391,13330,16840,3510,0,Mobiles,CoD,Late_Night,Android,6.5.2,Flagship_1P,North,14.9,1,84,2,0,0.0,7770,1,0,False,Returning,False
ORD1309649,U184853,2024-01-19 05:58:34,Tier 3,340159,1130,1210,80,0,Toys,CoD,Morning,iOS,6.4.0,Local_SmallSeller,Central,15.3,1,4,1,1,1.0,3720,1,1,True,New,False
ORD1497724,U141719,2024-01-19 06:29:40,Tier 1,739866,250,320,70,60,Beauty,Prepaid,Morning,iOS,6.4.0,Marketplace_3P,South,2.1,1,1386,15,1,0.067,26630,11,1,False,Returning,False
ORD1149565,U120748,2024-01-19 09:17:27,Tier 2,232998,7720,7890,170,0,Electronics,Prepaid,Morning,Android,6.2.0,Marketplace_3P,South,10.1,1,1089,10,1,0.1,20090,6,1,False,Returning,False
ORD1402742,U141070,2024-01-19 11:52:59,Tier 1,297974,15000,15200,200,0,Mobiles,Prepaid,Morning,iOS,6.4.0,Flagship_1P,North,19.4,1,667,5,1,0.2,22070,1,1,False,Returning,False
ORD1079825,U162924,2024-01-19 13:29:03,Tier 2,777590,5690,5810,120,0,Mobiles,Prepaid,Afternoon,iOS,6.5.2,Marketplace_3P,Central,19.9,1,846,10,3,0.3,2630,6,3,False,Returning,False
ORD1088403,U115120,2024-01-19 13:41:10,Tier 3,209011,1250,1650,400,0,Footwear,CoD,Afternoon,Android,6.2.0,Marketplace_3P,Central,28.9,1,1371,15,5,0.333,27580,12,5,False,Returning,False
ORD1230702,U106088,2024-01-19 14:27:20,Tier 3,559658,800,860,60,0,Grocery,Prepaid,Afternoon,Android,7.0.0,Local_SmallSeller,Central,18.8,1,584,7,1,0.143,6470,2,1,False,Returning,False
ORD1348169,U176792,2024-01-19 15:45:11,Tier 2,140245,3420,4280,860,0,Home & Kitchen,Prepaid,Afternoon,Android,6.2.0,Local_SmallSeller,Central,10.8,2,939,17,0,0.0,4450,6,0,False,Returning,False
ORD1230972,U151343,2024-01-19 16:15:35,Tier 2,581806,1430,1440,10,0,Fashion,Prepaid,Afternoon,Android,6.2.0,Marketplace_3P,South,5.9,1,205,4,2,0.5,7640,2,1,False,Returning,False
ORD1396012,U219752,2024-01-19 19:02:33,Tier 1,112016,15510,19490,3980,0,Appliances,CoD,Evening,iOS,6.3.1,Flagship_1P,South,3.3,2,830,13,2,0.154,23500,4,2,False,Returning,False
ORD1003193,U140410,2024-01-19 23:05:17,Tier 2,280433,3150,3460,310,0,Fashion,CoD,Late_Night,iOS,6.2.0,Marketplace_3P,South,14.7,1,1180,15,2,0.133,5820,6,2,False,Returning,False
ORD1122077,U216428,2024-01-20 02:30:08,Tier 1,303553,560,630,70,0,Grocery,CoD,Late_Night,Android,6.4.0,Marketplace_3P,South,8.0,2,1310,17,2,0.118,18840,8,2,False,Returning,False
ORD1300587,U205780,2024-01-20 03:39:10,Tier 2,457997,1340,1510,170,0,Beauty,CoD,Late_Night,Android,6.5.2,Marketplace_3P,West,7.6,3,883,13,2,0.154,33880,8,2,False,Returning,False
ORD1367448,U217591,2024-01-20 06:32:43,Tier 2,500339,1340,1480,140,0,Beauty,CoD,Morning,Android,6.5.2,Local_SmallSeller,Central,13.5,2,1079,12,1,0.083,2000,7,1,False,Returning,True
ORD1085381,U187130,2024-01-20 13:09:13,Tier 2,375846,15410,19580,4170,0,Mobiles,CoD,Afternoon,Android,6.2.0,Local_SmallSeller,North,17.2,1,1084,14,1,0.071,35630,6,1,False,Returning,False
ORD1481030,U165642,2024-01-20 13:41:14,Tier 1,605813,14730,16310,1580,0,Mobiles,Prepaid,Afternoon,iOS,6.2.0,Marketplace_3P,North,7.9,1,423,7,3,0.429,3540,6,3,False,Returning,False
ORD1267494,U204940,2024-01-20 14:18:33,Tier 1,717580,520,660,140,0,Grocery,CoD,Afternoon,iOS,7.0.0,Marketplace_3P,Central,11.7,1,950,9,0,0.0,14640,8,0,False,Returning,False
ORD1255525,U150574,2024-01-20 14:34:06,Tier 1,644440,300,400,100,40,Grocery,Prepaid,Afternoon,Android,6.5.2,Flagship_1P,West,3.7,1,1223,20,5,0.25,19650,13,5,False,Returning,False
ORD1462845,U202105,2024-01-20 19:10:26,Tier 3,159175,1740,1850,110,0,Fashion,CoD,Evening,Android,7.0.0,Local_SmallSeller,North,12.4,1,777,10,1,0.1,7130,6,1,False,Returning,False
ORD1377369,U106374,2024-01-20 20:17:45,Tier 2,111267,1390,1700,310,0,Beauty,Prepaid,Evening,Android,6.2.0,Marketplace_3P,South,8.6,2,219,4,2,0.5,17370,3,2,False,Returning,False
ORD1144695,U123368,2024-01-20 20:43:18,Tier 2,601654,1540,1620,80,0,Fashion,Prepaid,Evening,iOS,6.3.1,Local_SmallSeller,South,8.2,1,1266,19,2,0.105,35070,9,2,False,Returning,False
ORD1375603,U213439,2024-01-20 21:40:27,Tier 2,760026,2010,2550,540,0,Home & Kitchen,Prepaid,Evening,Android,6.4.0,Marketplace_3P,West,3.8,1,173,4,1,0.25,9230,3,1,False,Returning,False
ORD1046210,U193688,2024-01-20 23:58:56,Tier 2,302597,3150,3530,380,0,Fashion,CoD,Late_Night,Android,6.2.0,Marketplace_3P,West,11.7,1,701,9,2,0.222,14850,7,2,False,Returning,False
ORD1269419,U156694,2024-01-21 00:58:53,Tier 3,621278,4560,5710,1150,0,Home & Kitchen,CoD,Late_Night,Android,6.3.1,Flagship_1P,East,23.9,1,510,6,2,0.333,23150,4,2,False,Returning,True
ORD1147811,U104191,2024-01-21 03:10:33,Tier 3,114920,2410,2610,200,0,Fashion,Prepaid,Late_Night,Android,6.2.0,Marketplace_3P,North,6.4,3,514,3,0,0.0,4590,1,0,False,Returning,True
ORD1218470,U145346,2024-01-21 05:37:51,Tier 3,312196,1900,2230,330,0,Fashion,CoD,Morning,Android,6.3.1,Marketplace_3P,West,38.1,1,1112,13,0,0.0,32650,9,0,False,Returning,False
ORD1034469,U145716,2024-01-21 10:02:25,Tier 1,610785,910,1050,140,0,Beauty,Prepaid,Morning,iOS,6.2.0,Flagship_1P,East,5.6,1,1134,18,7,0.389,43140,10,7,False,Returning,False
ORD1359019,U185191,2024-01-21 13:08:53,Tier 2,334858,5080,5270,190,0,Home & Kitchen,Prepaid,Afternoon,Android,7.0.0,Marketplace_3P,East,27.2,1,17,1,0,0.0,2150,1,0,True,New,False
ORD1038959,U129062,2024-01-21 14:39:35,Tier 2,295128,11270,14400,3130,0,Mobiles,CoD,Afternoon,Android,6.2.0,Local_SmallSeller,Central,6.6,2,145,3,0,0.0,6940,1,0,False,Returning,False
ORD1272053,U191639,2024-01-21 14:56:49,Tier 1,836864,2170,2390,220,0,Footwear,CoD,Afternoon,iOS,6.4.0,Flagship_1P,East,4.3,1,808,12,0,0.0,13130,6,0,False,Returning,True
ORD1143089,U159358,2024-01-21 18:47:50,Tier 3,284479,4580,4680,100,0,Electronics,CoD,Evening,iOS,6.3.1,Marketplace_3P,South,10.4,1,819,10,3,0.3,4590,2,2,False,Returning,False
ORD1321020,U141400,2024-01-21 23:21:57,Tier 3,189054,290,360,70,60,Books,CoD,Late_Night,Android,6.5.2,Marketplace_3P,West,10.7,1,1393,18,4,0.222,68890,13,4,False,Returning,False
ORD1435520,U111684,2024-01-21 23:46:55,Tier 1,228998,2020,2580,560,0,Home & Kitchen,CoD,Late_Night,Android,6.2.0,Flagship_1P,South,5.4,1,406,5,0,0.0,13690,4,0,False,Returning,False
ORD1288474,U209625,2024-01-22 00:52:51,Tier 2,621685,670,680,10,0,Toys,Prepaid,Late_Night,Android,6.3.1,Marketplace_3P,West,4.5,1,422,2,0,0.0,2610,1,0,False,Returning,False
ORD1240805,U150304,2024-01-22 01:06:12,Tier 1,628917,680,880,200,0,Toys,Prepaid,Late_Night,Android,6.4.0,Marketplace_3P,North,5.9,1,722,8,4,0.5,14260,5,4,False,Returning,False
ORD1338671,U207989,2024-01-22 03:19:35,Tier 3,138553,970,1250,280,0,Beauty,CoD,Late_Night,Android,6.4.0,Marketplace_3P,Central,15.3,3,301,1,0,0.0,1940,0,0,True,New,False
ORD1497505,U181896,2024-01-22 07:05:51,Tier 2,601330,610,620,10,0,Grocery,CoD,Morning,Android,7.0.0,Flagship_1P,West,2.9,1,388,7,0,0.0,22130,4,0,False,Returning,False
ORD1298629,U210586,2024-01-22 07:27:06,Tier 2,266660,2740,3150,410,0,Home & Kitchen,Prepaid,Morning,Android,6.3.1,Local_SmallSeller,South,8.2,1,636,3,0,0.0,3270,1,0,False,Returning,False
ORD1391960,U194187,2024-01-22 08:22:02,Tier 1,314953,2130,2750,620,0,Fashion,Prepaid,Morning,Android,7.0.0,Local_SmallSeller,South,6.8,1,321,1,0,0.0,4120,1,0,True,New,False
ORD1329073,U109889,2024-01-22 08:32:26,Tier 1,693841,870,930,60,0,Toys,Prepaid,Morning,iOS,6.3.1,Marketplace_3P,Central,3.4,2,832,7,6,0.857,5580,6,4,False,Returning,False
ORD1020584,U135460,2024-01-22 08:47:11,Tier 2,170131,7760,8220,460,0,Appliances,Prepaid,Morning,Android,6.3.1,Marketplace_3P,East,16.2,1,602,8,3,0.375,26410,5,3,False,Returning,True
ORD1456728,U178420,2024-01-22 12:21:46,Tier 3,490899,880,1090,210,0,Fashion,Prepaid,Afternoon,Android,6.4.0,Flagship_1P,North,23.3,2,391,3,2,0.667,4290,1,1,False,Returning,False
ORD1445321,U125777,2024-01-22 12:30:21,Tier 2,805465,1100,1190,90,0,Beauty,CoD,Afternoon,Android,6.2.0,Local_SmallSeller,West,18.9,1,857,10,4,0.4,24620,7,4,False,Returning,False
ORD1314207,U212335,2024-01-22 14:37:35,Tier 2,185984,1160,1230,70,0,Home & Kitchen,Prepaid,Afternoon,iOS,6.2.0,Local_SmallSeller,North,7.0,1,1433,17,5,0.294,10320,13,5,False,Returning,False
ORD1170978,U164873,2024-01-22 15:25:22,Tier 2,850862,2050,2320,270,0,Grocery,CoD,Afternoon,Android,6.4.0,Marketplace_3P,South,13.6,1,529,4,1,0.25,7420,3,1,False,Returning,False
ORD1013859,U160027,2024-01-22 16:52:43,Tier 3,763056,4910,4970,60,0,Electronics,Prepaid,Afternoon,Android,6.5.2,Flagship_1P,West,31.8,1,712,10,4,0.4,5680,4,4,False,Returning,False
ORD1375047,U191957,2024-01-22 18:31:48,Tier 2,647024,990,1180,190,0,Beauty,CoD,Evening,iOS,7.0.0,Local_SmallSeller,Central,6.6,1,770,12,2,0.167,15270,5,2,False,Returning,False
ORD1330899,U200534,2024-01-22 20:03:32,Tier 1,748668,2950,3630,680,0,Home & Kitchen,Prepaid,Evening,Android,7.0.0,Flagship_1P,Central,1.6,1,1321,11,3,0.273,16800,6,3,False,Returning,False
ORD1081701,U168251,2024-01-22 20:30:00,Tier 2,401630,1330,1690,360,0,Footwear,CoD,Evening,Android,6.5.2,Marketplace_3P,East,23.5,1,1442,18,7,0.389,5200,13,7,False,Returning,True
ORD1219442,U214970,2024-01-22 21:28:06,Tier 2,399426,400,410,10,40,Fashion,Prepaid,Evening,Android,6.4.0,Flagship_1P,Central,7.6,1,329,6,1,0.167,6810,2,1,False,Returning,False
ORD1118645,U181218,2024-01-23 04:24:21,Tier 3,358826,6450,7710,1260,0,Electronics,Prepaid,Late_Night,iOS,6.3.1,Flagship_1P,East,15.5,2,553,15,2,0.133,6440,10,2,False,Returning,False
ORD1025061,U164321,2024-01-23 06:46:48,Tier 1,597001,1290,1680,390,0,Footwear,Prepaid,Morning,Android,6.5.2,Marketplace_3P,South,6.4,1,674,7,2,0.286,8610,6,2,False,Returning,False
ORD1166686,U122985,2024-01-23 08:17:11,Tier 1,783256,1890,2000,110,0,Beauty,Prepaid,Morning,Android,6.4.0,Local_SmallSeller,North,6.0,1,1463,16,3,0.188,25020,7,3,False,Returning,False
ORD1162112,U125748,2024-01-23 11:07:13,Tier 3,655879,1660,1670,10,0,Home & Kitchen,Prepaid,Morning,Android,7.0.0,Marketplace_3P,East,47.7,1,544,10,0,0.0,22480,6,0,False,Returning,False
ORD1036766,U112304,2024-01-23 12:02:46,Tier 3,318931,490,630,140,40,Fashion,Prepaid,Afternoon,Android,6.4.0,Marketplace_3P,West,10.7,1,538,6,0,0.0,8320,2,0,False,Returning,False
ORD1132649,U180002,2024-01-23 12:06:23,Tier 3,181662,2810,3080,270,0,Footwear,CoD,Afternoon,iOS,6.4.0,Local_SmallSeller,West,19.1,1,182,1,1,1.0,1010,0,0,True,New,True
ORD1127885,U208229,2024-01-23 14:21:52,Tier 3,417397,5330,5780,450,0,Appliances,CoD,Afternoon,Android,7.0.0,Local_SmallSeller,South,28.5,1,1467,11,5,0.455,9620,8,5,False,Returning,True
ORD1344906,U163650,2024-01-23 14:46:44,Tier 2,551421,1290,1400,110,0,Fashion,CoD,Afternoon,Android,6.5.2,Flagship_1P,South,32.4,1,563,6,1,0.167,17570,5,1,False,Returning,False
ORD1036923,U195941,2024-01-23 14:57:00,Tier 1,651715,340,390,50,40,Books,Prepaid,Afternoon,iOS,6.4.0,Flagship_1P,North,4.7,1,438,6,2,0.333,5340,4,2,False,Returning,False
ORD1011042,U136501,2024-01-23 15:11:33,Tier 2,774133,7950,9270,1320,0,Appliances,CoD,Afternoon,Android,6.5.2,Local_SmallSeller,East,29.7,1,1069,14,1,0.071,8520,6,1,False,Returning,False
ORD1498622,U151009,2024-01-23 20:35:36,Tier 2,646791,15250,15480,230,0,Mobiles,Prepaid,Evening,iOS,7.0.0,Flagship_1P,East,42.0,2,1203,15,4,0.267,31540,6,4,False,Returning,False
ORD1235738,U176232,2024-01-23 22:27:16,Tier 2,318442,8130,10300,2170,0,Appliances,Prepaid,Late_Night,Android,6.3.1,Marketplace_3P,North,3.2,1,1349,12,0,0.0,47230,6,0,False,Returning,False
ORD1141663,U133098,2024-01-24 03:22:21,Tier 3,389419,1080,1350,270,0,Home & Kitchen,CoD,Late_Night,Android,6.4.0,Marketplace_3P,North,15.2,1,717,7,0,0.0,8950,5,0,False,Returning,True
ORD1395319,U218731,2024-01-24 03:32:58,Tier 1,709721,520,670,150,0,Toys,Prepaid,Late_Night,Android,6.4.0,Local_SmallSeller,South,2.6,1,387,6,1,0.167,4170,4,1,False,Returning,False
ORD1131020,U178709,2024-01-24 03:53:48,Tier 1,817255,2220,2700,480,0,Fashion,CoD,Late_Night,Android,6.5.2,Marketplace_3P,North,20.6,1,47,2,0,0.0,4100,1,0,False,Returning,False
ORD1008850,U119045,2024-01-24 05:24:21,Tier 1,849199,390,470,80,40,Grocery,CoD,Morning,Android,6.5.2,Marketplace_3P,North,3.4,1,1226,13,1,0.077,29460,8,1,False,Returning,False
ORD1303380,U210315,2024-01-24 06:11:58,Tier 2,678016,1970,2110,140,0,Footwear,Prepaid,Morning,Android,6.5.2,Flagship_1P,South,5.8,1,279,4,1,0.25,6650,3,1,False,Returning,False
ORD1322892,U169240,2024-01-24 06:45:52,Tier 3,121205,6020,7410,1390,0,Appliances,CoD,Morning,iOS,6.2.0,Marketplace_3P,South,5.0,1,829,13,5,0.385,45250,4,2,False,Returning,False
ORD1441984,U135753,2024-01-24 07:11:55,Tier 2,559283,11700,13970,2270,0,Electronics,Prepaid,Morning,iOS,6.4.0,Marketplace_3P,Central,21.9,3,933,12,1,0.083,8880,9,1,False,Returning,False
ORD1132323,U187528,2024-01-24 08:36:01,Tier 2,411507,1200,1220,20,0,Toys,Prepaid,Morning,iOS,7.0.0,Flagship_1P,South,12.2,1,1458,21,10,0.476,25420,14,8,False,Returning,False
ORD1306543,U208150,2024-01-24 11:29:43,Tier 2,661304,2970,3650,680,0,Electronics,Prepaid,Morning,Android,7.0.0,Flagship_1P,West,12.1,1,1290,27,8,0.296,15560,13,8,False,Returning,True
ORD1159295,U115418,2024-01-24 12:24:52,Tier 2,437432,9860,9950,90,0,Appliances,CoD,Afternoon,Android,6.5.2,Local_SmallSeller,South,29.3,1,999,11,0,0.0,18990,5,0,False,Returning,False
ORD1220191,U108970,2024-01-24 13:21:56,Tier 1,335592,910,980,70,0,Beauty,Prepaid,Afternoon,Android,6.5.2,Marketplace_3P,South,16.2,2,421,7,4,0.571,19720,5,4,False,Returning,False
ORD1268574,U167596,2024-01-24 15:29:44,Tier 3,557305,670,810,140,0,Beauty,CoD,Afternoon,Android,6.5.2,Marketplace_3P,East,21.8,2,52,1,0,0.0,1700,0,0,True,New,False
ORD1083710,U180895,2024-01-24 17:32:50,Tier 2,656244,1800,2020,220,0,Footwear,Prepaid,Evening,Android,6.2.0,Local_SmallSeller,North,6.7,1,421,8,1,0.125,27950,7,1,False,Returning,False
ORD1425037,U213979,2024-01-24 18:03:19,Tier 2,217606,1300,1650,350,0,Fashion,CoD,Evening,Android,6.3.1,Marketplace_3P,North,12.0,1,629,13,3,0.231,1500,6,3,False,Returning,False
ORD1295675,U108783,2024-01-24 19:08:13,Tier 1,315142,8610,8910,300,0,Mobiles,CoD,Evening,Android,6.5.2,Marketplace_3P,Central,23.3,1,396,4,0,0.0,4770,2,0,False,Returning,False
ORD1317199,U166955,2024-01-24 19:53:41,Tier 3,163648,1960,2520,560,0,Home & Kitchen,CoD,Evening,iOS,7.0.0,Local_SmallSeller,West,13.5,1,1046,13,1,0.077,13540,4,1,False,Returning,False
ORD1301348,U203971,2024-01-24 22:29:57,Tier 2,756398,1720,1960,240,0,Books,CoD,Late_Night,iOS,6.3.1,Flagship_1P,Central,2.2,1,534,5,0,0.0,3730,4,0,False,Returning,False
ORD1047883,U195828,2024-01-24 22:30:14,Tier 2,499858,1160,1550,390,0,Fashion,Prepaid,Late_Night,Android,6.3.1,Marketplace_3P,Central,18.6,1,1469,16,3,0.188,53590,6,3,False,Returning,False
ORD1479026,U139518,2024-01-25 00:36:03,Tier 1,423779,430,480,50,40,Fashion,Prepaid,Late_Night,Android,6.4.0,Marketplace_3P,West,10.0,2,825,15,0,0.0,35450,5,0,False,Returning,False
ORD1145959,U201244,2024-01-25 01:11:35,Tier 1,470079,2660,2820,160,0,Fashion,Prepaid,Late_Night,Android,7.0.0,Flagship_1P,West,5.7,2,1401,17,4,0.235,39410,14,4,False,Returning,False
ORD1191219,U177690,2024-01-25 02:43:05,Tier 2,656910,18370,23050,4680,0,Mobiles,CoD,Late_Night,Android,6.4.0,Marketplace_3P,South,5.4,1,1178,19,8,0.421,32780,17,8,False,Returning,False
ORD1072434,U165991,2024-01-25 06:22:44,Tier 3,741640,11600,13910,2310,0,Electronics,CoD,Morning,Android,6.3.1,Marketplace_3P,West,22.7,1,39,1,0,0.0,1450,0,0,True,New,False
ORD1319914,U104077,2024-01-25 12:15:45,Tier 2,723433,1250,1420,170,0,Toys,Prepaid,Afternoon,Android,6.3.1,Marketplace_3P,West,9.2,1,902,12,3,0.25,4890,10,3,False,Returning,False
ORD1196540,U210128,2024-01-25 12:58:14,Tier 1,177814,150,190,40,60,Books,Prepaid,Afternoon,iOS,7.0.0,Local_SmallSeller,North,11.4,1,198,1,0,0.0,430,1,0,True,New,False
ORD1107841,U152590,2024-01-25 13:07:49,Tier 3,372649,790,960,170,0,Home & Kitchen,CoD,Afternoon,Android,6.5.2,Flagship_1P,North,31.0,1,1073,13,3,0.231,4950,9,3,False,Returning,False
ORD1372424,U108273,2024-01-25 13:41:09,Tier 2,830046,580,730,150,0,Grocery,CoD,Afternoon,Android,6.4.0,Marketplace_3P,East,20.2,1,119,1,0,0.0,2550,1,0,True,New,False
ORD1327159,U141312,2024-01-25 16:59:03,Tier 3,546040,1030,1140,110,0,Beauty,CoD,Afternoon,Android,6.5.2,Marketplace_3P,Central,42.2,1,1170,18,7,0.389,25210,12,7,False,Returning,False
ORD1338764,U195057,2024-01-25 18:43:42,Tier 2,849907,1150,1240,90,0,Footwear,CoD,Evening,Android,6.3.1,Marketplace_3P,West,20.1,1,363,3,2,0.667,3950,1,1,False,Returning,False
ORD1378436,U211408,2024-01-25 19:23:32,Tier 2,305693,480,640,160,40,Books,CoD,Evening,iOS,7.0.0,Flagship_1P,West,13.6,1,103,1,0,0.0,2030,0,0,True,New,False
ORD1387906,U164900,2024-01-25 19:34:32,Tier 3,533889,1090,1180,90,0,Grocery,CoD,Evening,Android,6.4.0,Marketplace_3P,Central,32.2,2,638,9,1,0.111,15300,2,1,False,Returning,False
ORD1471351,U134614,2024-01-25 19:49:55,Tier 2,532308,2300,2730,430,0,Electronics,CoD,Evening,Android,6.4.0,Marketplace_3P,South,3.8,1,1439,25,12,0.48,12170,22,12,False,Returning,False
ORD1318613,U160847,2024-01-25 19:58:59,Tier 3,564392,1860,2090,230,0,Fashion,CoD,Evening,Android,6.2.0,Flagship_1P,East,56.8,1,1117,14,0,0.0,39930,11,0,False,Returning,False
ORD1191856,U195109,2024-01-25 22:52:16,Tier 3,536955,1180,1350,170,0,Footwear,CoD,Late_Night,Android,6.4.0,Local_SmallSeller,North,60.4,1,649,7,6,0.857,14990,6,4,False,Returning,False
ORD1223517,U183612,2024-01-25 23:08:15,Tier 2,708486,620,710,90,0,Footwear,CoD,Late_Night,Android,6.2.0,Local_SmallSeller,North,7.2,2,233,3,1,0.333,4580,2,1,False,Returning,False
ORD1114594,U147909,2024-01-26 01:12:09,Tier 3,731126,4970,5640,670,0,Electronics,CoD,Late_Night,iOS,7.0.0,Marketplace_3P,West,46.2,2,1148,16,1,0.062,46530,8,1,False,Returning,False
ORD1388459,U191489,2024-01-26 01:43:06,Tier 2,645018,2100,2380,280,0,Footwear,Prepaid,Late_Night,Android,6.3.1,Marketplace_3P,East,4.8,1,826,20,4,0.2,33350,9,4,False,Returning,False
ORD1162303,U173235,2024-01-26 04:11:06,Tier 3,760888,9930,10250,320,0,Appliances,CoD,Late_Night,Android,6.2.0,Marketplace_3P,Central,9.0,2,1112,19,1,0.053,45500,5,1,False,Returning,False
ORD1432365,U112136,2024-01-26 04:20:37,Tier 2,248219,2830,2850,20,0,Footwear,CoD,Late_Night,Android,6.4.0,Marketplace_3P,West,13.5,1,433,7,0,0.0,5470,6,0,False,Returning,False
ORD1240572,U131639,2024-01-26 08:02:40,Tier 2,275932,20850,27230,6380,0,Appliances,CoD,Morning,Android,6.2.0,Marketplace_3P,North,10.7,1,208,2,0,0.0,280,1,0,False,Returning,False
ORD1219662,U147660,2024-01-26 08:15:55,Tier 3,169432,500,630,130,0,Toys,CoD,Morning,iOS,6.5.2,Flagship_1P,East,7.9,1,254,3,0,0.0,340,2,0,False,Returning,False
ORD1066143,U219725,2024-01-26 08:24:59,Tier 2,524384,2230,2350,120,0,Fashion,Prepaid,Morning,Android,7.0.0,Flagship_1P,North,13.4,2,593,10,0,0.0,11600,8,0,False,Returning,False
ORD1401352,U101976,2024-01-26 09:09:47,Tier 2,841493,12720,14710,1990,0,Electronics,CoD,Morning,Android,6.5.2,Marketplace_3P,South,12.1,1,1397,19,4,0.211,84200,14,4,False,Returning,False
ORD1301487,U128448,2024-01-26 09:24:53,Tier 3,424349,1530,2030,500,0,Home & Kitchen,Prepaid,Morning,iOS,6.4.0,Marketplace_3P,Central,26.7,1,635,3,1,0.333,6700,2,1,False,Returning,False
ORD1209534,U114461,2024-01-26 09:57:03,Tier 1,355870,1430,1630,200,0,Footwear,CoD,Morning,Android,6.3.1,Marketplace_3P,Central,5.3,2,144,2,0,0.0,2870,1,0,False,Returning,True
ORD1119035,U106374,2024-01-26 11:58:27,Tier 1,601784,1610,2000,390,0,Home & Kitchen,CoD,Morning,Android,6.2.0,Marketplace_3P,Central,20.3,3,219,4,2,0.5,17370,3,2,False,Returning,True
ORD1096860,U125271,2024-01-26 15:55:46,Tier 1,727372,350,470,120,40,Toys,Prepaid,Afternoon,Android,6.2.0,Flagship_1P,East,10.2,2,1036,17,6,0.353,24640,11,6,False,Returning,False
ORD1256019,U199483,2024-01-26 17:30:26,Tier 2,843365,7180,7990,810,0,Electronics,Prepaid,Evening,Android,6.3.1,Local_SmallSeller,West,31.7,2,1204,16,3,0.188,56780,5,3,False,Returning,False
ORD1097625,U100969,2024-01-26 19:36:12,Tier 2,796400,2280,2360,80,0,Home & Kitchen,CoD,Evening,Android,6.4.0,Marketplace_3P,North,14.6,2,55,3,0,0.0,4050,1,0,False,Returning,False
ORD1432076,U158578,2024-01-26 19:47:20,Tier 3,806628,4410,5470,1060,0,Electronics,CoD,Evening,Android,6.4.0,Marketplace_3P,North,37.9,1,753,8,1,0.125,11870,2,1,False,Returning,False
ORD1386127,U180577,2024-01-27 02:20:47,Tier 2,464734,400,480,80,60,Beauty,CoD,Late_Night,Android,7.0.0,Marketplace_3P,South,24.1,1,1001,8,2,0.25,1640,6,2,False,Returning,True
ORD1165255,U188127,2024-01-27 03:35:52,Tier 1,265116,870,1040,170,0,Beauty,Prepaid,Late_Night,Android,7.0.0,Marketplace_3P,North,2.9,1,1315,12,0,0.0,36560,3,0,False,Returning,False
ORD1083198,U187381,2024-01-27 06:34:35,Tier 3,675767,19280,23740,4460,0,Mobiles,CoD,Morning,Android,6.2.0,Marketplace_3P,West,8.6,2,861,13,7,0.538,13000,11,7,False,Returning,False
ORD1477421,U103712,2024-01-27 13:58:25,Tier 2,797433,4260,4890,630,0,Electronics,Prepaid,Afternoon,iOS,7.0.0,Marketplace_3P,Central,22.4,1,1210,12,0,0.0,51620,7,0,False,Returning,False
ORD1460422,U211510,2024-01-27 15:58:47,Tier 1,782515,10400,11430,1030,0,Mobiles,CoD,Afternoon,Android,7.0.0,Marketplace_3P,South,13.2,1,444,9,6,0.667,8460,2,2,False,Returning,False
ORD1254543,U112675,2024-01-27 20:25:36,Tier 2,520027,9330,10050,720,0,Electronics,CoD,Evening,Android,6.2.0,Marketplace_3P,East,9.2,1,690,8,1,0.125,10300,4,1,False,Returning,False
ORD1003289,U112919,2024-01-27 21:38:10,Tier 3,598795,1190,1340,150,0,Fashion,CoD,Evening,Android,6.2.0,Local_SmallSeller,South,3.2,1,1381,19,3,0.158,76800,10,3,False,Returning,False
ORD1359288,U198326,2024-01-27 23:39:16,Tier 1,469208,1240,1340,100,0,Beauty,CoD,Late_Night,Android,6.2.0,Marketplace_3P,West,3.2,1,1176,16,1,0.062,41900,6,1,False,Returning,False
ORD1035148,U101194,2024-01-28 00:15:01,Tier 1,773436,1030,1330,300,0,Fashion,Prepaid,Late_Night,Android,6.4.0,Marketplace_3P,South,3.8,1,789,4,0,0.0,2170,2,0,False,Returning,False
ORD1216932,U117122,2024-01-28 02:49:17,Tier 2,622129,3920,5080,1160,0,Fashion,Prepaid,Late_Night,Android,6.2.0,Flagship_1P,East,14.4,1,366,4,0,0.0,5900,2,0,False,Returning,False
ORD1373085,U204326,2024-01-28 03:03:21,Tier 2,649152,1030,1380,350,0,Fashion,Prepaid,Late_Night,Android,6.3.1,Marketplace_3P,North,1.9,1,994,10,2,0.2,2740,6,2,False,Returning,False
ORD1059929,U161088,2024-01-28 03:59:13,Tier 2,227734,250,320,70,60,Grocery,CoD,Late_Night,Android,6.4.0,Marketplace_3P,East,4.5,1,687,6,0,0.0,10810,4,0,False,Returning,False
ORD1238854,U201478,2024-01-28 04:34:29,Tier 1,227742,5200,5940,740,0,Electronics,Prepaid,Late_Night,iOS,7.0.0,Local_SmallSeller,East,4.3,1,1291,17,0,0.0,70950,8,0,False,Returning,False
ORD1391862,U202034,2024-01-28 06:50:23,Tier 2,157951,240,260,20,0,Grocery,CoD,Morning,Android,6.5.2,Marketplace_3P,East,9.1,1,422,8,0,0.0,4610,7,0,False,Returning,False
ORD1051453,U183135,2024-01-28 07:34:18,Tier 1,356933,710,810,100,0,Footwear,Prepaid,Morning,Android,6.4.0,Marketplace_3P,South,5.6,1,525,2,1,0.5,1280,1,1,False,Returning,False
ORD1458416,U133242,2024-01-28 11:06:59,Tier 2,849729,560,730,170,0,Fashion,CoD,Morning,Android,6.5.2,Local_SmallSeller,West,14.0,1,694,11,1,0.091,24300,8,1,False,Returning,False
ORD1222882,U108169,2024-01-28 12:00:50,Tier 3,696407,2750,3320,570,0,Fashion,CoD,Afternoon,iOS,6.4.0,Marketplace_3P,East,12.6,2,1320,19,0,0.0,5050,14,0,False,Returning,False
ORD1153146,U150919,2024-01-28 12:17:00,Tier 1,574868,710,730,20,0,Fashion,CoD,Afternoon,Android,6.3.1,Marketplace_3P,South,6.5,1,1217,13,5,0.385,15470,4,2,False,Returning,False
ORD1452270,U143860,2024-01-28 13:43:46,Tier 3,163359,1610,2170,560,0,Beauty,CoD,Afternoon,Android,6.2.0,Marketplace_3P,West,6.8,1,589,10,0,0.0,40130,5,0,False,Returning,False
ORD1305700,U195296,2024-01-28 14:24:56,Tier 1,330088,1420,1720,300,0,Beauty,Prepaid,Afternoon,Android,6.3.1,Local_SmallSeller,North,4.4,2,1118,10,0,0.0,11220,7,0,False,Returning,False
ORD1077947,U190501,2024-01-28 14:48:46,Tier 2,594351,590,700,110,0,Beauty,CoD,Afternoon,Android,6.2.0,Flagship_1P,East,14.7,1,960,14,0,0.0,29820,8,0,False,Returning,False
ORD1342576,U209274,2024-01-28 19:49:24,Tier 2,226317,650,680,30,0,Toys,Prepaid,Evening,Android,6.5.2,Local_SmallSeller,South,23.2,3,926,6,1,0.167,8250,4,1,False,Returning,False
ORD1321075,U212704,2024-01-28 20:40:58,Tier 3,595579,4440,5270,830,0,Mobiles,Prepaid,Evening,Android,6.5.2,Marketplace_3P,East,20.4,2,568,11,4,0.364,18380,6,4,False,Returning,False
ORD1072382,U140489,2024-01-29 00:01:01,Tier 3,289222,8010,9700,1690,0,Electronics,CoD,Late_Night,Android,6.4.0,Marketplace_3P,East,20.4,1,1079,15,0,0.0,35030,10,0,False,Returning,True
ORD1245646,U123864,2024-01-29 00:49:47,Tier 1,571811,3340,4320,980,0,Home & Kitchen,CoD,Late_Night,Android,7.0.0,Local_SmallSeller,Central,4.3,1,210,4,1,0.25,760,4,1,False,Returning,False
ORD1419299,U216946,2024-01-29 03:29:34,Tier 1,769530,3810,4020,210,0,Fashion,Prepaid,Late_Night,Android,6.4.0,Marketplace_3P,South,7.6,1,181,5,0,0.0,7210,2,0,False,Returning,False
ORD1332310,U128533,2024-01-29 04:20:17,Tier 1,428681,1190,1320,130,0,Home & Kitchen,Prepaid,Late_Night,Android,7.0.0,Flagship_1P,North,9.0,1,355,4,0,0.0,1120,4,0,False,Returning,False
ORD1233122,U106446,2024-01-29 05:03:09,Tier 3,839244,1250,1330,80,0,Beauty,CoD,Morning,Android,7.0.0,Flagship_1P,South,16.8,1,433,4,2,0.5,8970,3,2,False,Returning,False
ORD1016756,U103691,2024-01-29 12:02:20,Tier 1,793862,1060,1220,160,0,Footwear,Prepaid,Afternoon,Android,7.0.0,Flagship_1P,North,19.3,1,940,9,5,0.556,1520,4,3,False,Returning,False
ORD1137978,U128802,2024-01-29 12:24:46,Tier 2,225687,2540,2850,310,0,Home & Kitchen,CoD,Afternoon,Android,6.5.2,Marketplace_3P,Central,1.8,1,421,11,1,0.091,8680,3,1,False,Returning,False
ORD1068858,U165459,2024-01-29 17:34:54,Tier 1,426414,400,490,90,0,Footwear,Prepaid,Evening,Android,6.5.2,Flagship_1P,East,5.2,1,10,1,0,0.0,300,1,0,True,New,False
ORD1208168,U126043,2024-01-29 17:50:26,Tier 3,705147,3140,3330,190,0,Home & Kitchen,CoD,Evening,Android,6.3.1,Local_SmallSeller,West,30.5,1,1247,23,11,0.478,7240,15,11,False,Returning,False
ORD1431573,U143951,2024-01-29 18:21:04,Tier 1,800149,1240,1610,370,0,Fashion,Prepaid,Evening,Android,6.3.1,Marketplace_3P,Central,11.9,1,679,9,2,0.222,9100,6,2,False,Returning,False
ORD1319592,U139615,2024-01-29 18:56:41,Tier 2,641384,19450,21880,2430,0,Electronics,CoD,Evening,Android,6.3.1,Marketplace_3P,South,7.8,2,935,11,3,0.273,9450,5,3,False,Returning,False
ORD1008800,U164981,2024-01-29 22:02:16,Tier 2,550022,1080,1340,260,0,Fashion,Prepaid,Late_Night,Android,6.3.1,Flagship_1P,Central,5.3,1,438,6,2,0.333,11510,4,2,False,Returning,False
ORD1304180,U102632,2024-01-30 00:37:52,Tier 2,247049,1000,1320,320,0,Toys,Prepaid,Late_Night,iOS,7.0.0,Marketplace_3P,North,9.0,3,1370,19,2,0.105,30330,8,2,False,Returning,True
ORD1123732,U145586,2024-01-30 07:27:34,Tier 2,428652,1330,1350,20,0,Fashion,CoD,Morning,Android,6.4.0,Marketplace_3P,South,14.3,2,705,6,4,0.667,2390,4,2,False,Returning,False
ORD1010925,U153855,2024-01-30 08:44:03,Tier 3,347580,1380,1610,230,0,Home & Kitchen,CoD,Morning,Android,6.3.1,Flagship_1P,South,28.7,2,540,5,1,0.2,9400,2,1,False,Returning,False
ORD1197420,U115586,2024-01-30 09:37:04,Tier 1,788367,1760,1820,60,0,Fashion,Prepaid,Morning,Android,6.4.0,Marketplace_3P,West,10.8,1,619,7,1,0.143,6970,4,1,False,Returning,False
ORD1077879,U194508,2024-01-30 09:59:23,Tier 3,540092,270,340,70,40,Grocery,CoD,Morning,Android,6.5.2,Marketplace_3P,Central,20.5,1,381,4,0,0.0,2320,3,0,False,Returning,True
ORD1401232,U142077,2024-01-30 13:07:53,Tier 1,620217,1290,1570,280,0,Fashion,Prepaid,Afternoon,Android,7.0.0,Local_SmallSeller,South,12.8,1,1044,12,4,0.333,41650,4,4,False,Returning,False
ORD1092345,U151064,2024-01-30 15:19:43,Tier 1,194106,1260,1600,340,0,Toys,Prepaid,Afternoon,Android,6.4.0,Marketplace_3P,West,2.2,1,75,2,0,0.0,550,1,0,False,Returning,False
ORD1354861,U142552,2024-01-30 15:33:01,Tier 2,227988,2660,2740,80,0,Beauty,Prepaid,Afternoon,Android,6.3.1,Marketplace_3P,South,41.2,1,130,4,1,0.25,13370,2,1,False,Returning,False
ORD1083904,U152288,2024-01-30 17:12:06,Tier 2,618190,1020,1110,90,0,Footwear,CoD,Evening,Android,6.2.0,Flagship_1P,West,21.0,1,28,1,0,0.0,1270,0,0,True,New,False
ORD1341656,U185296,2024-01-30 17:50:07,Tier 2,435023,2070,2130,60,0,Electronics,Prepaid,Evening,Android,7.0.0,Local_SmallSeller,North,9.8,2,1098,14,3,0.214,24660,8,3,False,Returning,False
ORD1281287,U198681,2024-01-30 18:08:48,Tier 1,487498,440,590,150,0,Books,Prepaid,Evening,iOS,6.4.0,Flagship_1P,South,7.5,1,1474,23,2,0.087,51080,19,2,False,Returning,False
ORD1128585,U159532,2024-01-30 18:35:47,Tier 1,686885,620,720,100,0,Fashion,CoD,Evening,Android,6.3.1,Flagship_1P,West,5.9,1,622,9,0,0.0,13910,6,0,False,Returning,False
ORD1203358,U109666,2024-01-30 22:49:22,Tier 2,141517,4810,6000,1190,0,Appliances,CoD,Late_Night,Android,6.3.1,Marketplace_3P,West,4.2,1,1110,16,4,0.25,8550,9,4,False,Returning,False
ORD1347440,U204873,2024-01-30 23:10:38,Tier 3,351330,790,900,110,0,Books,CoD,Late_Night,iOS,7.0.0,Marketplace_3P,South,5.7,3,1214,16,1,0.062,97060,6,1,False,Returning,False
ORD1280095,U166030,2024-01-30 23:20:29,Tier 3,699725,6280,6840,560,0,Electronics,CoD,Late_Night,Android,6.4.0,Local_SmallSeller,South,32.3,2,1257,17,3,0.176,11000,12,3,False,Returning,False
ORD1062499,U135646,2024-01-31 04:39:16,Tier 3,119093,2800,3260,460,0,Fashion,Prepaid,Late_Night,Android,6.5.2,Marketplace_3P,West,36.0,2,1273,22,12,0.545,3900,5,4,False,Returning,False
ORD1379748,U147395,2024-01-31 05:45:56,Tier 3,819078,430,550,120,40,Grocery,CoD,Morning,Android,6.4.0,Marketplace_3P,Central,41.2,1,379,7,1,0.143,6110,4,1,False,Returning,False
ORD1237200,U129733,2024-01-31 12:38:13,Tier 2,611544,8190,10990,2800,0,Mobiles,Prepaid,Afternoon,Android,6.3.1,Flagship_1P,Central,4.3,1,1037,16,2,0.125,2040,10,2,False,Returning,False
ORD1266193,U110524,2024-01-31 15:47:44,Tier 3,699360,5950,6780,830,0,Electronics,CoD,Afternoon,Android,6.5.2,Marketplace_3P,South,16.3,2,233,3,0,0.0,5720,2,0,False,Returning,True
ORD1254358,U151239,2024-01-31 16:46:43,Tier 2,200344,980,1320,340,0,Beauty,Prepaid,Afternoon,Android,6.3.1,Marketplace_3P,West,8.3,1,199,2,0,0.0,1250,1,0,False,Returning,False
ORD1177961,U108474,2024-01-31 16:48:31,Tier 1,234936,3150,3820,670,0,Fashion,Prepaid,Afternoon,iOS,7.0.0,Marketplace_3P,West,1.7,1,1302,11,3,0.273,27600,4,2,False,Returning,False
ORD1122159,U150816,2024-01-31 18:20:22,Tier 1,307120,900,1050,150,0,Fashion,Prepaid,Evening,Android,6.3.1,Marketplace_3P,West,7.9,2,1140,14,6,0.429,45020,9,6,False,Returning,False
ORD1233783,U219046,2024-01-31 18:42:47,Tier 3,354560,1900,2040,140,0,Footwear,CoD,Evening,Android,6.4.0,Local_SmallSeller,North,53.2,1,487,6,2,0.333,9370,1,1,False,Returning,False
ORD1351353,U122979,2024-01-31 21:00:09,Tier 3,770399,15320,20210,4890,0,Mobiles,CoD,Evening,iOS,6.5.2,Marketplace_3P,North,28.9,2,1336,11,3,0.273,16990,6,3,False,Returning,False
ORD1182672,U178018,2024-01-31 22:23:12,Tier 1,236508,8620,10800,2180,0,Appliances,Prepaid,Late_Night,iOS,6.5.2,Marketplace_3P,East,5.8,2,456,6,2,0.333,13580,3,2,False,Returning,False
ORD1240339,U111131,2024-02-01 05:04:56,Tier 3,425692,1930,1940,10,0,Footwear,Prepaid,Morning,Android,6.3.1,Flagship_1P,East,8.6,1,925,11,2,0.182,41190,4,2,False,Returning,False
ORD1491020,U201346,2024-02-01 06:29:45,Tier 3,161804,9880,13070,3190,0,Home & Kitchen,CoD,Morning,Android,6.5.2,Marketplace_3P,South,41.6,1,662,10,0,0.0,6260,4,0,False,Returning,False
ORD1371100,U188110,2024-02-01 06:56:56,Tier 3,536580,1500,1680,180,0,Footwear,CoD,Morning,Android,6.3.1,Local_SmallSeller,North,14.7,2,1377,15,4,0.267,11140,10,4,False,Returning,True
ORD1407957,U113993,2024-02-01 08:34:15,Tier 3,418362,1050,1170,120,0,Footwear,CoD,Morning,Android,7.0.0,Marketplace_3P,South,23.6,1,791,13,2,0.154,23770,8,2,False,Returning,False
ORD1367929,U210811,2024-02-01 09:01:30,Tier 2,481636,710,910,200,0,Fashion,Prepaid,Morning,Android,6.3.1,Local_SmallSeller,South,15.4,3,965,11,6,0.545,13700,9,6,False,Returning,False
ORD1269355,U197648,2024-02-01 14:06:37,Tier 2,206446,3070,3760,690,0,Fashion,Prepaid,Afternoon,Android,6.3.1,Marketplace_3P,Central,18.9,2,546,7,0,0.0,14960,5,0,False,Returning,False
ORD1271426,U116701,2024-02-01 15:51:23,Tier 3,743449,970,1000,30,0,Beauty,Prepaid,Afternoon,Android,6.3.1,Marketplace_3P,North,4.9,2,615,8,2,0.25,21390,3,2,False,Returning,False
ORD1385007,U144045,2024-02-01 17:23:33,Tier 1,803779,10540,13400,2860,0,Electronics,Prepaid,Evening,Android,6.3.1,Flagship_1P,Central,7.5,1,153,3,1,0.333,5460,2,1,False,Returning,False
ORD1096369,U144713,2024-02-01 19:28:33,Tier 2,189292,2420,3180,760,0,Footwear,CoD,Evening,Android,6.3.1,Marketplace_3P,North,13.9,1,1415,20,8,0.4,41780,5,3,False,Returning,False
ORD1405578,U214985,2024-02-01 20:47:12,Tier 2,400215,38940,43140,4200,0,Mobiles,Prepaid,Evening,iOS,6.4.0,Marketplace_3P,East,3.5,1,1178,14,1,0.071,11910,5,1,False,Returning,False
ORD1004013,U216196,2024-02-01 22:09:55,Tier 1,165732,1830,1850,20,0,Toys,Prepaid,Late_Night,Android,6.4.0,Local_SmallSeller,South,21.3,1,1366,18,0,0.0,19500,10,0,False,Returning,False
ORD1023759,U121581,2024-02-01 22:20:27,Tier 2,479812,300,400,100,40,Beauty,Prepaid,Late_Night,Android,6.5.2,Marketplace_3P,West,9.9,2,418,6,5,0.833,13970,4,3,False,Returning,False
ORD1484349,U148147,2024-02-01 23:50:52,Tier 3,655828,7980,8680,700,0,Mobiles,CoD,Late_Night,Android,6.5.2,Flagship_1P,East,53.1,1,1256,10,1,0.1,1200,6,1,False,Returning,False
ORD1157488,U190494,2024-02-02 02:35:26,Tier 1,251150,1990,2390,400,0,Home & Kitchen,Prepaid,Late_Night,Android,6.3.1,Local_SmallSeller,East,6.0,1,655,9,1,0.111,17190,3,1,False,Returning,False
ORD1460994,U180220,2024-02-02 05:27:28,Tier 2,465815,31680,37440,5760,0,Mobiles,CoD,Morning,Android,6.4.0,Local_SmallSeller,North,19.0,1,1122,10,1,0.1,8550,3,1,False,Returning,False
ORD1087560,U189994,2024-02-02 08:20:45,Tier 2,226163,850,910,60,0,Beauty,CoD,Morning,Android,7.0.0,Marketplace_3P,North,11.1,1,945,19,8,0.421,25140,7,5,False,Returning,False
ORD1231052,U195993,2024-02-02 10:08:58,Tier 2,563027,2930,3530,600,0,Footwear,Prepaid,Morning,iOS,6.5.2,Flagship_1P,East,3.7,1,360,3,2,0.667,3970,2,1,False,Returning,False
ORD1121181,U145712,2024-02-02 11:55:51,Tier 2,852004,3780,4370,590,0,Fashion,Prepaid,Morning,Android,6.4.0,Flagship_1P,West,21.6,3,167,3,0,0.0,2340,2,0,False,Returning,False
ORD1128083,U199276,2024-02-02 19:24:14,Tier 2,682125,2610,3340,730,0,Fashion,Prepaid,Evening,iOS,6.4.0,Local_SmallSeller,East,11.4,1,368,3,0,0.0,1440,2,0,False,Returning,False
ORD1438919,U188099,2024-02-02 21:54:19,Tier 2,682519,1690,1790,100,0,Footwear,Prepaid,Evening,Android,6.5.2,Marketplace_3P,North,11.9,1,988,12,1,0.083,48350,4,1,False,Returning,False
ORD1396089,U189143,2024-02-03 00:35:35,Tier 2,515753,470,490,20,0,Beauty,CoD,Late_Night,Android,7.0.0,Marketplace_3P,East,15.5,1,1261,11,0,0.0,20840,8,0,False,Returning,False
ORD1045553,U197396,2024-02-03 03:00:47,Tier 2,842421,1150,1490,340,0,Fashion,CoD,Late_Night,Android,6.3.1,Marketplace_3P,East,7.2,1,118,3,1,0.333,2380,1,1,False,Returning,False
ORD1129545,U213891,2024-02-03 06:39:40,Tier 2,143242,6410,6800,390,0,Appliances,Prepaid,Morning,Android,7.0.0,Flagship_1P,East,3.0,1,100,2,0,0.0,4630,0,0,False,Returning,False
ORD1166101,U114729,2024-02-03 08:37:02,Tier 3,578188,2060,2190,130,0,Home & Kitchen,Prepaid,Morning,Android,7.0.0,Marketplace_3P,East,43.4,1,219,3,0,0.0,9010,1,0,False,Returning,False
ORD1170742,U211921,2024-02-03 11:23:38,Tier 1,172163,880,1000,120,0,Footwear,Prepaid,Morning,Android,7.0.0,Local_SmallSeller,North,6.8,2,1088,12,5,0.417,440,9,5,False,Returning,False
ORD1292755,U129136,2024-02-03 11:34:09,Tier 3,522383,890,1040,150,0,Beauty,CoD,Morning,Android,6.4.0,Marketplace_3P,East,80.9,1,404,4,1,0.25,8540,4,1,False,Returning,False
ORD1404335,U168267,2024-02-03 11:52:33,Tier 2,514144,1290,1490,200,0,Beauty,Prepaid,Morning,Android,7.0.0,Marketplace_3P,Central,5.3,1,1324,18,3,0.167,28320,7,3,False,Returning,False
ORD1205553,U141866,2024-02-03 14:20:29,Tier 2,478365,1420,1430,10,0,Toys,CoD,Afternoon,Android,6.5.2,Marketplace_3P,West,10.6,1,1421,16,1,0.062,20440,5,1,False,Returning,False
ORD1288358,U179244,2024-02-03 14:35:26,Tier 3,436523,770,990,220,0,Fashion,Prepaid,Afternoon,Android,6.3.1,Marketplace_3P,West,29.3,2,545,5,1,0.2,5980,4,1,False,Returning,False
ORD1423599,U178868,2024-02-03 15:04:29,Tier 1,431759,730,860,130,0,Books,Prepaid,Afternoon,Android,6.5.2,Local_SmallSeller,Central,5.6,2,547,7,1,0.143,10930,2,1,False,Returning,False
ORD1412052,U219816,2024-02-03 15:12:28,Tier 1,344471,3650,4470,820,0,Footwear,Prepaid,Afternoon,Android,6.4.0,Local_SmallSeller,North,3.0,1,1134,13,9,0.692,9700,6,4,False,Returning,False
ORD1459303,U144351,2024-02-03 15:34:02,Tier 2,507750,9990,12380,2390,0,Electronics,CoD,Afternoon,Android,7.0.0,Local_SmallSeller,North,10.2,1,656,7,0,0.0,5340,5,0,False,Returning,True
ORD1363137,U212557,2024-02-03 16:12:36,Tier 2,757137,760,780,20,0,Toys,CoD,Afternoon,Android,6.3.1,Marketplace_3P,East,11.8,1,945,6,0,0.0,14870,5,0,False,Returning,False
ORD1193670,U206532,2024-02-03 17:06:21,Tier 1,700311,1200,1620,420,0,Footwear,Prepaid,Evening,Android,7.0.0,Flagship_1P,West,7.1,1,501,9,3,0.333,18920,5,3,False,Returning,False
ORD1381200,U116285,2024-02-03 22:37:04,Tier 2,340031,710,780,70,0,Home & Kitchen,CoD,Late_Night,iOS,6.5.2,Local_SmallSeller,South,11.2,1,1021,12,3,0.25,9250,10,3,False,Returning,True
ORD1064076,U168966,2024-02-04 01:00:55,Tier 1,520115,310,380,70,0,Grocery,Prepaid,Late_Night,Android,7.0.0,Marketplace_3P,North,1.4,1,1498,14,1,0.071,14830,6,1,False,Returning,False
ORD1182912,U181107,2024-02-04 03:50:00,Tier 1,118444,1730,2240,510,0,Fashion,Prepaid,Late_Night,Android,6.5.2,Local_SmallSeller,East,7.0,1,1129,16,6,0.375,12110,8,6,False,Returning,False
ORD1210609,U186718,2024-02-04 04:06:13,Tier 2,801972,1240,1360,120,0,Footwear,CoD,Late_Night,Android,6.3.1,Flagship_1P,South,4.2,1,567,14,1,0.071,21720,12,1,False,Returning,False
ORD1186449,U213693,2024-02-04 05:12:35,Tier 2,521842,8740,10700,1960,0,Electronics,CoD,Morning,Android,6.2.0,Marketplace_3P,East,2.8,2,986,11,2,0.182,48060,5,2,False,Returning,False
ORD1028526,U114753,2024-02-04 05:34:51,Tier 3,551642,1160,1320,160,0,Footwear,Prepaid,Morning,Android,7.0.0,Flagship_1P,South,4.1,1,1438,22,1,0.045,70830,19,1,False,Returning,False
ORD1025701,U175605,2024-02-04 07:46:46,Tier 2,651448,860,880,20,0,Grocery,Prepaid,Morning,Android,6.3.1,Marketplace_3P,East,27.0,1,440,8,3,0.375,7550,4,2,False,Returning,False
ORD1376720,U178875,2024-02-04 08:48:58,Tier 1,793881,890,940,50,0,Toys,CoD,Morning,iOS,6.5.2,Marketplace_3P,East,1.2,1,705,6,0,0.0,5360,5,0,False,Returning,False
ORD1386951,U157721,2024-02-04 09:22:09,Tier 2,362588,720,950,230,0,Grocery,CoD,Morning,Android,7.0.0,Flagship_1P,West,11.6,3,420,3,0,0.0,5830,3,0,False,Returning,False
ORD1163488,U135488,2024-02-04 09:29:15,Tier 2,603781,1630,1690,60,0,Beauty,CoD,Morning,iOS,6.2.0,Marketplace_3P,South,6.3,1,681,4,0,0.0,7810,3,0,False,Returning,False
ORD1238415,U178051,2024-02-04 10:15:41,Tier 3,775196,3500,3710,210,0,Home & Kitchen,CoD,Morning,Android,6.3.1,Marketplace_3P,South,33.2,1,1331,13,2,0.154,8090,11,2,False,Returning,False
ORD1176150,U156559,2024-02-04 10:16:42,Tier 2,323653,1760,1780,20,0,Footwear,CoD,Morning,Android,6.2.0,Marketplace_3P,East,10.6,1,1206,17,2,0.118,15310,9,2,False,Returning,False
ORD1117350,U185644,2024-02-04 10:41:28,Tier 1,276051,520,680,160,0,Home & Kitchen,Prepaid,Morning,Android,6.3.1,Flagship_1P,Central,4.4,1,433,6,1,0.167,9100,3,1,False,Returning,False
ORD1454876,U213912,2024-02-04 11:56:46,Tier 3,590680,750,870,120,0,Books,CoD,Morning,iOS,6.4.0,Local_SmallSeller,West,3.8,2,640,5,0,0.0,6270,4,0,False,Returning,False
ORD1125872,U195669,2024-02-04 14:01:29,Tier 2,250889,2250,2860,610,0,Home & Kitchen,Prepaid,Afternoon,Android,6.2.0,Local_SmallSeller,North,7.2,1,251,2,1,0.5,650,1,1,False,Returning,False
ORD1362524,U215245,2024-02-04 14:23:04,Tier 1,766978,1530,1650,120,0,Footwear,Prepaid,Afternoon,Android,6.2.0,Flagship_1P,South,11.9,1,1495,18,5,0.278,36920,5,3,False,Returning,False
ORD1111679,U103155,2024-02-04 16:32:35,Tier 1,747295,5670,6550,880,0,Mobiles,CoD,Afternoon,Android,6.2.0,Marketplace_3P,South,34.8,1,1271,15,1,0.067,39560,7,1,False,Returning,False
ORD1339159,U121490,2024-02-04 18:34:07,Tier 1,548684,2680,3020,340,0,Home & Kitchen,CoD,Evening,Android,6.4.0,Marketplace_3P,West,0.1,1,775,12,2,0.167,8250,4,2,False,Returning,False
ORD1425251,U168067,2024-02-04 19:16:18,Tier 2,448254,2060,2600,540,0,Home & Kitchen,CoD,Evening,Android,7.0.0,Marketplace_3P,Central,26.9,1,138,3,0,0.0,900,1,0,False,Returning,False
ORD1146379,U209313,2024-02-04 20:23:44,Tier 1,245154,1370,1580,210,0,Home & Kitchen,CoD,Evening,Android,7.0.0,Local_SmallSeller,South,12.1,1,707,5,0,0.0,2090,1,0,False,Returning,False
ORD1369238,U185152,2024-02-04 22:23:57,Tier 2,808932,1560,1760,200,0,Fashion,Prepaid,Late_Night,iOS,6.3.1,Local_SmallSeller,West,22.0,1,656,10,0,0.0,63040,8,0,False,Returning,False
ORD1003297,U132042,2024-02-04 23:31:34,Tier 2,550651,7710,8120,410,0,Electronics,CoD,Late_Night,Android,6.5.2,Marketplace_3P,West,9.5,1,1109,11,0,0.0,20570,5,0,False,Returning,False
ORD1049024,U102642,2024-02-05 03:09:32,Tier 3,190736,410,530,120,60,Beauty,CoD,Late_Night,Android,6.4.0,Local_SmallSeller,South,14.4,1,305,5,2,0.4,270,4,2,False,Returning,False
ORD1102371,U136762,2024-02-05 05:22:58,Tier 1,607432,610,700,90,0,Beauty,Prepaid,Morning,Android,6.5.2,Marketplace_3P,East,13.0,1,120,4,1,0.25,9840,1,1,False,Returning,False
ORD1070019,U129531,2024-02-05 07:23:28,Tier 1,762945,1980,2220,240,0,Home & Kitchen,CoD,Morning,Android,6.5.2,Marketplace_3P,Central,9.5,1,1173,17,3,0.176,51970,4,2,False,Returning,False
ORD1161512,U150464,2024-02-05 07:44:44,Tier 2,140353,3390,4080,690,0,Home & Kitchen,Prepaid,Morning,iOS,6.4.0,Marketplace_3P,West,9.4,2,835,12,0,0.0,23180,4,0,False,Returning,False
ORD1047504,U203521,2024-02-05 07:52:42,Tier 2,125543,770,830,60,0,Fashion,Prepaid,Morning,Android,6.5.2,Local_SmallSeller,North,19.1,2,800,6,0,0.0,11480,5,0,False,Returning,False
ORD1341860,U208276,2024-02-05 10:02:44,Tier 2,206923,560,740,180,0,Beauty,CoD,Morning,Android,6.2.0,Flagship_1P,South,4.0,1,612,9,1,0.111,11110,2,1,False,Returning,False
ORD1270639,U182152,2024-02-05 10:38:37,Tier 1,263161,2770,3360,590,0,Beauty,CoD,Morning,Android,6.4.0,Marketplace_3P,North,3.6,2,391,7,0,0.0,1820,2,0,False,Returning,False
ORD1043896,U192411,2024-02-05 15:26:47,Tier 2,593810,1750,2300,550,0,Fashion,Prepaid,Afternoon,Android,6.2.0,Local_SmallSeller,West,24.3,1,100,2,0,0.0,1670,1,0,False,Returning,False
ORD1132439,U135528,2024-02-05 20:19:23,Tier 1,612958,2450,3210,760,0,Home & Kitchen,CoD,Evening,Android,6.5.2,Local_SmallSeller,North,7.9,1,204,4,0,0.0,5090,4,0,False,Returning,False
ORD1014708,U107574,2024-02-06 02:29:41,Tier 2,843426,950,1000,50,0,Footwear,CoD,Late_Night,Android,6.5.2,Marketplace_3P,East,4.2,2,192,1,1,1.0,910,1,1,True,New,True
ORD1169004,U199979,2024-02-06 02:55:11,Tier 1,788194,860,1080,220,0,Books,Prepaid,Late_Night,Android,6.3.1,Flagship_1P,Central,6.1,1,495,7,0,0.0,13530,4,0,False,Returning,False
ORD1488066,U133331,2024-02-06 05:26:54,Tier 1,133166,8310,8770,460,0,Electronics,Prepaid,Morning,Android,6.2.0,Marketplace_3P,South,6.9,1,696,10,7,0.7,9900,6,3,False,Returning,False
ORD1412654,U114628,2024-02-06 07:26:48,Tier 1,609770,840,840,0,0,Fashion,Prepaid,Morning,Android,6.5.2,Local_SmallSeller,Central,8.3,1,467,4,1,0.25,12310,2,1,False,Returning,False
ORD1474672,U153636,2024-02-06 09:47:56,Tier 3,820512,1230,1470,240,0,Beauty,Prepaid,Morning,Android,6.2.0,Local_SmallSeller,Central,0.9,1,344,4,1,0.25,12050,1,1,False,Returning,False
ORD1374095,U161966,2024-02-06 10:03:14,Tier 1,582888,740,910,170,0,Footwear,Prepaid,Morning,Android,6.2.0,Flagship_1P,West,6.5,1,111,1,0,0.0,1050,0,0,True,New,False
ORD1104684,U199391,2024-02-06 11:58:06,Tier 3,366017,670,780,110,0,Beauty,Prepaid,Morning,iOS,6.3.1,Local_SmallSeller,East,30.2,1,1230,11,4,0.364,18130,9,4,False,Returning,False
ORD1238660,U215337,2024-02-06 12:12:13,Tier 1,410361,2460,3180,720,0,Electronics,Prepaid,Afternoon,Android,6.3.1,Marketplace_3P,South,5.5,2,1245,12,3,0.25,25200,9,3,False,Returning,False
ORD1020688,U130554,2024-02-06 13:31:13,Tier 3,499292,940,1210,270,0,Home & Kitchen,CoD,Afternoon,Android,6.2.0,Marketplace_3P,Central,2.6,1,1191,15,1,0.067,15770,6,1,False,Returning,False
ORD1079227,U136941,2024-02-06 15:10:20,Tier 1,815918,21820,27620,5800,0,Mobiles,Prepaid,Afternoon,iOS,6.3.1,Marketplace_3P,West,1.1,1,598,14,0,0.0,79610,6,0,False,Returning,False
ORD1368926,U141802,2024-02-06 15:25:50,Tier 1,275779,13430,14520,1090,0,Mobiles,CoD,Afternoon,iOS,6.4.0,Local_SmallSeller,North,1.0,1,753,14,2,0.143,28710,5,2,False,Returning,False
ORD1344200,U174202,2024-02-06 17:42:34,Tier 3,252100,830,1090,260,0,Beauty,CoD,Evening,iOS,6.4.0,Flagship_1P,West,12.6,1,1129,16,1,0.062,27120,13,1,False,Returning,False
ORD1385034,U217491,2024-02-06 20:20:00,Tier 3,701934,2230,2730,500,0,Footwear,CoD,Evening,Android,7.0.0,Marketplace_3P,Central,37.2,1,344,4,1,0.25,2990,2,1,False,Returning,True
ORD1188334,U214224,2024-02-06 23:48:20,Tier 3,570538,1700,1870,170,0,Toys,CoD,Late_Night,Android,6.3.1,Marketplace_3P,North,35.8,1,676,11,3,0.273,33430,7,3,False,Returning,False
ORD1260883,U181581,2024-02-07 03:24:39,Tier 3,450363,3230,3590,360,0,Fashion,Prepaid,Late_Night,Android,6.3.1,Local_SmallSeller,Central,14.3,1,1067,17,1,0.059,41440,15,1,False,Returning,False
ORD1116958,U213959,2024-02-07 08:14:07,Tier 2,739208,19210,21720,2510,0,Mobiles,Prepaid,Morning,iOS,6.5.2,Local_SmallSeller,Central,23.8,1,882,20,5,0.25,480,6,3,False,Returning,False
ORD1492531,U154803,2024-02-07 08:52:18,Tier 1,411618,5760,7050,1290,0,Mobiles,CoD,Morning,iOS,7.0.0,Flagship_1P,West,5.2,1,643,9,2,0.222,34990,5,2,False,Returning,False
ORD1132662,U124005,2024-02-07 08:59:19,Tier 1,176727,3670,4340,670,0,Electronics,Prepaid,Morning,Android,6.5.2,Marketplace_3P,East,12.7,1,415,3,1,0.333,2520,2,1,False,Returning,False
ORD1476386,U214985,2024-02-07 10:00:54,Tier 1,526869,920,1030,110,0,Beauty,Prepaid,Morning,iOS,6.4.0,Flagship_1P,Central,18.4,1,1178,14,1,0.071,11910,5,1,False,Returning,False
ORD1392417,U197009,2024-02-07 14:04:34,Tier 1,716458,2250,2290,40,0,Home & Kitchen,CoD,Afternoon,Android,6.3.1,Flagship_1P,South,1.2,1,19,1,0,0.0,4040,1,0,True,New,False
ORD1014836,U100323,2024-02-07 14:55:41,Tier 1,464068,500,590,90,0,Beauty,Prepaid,Afternoon,Android,6.5.2,Local_SmallSeller,Central,1.1,1,1374,16,2,0.125,16340,12,2,False,Returning,False
ORD1410773,U211433,2024-02-07 16:17:49,Tier 1,200996,1490,1670,180,0,Fashion,CoD,Afternoon,Android,6.4.0,Local_SmallSeller,East,7.7,1,1023,11,1,0.091,15750,4,1,False,Returning,False
ORD1229269,U179434,2024-02-07 21:17:32,Tier 3,252829,200,250,50,60,Grocery,CoD,Evening,Android,6.4.0,Marketplace_3P,East,19.1,1,807,17,1,0.059,43390,7,1,False,Returning,True
ORD1133907,U153566,2024-02-07 21:57:21,Tier 1,496824,2820,3630,810,0,Home & Kitchen,Prepaid,Evening,Android,6.4.0,Local_SmallSeller,North,12.8,3,1087,8,0,0.0,14320,6,0,False,Returning,False
ORD1283985,U134901,2024-02-07 23:00:11,Tier 2,124075,7370,8520,1150,0,Electronics,CoD,Late_Night,Android,6.3.1,Local_SmallSeller,Central,16.4,1,160,9,1,0.111,40110,3,1,False,Returning,False
ORD1474588,U162519,2024-02-08 00:32:45,Tier 2,305994,3060,3420,360,0,Fashion,Prepaid,Late_Night,Android,6.3.1,Local_SmallSeller,Central,20.4,1,734,9,1,0.111,5010,4,1,False,Returning,False
ORD1094811,U140212,2024-02-08 00:56:57,Tier 3,235896,3820,4960,1140,0,Electronics,Prepaid,Late_Night,Android,6.3.1,Marketplace_3P,West,51.5,1,713,10,2,0.2,3360,5,2,False,Returning,False
ORD1176121,U196426,2024-02-08 01:16:33,Tier 2,463729,790,910,120,0,Beauty,Prepaid,Late_Night,iOS,6.3.1,Flagship_1P,North,21.2,1,631,10,1,0.1,44790,8,1,False,Returning,False
ORD1390827,U198614,2024-02-08 02:31:46,Tier 2,840881,18000,22600,4600,0,Mobiles,CoD,Late_Night,Android,7.0.0,Local_SmallSeller,East,12.9,1,596,7,4,0.571,4550,4,3,False,Returning,True
ORD1248457,U125807,2024-02-08 05:40:43,Tier 2,446203,8740,10520,1780,0,Electronics,CoD,Morning,Android,6.2.0,Marketplace_3P,East,16.4,1,1175,11,4,0.364,31050,3,2,False,Returning,False
ORD1014960,U181764,2024-02-08 07:35:52,Tier 2,665565,410,450,40,60,Toys,Prepaid,Morning,iOS,6.5.2,Marketplace_3P,Central,27.9,3,19,2,1,0.5,430,1,1,False,Returning,False
ORD1218840,U139929,2024-02-08 08:16:30,Tier 1,655181,650,810,160,0,Books,CoD,Morning,Android,7.0.0,Marketplace_3P,West,11.1,1,767,9,3,0.333,860,3,2,False,Returning,False
ORD1343898,U194661,2024-02-08 10:07:05,Tier 2,484830,3840,4560,720,0,Electronics,CoD,Morning,Android,6.2.0,Local_SmallSeller,North,13.1,2,362,5,0,0.0,21620,4,0,False,Returning,True
ORD1339529,U127862,2024-02-08 10:14:08,Tier 3,413059,7340,9670,2330,0,Electronics,Prepaid,Morning,Android,6.2.0,Flagship_1P,East,15.5,1,830,8,0,0.0,8230,3,0,False,Returning,False
ORD1038977,U143877,2024-02-08 11:43:45,Tier 2,268263,4450,4450,0,0,Mobiles,Prepaid,Morning,Android,6.5.2,Marketplace_3P,North,12.0,1,883,13,5,0.385,26960,10,5,False,Returning,False
ORD1289519,U120759,2024-02-08 14:22:45,Tier 3,659004,3760,4370,610,0,Mobiles,CoD,Afternoon,iOS,7.0.0,Marketplace_3P,West,33.4,1,687,4,0,0.0,7900,4,0,False,Returning,False
ORD1428399,U115443,2024-02-08 14:38:45,Tier 2,525147,1840,2070,230,0,Fashion,Prepaid,Afternoon,Android,6.5.2,Marketplace_3P,Central,22.1,1,385,7,0,0.0,3440,3,0,False,Returning,False
ORD1431576,U141756,2024-02-08 20:03:16,Tier 2,359129,910,980,70,0,Home & Kitchen,Prepaid,Evening,Android,6.5.2,Marketplace_3P,West,6.3,1,1069,11,5,0.455,16970,3,3,False,Returning,False
ORD1086256,U190719,2024-02-08 21:24:39,Tier 3,185162,630,660,30,0,Beauty,CoD,Evening,Android,6.4.0,Flagship_1P,South,13.2,2,1426,22,7,0.318,27320,14,7,False,Returning,False
ORD1090581,U198975,2024-02-08 22:49:48,Tier 1,604150,6170,6580,410,0,Appliances,CoD,Late_Night,Android,6.4.0,Marketplace_3P,West,11.3,1,671,5,1,0.2,13720,2,1,False,Returning,False
ORD1034117,U128418,2024-02-09 00:38:31,Tier 3,824019,5970,7100,1130,0,Electronics,Prepaid,Late_Night,Android,6.4.0,Marketplace_3P,East,6.3,1,335,6,1,0.167,5990,1,1,False,Returning,False
ORD1093578,U203750,2024-02-09 02:03:24,Tier 1,300814,1750,2310,560,0,Home & Kitchen,CoD,Late_Night,Android,6.5.2,Local_SmallSeller,South,13.5,1,465,8,2,0.25,7370,4,2,False,Returning,True
ORD1413245,U116064,2024-02-09 02:36:37,Tier 1,367002,1310,1450,140,0,Home & Kitchen,CoD,Late_Night,Android,6.5.2,Marketplace_3P,South,7.7,1,847,13,8,0.615,27480,11,7,False,Returning,False
ORD1074326,U107483,2024-02-09 03:25:11,Tier 2,628253,1120,1400,280,0,Beauty,Prepaid,Late_Night,iOS,6.2.0,Marketplace_3P,North,18.6,1,284,6,1,0.167,38050,3,1,False,Returning,False
ORD1117246,U198972,2024-02-09 03:35:15,Tier 3,728847,1890,2530,640,0,Beauty,CoD,Late_Night,iOS,6.5.2,Flagship_1P,East,15.4,1,1109,13,5,0.385,10480,10,5,False,Returning,True
ORD1121258,U115086,2024-02-09 03:37:00,Tier 2,845519,1420,1640,220,0,Home & Kitchen,Prepaid,Late_Night,iOS,6.2.0,Marketplace_3P,Central,4.5,1,1464,19,1,0.053,15310,8,1,False,Returning,False
ORD1436437,U116415,2024-02-09 06:23:49,Tier 3,392198,12720,14760,2040,0,Mobiles,CoD,Morning,Android,6.4.0,Marketplace_3P,West,26.9,1,1265,21,6,0.286,2200,9,6,False,Returning,False
ORD1287287,U160581,2024-02-09 09:10:07,Tier 2,231853,310,370,60,40,Toys,Prepaid,Morning,Android,7.0.0,Local_SmallSeller,West,11.3,1,180,5,1,0.2,7590,1,1,False,Returning,False
ORD1191884,U182059,2024-02-09 09:39:12,Tier 2,427600,870,1160,290,0,Toys,CoD,Morning,Android,6.2.0,Marketplace_3P,East,14.6,1,1008,6,3,0.5,14160,4,3,False,Returning,False
ORD1265284,U204167,2024-02-09 10:06:15,Tier 1,767213,10460,12200,1740,0,Electronics,Prepaid,Morning,Android,6.5.2,Marketplace_3P,Central,9.2,1,1466,13,2,0.154,35050,6,2,False,Returning,False
ORD1220227,U138415,2024-02-09 10:39:54,Tier 3,436364,6530,8050,1520,0,Mobiles,CoD,Morning,Android,6.2.0,Local_SmallSeller,North,14.9,1,1135,14,0,0.0,5780,8,0,False,Returning,False
ORD1169172,U139430,2024-02-09 11:05:57,Tier 2,772991,480,490,10,0,Books,CoD,Morning,Android,6.2.0,Marketplace_3P,West,12.3,3,388,6,0,0.0,24920,4,0,False,Returning,False
ORD1224654,U150445,2024-02-09 12:13:14,Tier 2,630869,850,1140,290,0,Fashion,CoD,Afternoon,Android,6.2.0,Local_SmallSeller,North,15.2,1,138,3,0,0.0,4140,1,0,False,Returning,False
ORD1080194,U219915,2024-02-09 12:42:18,Tier 3,442581,3020,3180,160,0,Fashion,CoD,Afternoon,Android,7.0.0,Marketplace_3P,Central,25.1,1,975,17,4,0.235,9730,10,4,False,Returning,False
ORD1131595,U101646,2024-02-09 13:40:39,Tier 2,846180,180,190,10,60,Grocery,Prepaid,Afternoon,Android,7.0.0,Marketplace_3P,West,9.5,1,515,2,1,0.5,1480,1,1,False,Returning,False
ORD1014093,U106374,2024-02-09 19:02:39,Tier 2,676253,12940,16530,3590,0,Electronics,Prepaid,Evening,Android,6.4.0,Marketplace_3P,Central,31.7,2,219,4,2,0.5,17370,3,2,False,Returning,False
ORD1279720,U122266,2024-02-09 19:50:58,Tier 2,258107,3690,4940,1250,0,Home & Kitchen,CoD,Evening,iOS,6.3.1,Marketplace_3P,South,1.1,1,1462,22,4,0.182,43140,18,4,False,Returning,False
ORD1156163,U208646,2024-02-09 20:00:04,Tier 1,568999,530,540,10,0,Fashion,Prepaid,Evening,Android,6.5.2,Local_SmallSeller,East,8.5,1,1389,20,3,0.15,33290,13,3,False,Returning,False
ORD1414192,U140055,2024-02-09 23:45:02,Tier 2,180638,2300,2500,200,0,Fashion,Prepaid,Late_Night,iOS,6.2.0,Marketplace_3P,Central,6.2,2,1489,17,2,0.118,13310,13,2,False,Returning,False
ORD1286792,U115968,2024-02-10 00:53:31,Tier 2,393375,990,1120,130,0,Home & Kitchen,CoD,Late_Night,iOS,7.0.0,Marketplace_3P,South,11.2,2,1152,13,0,0.0,44440,9,0,False,Returning,False
ORD1360376,U156999,2024-02-10 09:59:55,Tier 2,225204,8110,8940,830,0,Electronics,CoD,Morning,Android,6.5.2,Local_SmallSeller,East,23.0,1,1102,9,1,0.111,29950,3,1,False,Returning,False
ORD1119748,U158770,2024-02-10 17:33:20,Tier 3,595023,1100,1370,270,0,Beauty,CoD,Evening,iOS,6.3.1,Flagship_1P,Central,85.0,3,1318,17,2,0.118,2890,5,2,False,Returning,False
ORD1376475,U133477,2024-02-10 19:04:07,Tier 1,681340,1650,2040,390,0,Fashion,CoD,Evening,Android,6.3.1,Local_SmallSeller,South,7.2,1,1309,11,3,0.273,14620,4,2,False,Returning,False
ORD1247233,U177649,2024-02-10 19:48:58,Tier 1,385443,7850,8680,830,0,Mobiles,CoD,Evening,Android,6.5.2,Marketplace_3P,Central,15.8,1,889,10,3,0.3,22760,8,3,False,Returning,False
ORD1159992,U196017,2024-02-10 20:23:36,Tier 3,288590,910,960,50,0,Beauty,CoD,Evening,Android,6.3.1,Local_SmallSeller,East,15.3,2,722,7,2,0.286,17100,2,1,False,Returning,False
ORD1227157,U117302,2024-02-10 20:54:22,Tier 1,176740,550,660,110,0,Books,Prepaid,Evening,Android,6.2.0,Marketplace_3P,East,4.1,2,1423,20,1,0.05,21260,9,1,False,Returning,False
ORD1140378,U202338,2024-02-10 23:11:58,Tier 1,542366,2590,3190,600,0,Footwear,Prepaid,Late_Night,Android,6.5.2,Local_SmallSeller,East,21.3,1,1465,21,2,0.095,34630,15,2,False,Returning,False
ORD1205091,U207419,2024-02-11 04:22:39,Tier 1,719401,5790,6670,880,0,Electronics,CoD,Late_Night,Android,6.5.2,Marketplace_3P,North,10.2,3,29,2,1,0.5,650,2,1,False,Returning,False
ORD1308466,U194896,2024-02-11 04:58:15,Tier 2,250186,860,910,50,0,Grocery,Prepaid,Late_Night,Android,6.2.0,Marketplace_3P,West,16.8,1,1217,10,1,0.1,27720,5,1,False,Returning,False
ORD1074106,U163807,2024-02-11 07:22:54,Tier 3,230577,4690,6280,1590,0,Electronics,Prepaid,Morning,iOS,6.5.2,Marketplace_3P,North,11.4,2,115,3,0,0.0,3060,2,0,False,Returning,False
ORD1258364,U172596,2024-02-11 09:31:51,Tier 1,712371,590,670,80,0,Grocery,Prepaid,Morning,Android,7.0.0,Local_SmallSeller,East,17.2,1,336,2,0,0.0,5660,2,0,False,Returning,False
ORD1136355,U198832,2024-02-11 10:24:07,Tier 3,808917,6810,7790,980,0,Mobiles,CoD,Morning,iOS,7.0.0,Marketplace_3P,South,11.7,1,790,13,0,0.0,62310,7,0,False,Returning,True
ORD1058421,U217739,2024-02-11 11:48:17,Tier 2,316228,9000,10970,1970,0,Electronics,CoD,Morning,Android,6.4.0,Local_SmallSeller,North,7.9,1,964,15,6,0.4,9930,4,4,False,Returning,False
ORD1055250,U133744,2024-02-11 13:17:23,Tier 1,763511,770,1040,270,0,Fashion,CoD,Afternoon,Android,6.4.0,Marketplace_3P,West,31.7,2,697,8,3,0.375,14570,3,2,False,Returning,True
ORD1105643,U208859,2024-02-11 13:26:29,Tier 3,488058,1420,1690,270,0,Fashion,CoD,Afternoon,Android,7.0.0,Marketplace_3P,South,19.0,1,988,10,2,0.2,4190,3,2,False,Returning,False
ORD1408329,U184653,2024-02-11 14:35:36,Tier 3,577448,6810,8150,1340,0,Electronics,Prepaid,Afternoon,Android,6.3.1,Marketplace_3P,East,25.1,1,436,5,2,0.4,7430,1,1,False,Returning,False
ORD1331488,U162597,2024-02-11 17:17:25,Tier 3,750315,660,750,90,0,Books,CoD,Evening,Android,7.0.0,Marketplace_3P,South,2.7,1,472,5,2,0.4,8710,3,2,False,Returning,False
ORD1435404,U111627,2024-02-11 21:30:58,Tier 3,854811,17460,20480,3020,0,Mobiles,Prepaid,Evening,Android,6.2.0,Local_SmallSeller,North,26.7,1,737,7,2,0.286,9470,3,2,False,Returning,True
ORD1379587,U106866,2024-02-11 23:42:33,Tier 3,478445,1550,1650,100,0,Home & Kitchen,CoD,Late_Night,Android,6.3.1,Marketplace_3P,South,44.1,1,672,10,2,0.2,13810,4,2,False,Returning,False
ORD1280972,U173294,2024-02-12 00:32:46,Tier 2,339866,6490,7800,1310,0,Appliances,CoD,Late_Night,Android,7.0.0,Marketplace_3P,South,8.1,2,400,6,0,0.0,4500,4,0,False,Returning,False
ORD1493623,U110304,2024-02-12 01:30:51,Tier 2,488047,830,900,70,0,Home & Kitchen,CoD,Late_Night,Android,7.0.0,Marketplace_3P,East,12.7,1,711,13,1,0.077,13590,3,1,False,Returning,False
ORD1181101,U152163,2024-02-12 01:42:29,Tier 3,710099,3860,5200,1340,0,Electronics,CoD,Late_Night,Android,6.3.1,Marketplace_3P,North,49.2,2,316,3,1,0.333,3710,1,1,False,Returning,False
ORD1291596,U143135,2024-02-12 07:34:53,Tier 3,137714,3580,4330,750,0,Fashion,Prepaid,Morning,Android,7.0.0,Local_SmallSeller,West,19.8,1,398,9,1,0.111,7770,7,1,False,Returning,False
ORD1011434,U191368,2024-02-12 07:43:48,Tier 1,134333,11780,12750,970,0,Electronics,CoD,Morning,iOS,7.0.0,Marketplace_3P,South,5.1,1,900,14,8,0.571,12970,10,6,False,Returning,False
ORD1236473,U112499,2024-02-12 08:00:06,Tier 2,662632,1470,1520,50,0,Toys,Prepaid,Morning,Android,6.4.0,Marketplace_3P,West,34.4,1,262,4,0,0.0,9230,2,0,False,Returning,True
ORD1064834,U182954,2024-02-12 10:08:50,Tier 2,310910,3230,4010,780,0,Footwear,CoD,Morning,Android,6.2.0,Local_SmallSeller,West,17.2,1,83,2,0,0.0,1450,2,0,False,Returning,False
ORD1216910,U134589,2024-02-12 11:45:04,Tier 1,647555,1310,1650,340,0,Beauty,CoD,Morning,Android,6.3.1,Flagship_1P,East,7.9,3,310,6,0,0.0,5140,3,0,False,Returning,False
ORD1014110,U176371,2024-02-12 12:38:09,Tier 1,673130,4660,5500,840,0,Electronics,CoD,Afternoon,Android,6.2.0,Local_SmallSeller,East,6.3,2,1388,19,0,0.0,27720,7,0,False,Returning,False
ORD1346895,U194672,2024-02-12 14:10:53,Tier 1,675085,2560,2940,380,0,Footwear,Prepaid,Afternoon,Android,6.3.1,Marketplace_3P,Central,22.2,1,590,5,0,0.0,7330,3,0,False,Returning,False
ORD1298194,U181735,2024-02-12 15:01:46,Tier 2,165850,560,700,140,0,Beauty,CoD,Afternoon,Android,6.3.1,Flagship_1P,North,15.8,1,596,4,0,0.0,6080,2,0,False,Returning,False
ORD1232501,U131846,2024-02-12 17:51:51,Tier 1,793610,730,790,60,0,Toys,Prepaid,Evening,Android,6.5.2,Marketplace_3P,East,11.7,1,927,12,0,0.0,3590,8,0,False,Returning,False
ORD1168896,U195828,2024-02-12 20:49:15,Tier 1,652224,1160,1250,90,0,Footwear,Prepaid,Evening,iOS,6.3.1,Marketplace_3P,North,2.6,1,1469,16,3,0.188,53590,6,3,False,Returning,False
ORD1439778,U164247,2024-02-13 00:06:13,Tier 3,450215,6600,7590,990,0,Mobiles,CoD,Late_Night,Android,6.4.0,Flagship_1P,Central,29.6,1,246,3,1,0.333,5590,2,1,False,Returning,False
ORD1125039,U119366,2024-02-13 02:15:47,Tier 2,157194,1320,1660,340,0,Fashion,Prepaid,Late_Night,Android,7.0.0,Flagship_1P,East,19.2,1,435,6,2,0.333,11520,3,2,False,Returning,False
ORD1069622,U109875,2024-02-13 04:31:17,Tier 2,577217,1680,1970,290,0,Home & Kitchen,CoD,Late_Night,iOS,6.5.2,Marketplace_3P,East,2.8,1,1474,18,2,0.111,11020,9,2,False,Returning,False
ORD1324759,U186465,2024-02-13 05:19:46,Tier 3,323081,450,500,50,60,Beauty,CoD,Morning,iOS,6.4.0,Marketplace_3P,South,26.9,2,510,14,5,0.357,40970,7,5,False,Returning,False
ORD1425967,U202018,2024-02-13 05:43:24,Tier 3,672364,1860,2440,580,0,Fashion,Prepaid,Morning,Android,6.2.0,Marketplace_3P,Central,12.5,1,98,1,0,0.0,670,1,0,True,New,False
ORD1062434,U155504,2024-02-13 06:32:20,Tier 3,835641,5600,6470,870,0,Electronics,CoD,Morning,Android,6.4.0,Local_SmallSeller,South,20.0,1,166,3,0,0.0,7970,2,0,False,Returning,False
ORD1207961,U136122,2024-02-13 09:31:49,Tier 2,287240,950,1090,140,0,Beauty,Prepaid,Morning,Android,7.0.0,Local_SmallSeller,South,5.2,1,12,1,0,0.0,2140,0,0,True,New,False
ORD1250531,U197847,2024-02-13 10:17:54,Tier 1,244662,2470,2730,260,0,Footwear,Prepaid,Morning,Android,6.5.2,Marketplace_3P,West,4.8,1,689,6,3,0.5,4160,2,1,False,Returning,False
ORD1326638,U137066,2024-02-13 16:04:44,Tier 2,241061,1520,2030,510,0,Footwear,CoD,Afternoon,Android,7.0.0,Marketplace_3P,North,11.9,3,1302,14,4,0.286,17410,12,4,False,Returning,False
ORD1270206,U195446,2024-02-13 20:56:33,Tier 2,214590,1320,1500,180,0,Footwear,CoD,Evening,Android,6.3.1,Marketplace_3P,West,19.7,1,778,14,1,0.071,3100,11,1,False,Returning,True
ORD1205293,U198161,2024-02-13 23:03:39,Tier 2,339380,4290,5060,770,0,Appliances,CoD,Late_Night,Android,6.4.0,Marketplace_3P,North,18.9,2,58,2,0,0.0,8780,2,0,False,Returning,False
ORD1298036,U122677,2024-02-14 01:02:56,Tier 1,468318,320,380,60,40,Books,CoD,Late_Night,Android,6.3.1,Marketplace_3P,Central,3.1,1,1491,13,4,0.308,19240,9,4,False,Returning,False
ORD1411292,U131861,2024-02-14 06:58:36,Tier 3,565172,1910,2510,600,0,Home & Kitchen,CoD,Morning,Android,6.4.0,Marketplace_3P,West,29.1,1,825,13,3,0.231,5920,7,3,False,Returning,False
ORD1111451,U145659,2024-02-14 09:01:17,Tier 3,383727,600,800,200,0,Beauty,CoD,Morning,Android,7.0.0,Marketplace_3P,West,21.2,1,279,4,1,0.25,1840,3,1,False,Returning,False
ORD1138217,U106710,2024-02-14 11:35:04,Tier 3,153202,1750,1830,80,0,Fashion,CoD,Morning,Android,6.3.1,Marketplace_3P,North,18.6,1,450,5,2,0.4,2150,4,2,False,Returning,True
ORD1100462,U167407,2024-02-14 13:47:54,Tier 2,533491,4920,6110,1190,0,Electronics,Prepaid,Afternoon,Android,6.3.1,Marketplace_3P,Central,8.4,2,177,1,0,0.0,790,1,0,True,New,False
ORD1381958,U189759,2024-02-14 15:04:46,Tier 1,792490,1110,1340,230,0,Beauty,CoD,Afternoon,Android,6.4.0,Marketplace_3P,West,5.6,1,1244,8,3,0.375,4310,4,3,False,Returning,False
ORD1095320,U219271,2024-02-14 18:15:56,Tier 1,854654,1510,1510,0,0,Fashion,Prepaid,Evening,Android,6.3.1,Marketplace_3P,South,9.0,3,393,6,1,0.167,4740,5,1,False,Returning,False
ORD1103080,U163938,2024-02-14 20:17:21,Tier 3,781278,1180,1230,50,0,Home & Kitchen,CoD,Evening,Android,6.3.1,Marketplace_3P,North,19.3,1,127,2,0,0.0,2860,1,0,False,Returning,False
ORD1177529,U192658,2024-02-14 21:23:28,Tier 3,564847,380,510,130,40,Fashion,CoD,Evening,Android,6.2.0,Marketplace_3P,East,14.6,1,587,7,0,0.0,5800,2,0,False,Returning,False
ORD1485782,U128531,2024-02-14 21:38:26,Tier 3,773331,4180,4710,530,0,Appliances,CoD,Evening,iOS,6.4.0,Marketplace_3P,South,30.0,1,1468,18,4,0.222,8570,7,4,False,Returning,True
ORD1337918,U194336,2024-02-14 22:21:29,Tier 3,307866,560,700,140,0,Beauty,CoD,Late_Night,Android,6.5.2,Marketplace_3P,Central,14.8,1,1113,16,2,0.125,9230,8,2,False,Returning,False
ORD1163094,U172397,2024-02-14 22:21:31,Tier 1,130416,1850,2100,250,0,Home & Kitchen,Prepaid,Late_Night,Android,6.3.1,Marketplace_3P,North,2.7,1,402,4,1,0.25,17550,3,1,False,Returning,False
ORD1310964,U161506,2024-02-15 02:53:03,Tier 2,611244,1960,2260,300,0,Fashion,Prepaid,Late_Night,Android,6.3.1,Local_SmallSeller,North,2.7,1,699,6,1,0.167,2630,2,1,False,Returning,False
ORD1479128,U185761,2024-02-15 03:23:54,Tier 3,637186,3270,3490,220,0,Electronics,Prepaid,Late_Night,Android,6.2.0,Flagship_1P,South,19.0,1,1454,17,2,0.118,4860,12,2,False,Returning,False
ORD1150848,U162571,2024-02-15 05:19:36,Tier 2,401308,11570,13800,2230,0,Mobiles,CoD,Morning,Android,7.0.0,Marketplace_3P,Central,6.0,1,1009,6,4,0.667,2200,5,4,False,Returning,False
ORD1492502,U154699,2024-02-15 05:54:29,Tier 2,699955,960,1040,80,0,Grocery,Prepaid,Morning,Android,6.5.2,Flagship_1P,North,7.6,1,1453,16,0,0.0,34620,4,0,False,Returning,False
ORD1148059,U126639,2024-02-15 06:17:03,Tier 1,128052,950,1180,230,0,Beauty,CoD,Morning,Android,6.3.1,Marketplace_3P,North,3.3,3,115,1,0,0.0,1460,1,0,True,New,False
ORD1145679,U201787,2024-02-15 07:04:09,Tier 3,139799,250,270,20,40,Grocery,CoD,Morning,Android,6.5.2,Local_SmallSeller,North,9.6,1,499,10,0,0.0,10190,4,0,False,Returning,False
ORD1156334,U216866,2024-02-15 08:27:58,Tier 1,651506,700,940,240,0,Toys,Prepaid,Morning,iOS,6.2.0,Marketplace_3P,North,10.8,1,404,4,0,0.0,4740,1,0,False,Returning,False
ORD1197164,U105029,2024-02-15 08:33:17,Tier 3,120947,790,820,30,0,Toys,CoD,Morning,Android,6.4.0,Flagship_1P,West,24.6,2,349,3,0,0.0,2460,1,0,False,Returning,False
ORD1206569,U155792,2024-02-15 10:19:10,Tier 3,706152,570,690,120,0,Grocery,CoD,Morning,Android,6.5.2,Local_SmallSeller,North,2.2,1,837,9,1,0.111,5840,7,1,False,Returning,False
ORD1378574,U201250,2024-02-15 13:01:23,Tier 1,483046,7310,8080,770,0,Electronics,Prepaid,Afternoon,Android,6.5.2,Marketplace_3P,East,2.5,2,204,4,1,0.25,5800,3,1,False,Returning,False
ORD1377745,U197575,2024-02-15 14:39:43,Tier 2,629426,2460,2520,60,0,Footwear,CoD,Afternoon,Android,6.5.2,Marketplace_3P,South,5.3,1,242,5,2,0.4,1130,1,1,False,Returning,False
ORD1218905,U160365,2024-02-15 17:36:44,Tier 2,653811,500,560,60,0,Books,Prepaid,Evening,Android,7.0.0,Local_SmallSeller,North,10.5,1,1084,8,1,0.125,23170,4,1,False,Returning,False
ORD1389311,U210351,2024-02-15 20:33:31,Tier 3,630494,17110,18860,1750,0,Mobiles,CoD,Evening,Android,6.5.2,Local_SmallSeller,North,23.7,1,865,8,4,0.5,18910,6,4,False,Returning,False
ORD1074541,U218976,2024-02-16 00:20:54,Tier 1,727680,13550,17160,3610,0,Electronics,Prepaid,Late_Night,Android,6.5.2,Local_SmallSeller,Central,5.7,2,137,4,0,0.0,3930,2,0,False,Returning,False
ORD1004586,U151404,2024-02-16 04:15:11,Tier 2,190089,940,1020,80,0,Beauty,CoD,Late_Night,Android,7.0.0,Local_SmallSeller,Central,28.4,1,1130,8,3,0.375,7670,5,3,False,Returning,False
ORD1349650,U194262,2024-02-16 05:28:00,Tier 2,724135,480,500,20,60,Beauty,CoD,Morning,Android,6.4.0,Flagship_1P,West,6.4,1,1091,10,1,0.1,22790,9,1,False,Returning,False
ORD1311157,U102153,2024-02-16 06:52:32,Tier 1,532628,2180,2730,550,0,Home & Kitchen,Prepaid,Morning,Android,6.2.0,Marketplace_3P,West,5.4,1,817,5,2,0.4,12320,4,2,False,Returning,False
ORD1406820,U205248,2024-02-16 09:57:18,Tier 3,208928,1910,2370,460,0,Beauty,Prepaid,Morning,iOS,6.3.1,Flagship_1P,West,1.8,1,1298,20,0,0.0,46270,7,0,False,Returning,False
ORD1450018,U187289,2024-02-16 10:13:06,Tier 2,189571,11930,13190,1260,0,Mobiles,Prepaid,Morning,iOS,6.2.0,Local_SmallSeller,East,5.9,1,1377,10,0,0.0,26550,8,0,False,Returning,False
ORD1498009,U204039,2024-02-16 12:46:58,Tier 2,785324,14900,19060,4160,0,Appliances,CoD,Afternoon,Android,7.0.0,Flagship_1P,West,13.2,2,512,5,0,0.0,7180,2,0,False,Returning,False
ORD1299405,U139670,2024-02-16 16:15:12,Tier 3,700013,22830,26380,3550,0,Appliances,CoD,Afternoon,Android,6.2.0,Flagship_1P,West,26.1,1,1139,12,4,0.333,33970,10,4,False,Returning,False
ORD1192343,U124368,2024-02-16 17:29:57,Tier 1,569470,480,540,60,40,Grocery,CoD,Evening,Android,7.0.0,Flagship_1P,East,12.8,1,935,8,2,0.25,6180,7,2,False,Returning,False
ORD1402624,U144233,2024-02-16 20:39:40,Tier 1,131178,380,420,40,40,Beauty,CoD,Evening,Android,6.4.0,Local_SmallSeller,East,4.5,2,918,12,2,0.167,13500,11,2,False,Returning,False
ORD1308685,U133817,2024-02-16 22:58:32,Tier 1,471208,12910,17070,4160,0,Mobiles,Prepaid,Late_Night,Android,6.4.0,Local_SmallSeller,North,10.1,1,986,17,0,0.0,30260,12,0,False,Returning,False
ORD1072674,U156686,2024-02-17 00:19:55,Tier 2,496431,11240,13100,1860,0,Electronics,CoD,Late_Night,Android,6.5.2,Marketplace_3P,East,25.9,1,1117,8,0,0.0,31710,7,0,False,Returning,True
ORD1122240,U141312,2024-02-17 00:24:02,Tier 1,678599,1170,1370,200,0,Fashion,Prepaid,Late_Night,iOS,6.4.0,Marketplace_3P,South,4.5,1,1170,18,7,0.389,25210,12,7,False,Returning,False
ORD1239224,U105641,2024-02-17 01:45:06,Tier 2,112249,15370,16360,990,0,Appliances,CoD,Late_Night,Android,6.5.2,Local_SmallSeller,East,0.7,1,432,4,4,1.0,5360,1,1,False,Returning,False
ORD1377254,U126793,2024-02-17 02:12:48,Tier 2,394100,1040,1400,360,0,Beauty,CoD,Late_Night,Android,7.0.0,Marketplace_3P,North,6.2,2,729,11,1,0.091,12660,4,1,False,Returning,False
ORD1418900,U123356,2024-02-17 02:21:54,Tier 3,444017,840,1070,230,0,Books,CoD,Late_Night,Android,6.5.2,Flagship_1P,North,16.0,1,761,8,6,0.75,9730,6,4,False,Returning,True
ORD1479543,U165464,2024-02-17 02:34:20,Tier 1,466507,440,450,10,60,Books,CoD,Late_Night,Android,6.2.0,Marketplace_3P,South,9.1,1,717,11,2,0.182,2290,5,2,False,Returning,False
ORD1450613,U204203,2024-02-17 05:32:01,Tier 2,330386,11970,14270,2300,0,Mobiles,CoD,Morning,Android,7.0.0,Flagship_1P,North,5.6,3,276,3,1,0.333,12090,1,1,False,Returning,True
ORD1052974,U165826,2024-02-17 07:06:12,Tier 1,554242,390,520,130,60,Beauty,Prepaid,Morning,iOS,7.0.0,Local_SmallSeller,South,6.4,3,1489,12,0,0.0,13560,5,0,False,Returning,False
ORD1306144,U167991,2024-02-17 07:50:55,Tier 3,441984,19760,22100,2340,0,Mobiles,Prepaid,Morning,Android,7.0.0,Flagship_1P,North,30.0,2,207,2,0,0.0,4240,2,0,False,Returning,False
ORD1433749,U138104,2024-02-17 12:35:42,Tier 2,407324,320,360,40,0,Books,Prepaid,Afternoon,Android,6.3.1,Marketplace_3P,South,9.1,1,916,10,2,0.2,16900,4,2,False,Returning,False
ORD1495965,U135388,2024-02-17 14:37:49,Tier 2,544458,19300,23150,3850,0,Mobiles,Prepaid,Afternoon,Android,6.2.0,Local_SmallSeller,North,9.7,2,734,10,3,0.3,8480,5,3,False,Returning,False
ORD1482084,U198997,2024-02-17 15:47:21,Tier 3,768427,6390,7720,1330,0,Electronics,CoD,Afternoon,Android,6.5.2,Flagship_1P,North,16.3,1,270,3,1,0.333,1370,1,1,False,Returning,False
ORD1247014,U153146,2024-02-17 20:53:12,Tier 2,499525,680,850,170,0,Grocery,Prepaid,Evening,Android,6.3.1,Flagship_1P,Central,6.5,1,458,10,1,0.1,29230,8,1,False,Returning,False
ORD1372273,U121320,2024-02-17 21:13:30,Tier 1,694462,2050,2150,100,0,Home & Kitchen,CoD,Evening,Android,7.0.0,Marketplace_3P,North,3.3,1,198,4,0,0.0,3040,3,0,False,Returning,False
ORD1117326,U203506,2024-02-17 21:58:31,Tier 1,672565,820,990,170,0,Beauty,Prepaid,Evening,iOS,6.5.2,Marketplace_3P,Central,9.4,1,1130,11,1,0.091,27590,9,1,False,Returning,False
ORD1151335,U152515,2024-02-18 00:49:31,Tier 1,247044,2610,2720,110,0,Beauty,CoD,Late_Night,Android,6.2.0,Local_SmallSeller,North,1.6,3,1347,13,6,0.462,29270,11,6,False,Returning,False
ORD1040802,U187356,2024-02-18 06:18:32,Tier 2,541334,890,1090,200,0,Beauty,Prepaid,Morning,iOS,6.5.2,Marketplace_3P,West,19.0,1,956,13,1,0.077,12000,11,1,False,Returning,False
ORD1025403,U138326,2024-02-18 14:57:56,Tier 2,766582,700,830,130,0,Beauty,CoD,Afternoon,Android,6.3.1,Marketplace_3P,North,14.5,1,160,3,0,0.0,5550,1,0,False,Returning,True
ORD1209371,U155612,2024-02-18 16:05:13,Tier 2,365456,880,1090,210,0,Toys,Prepaid,Afternoon,Android,7.0.0,Flagship_1P,North,10.9,1,1064,14,0,0.0,21940,8,0,False,Returning,False
ORD1156038,U133114,2024-02-18 17:19:05,Tier 1,821972,480,510,30,60,Grocery,Prepaid,Evening,Android,6.4.0,Local_SmallSeller,Central,13.0,1,798,6,0,0.0,5420,3,0,False,Returning,False
ORD1018114,U137227,2024-02-18 17:53:20,Tier 2,830373,12840,15970,3130,0,Electronics,CoD,Evening,iOS,7.0.0,Flagship_1P,West,4.9,3,257,4,0,0.0,8780,1,0,False,Returning,False
ORD1230584,U107059,2024-02-18 18:37:03,Tier 2,168761,1930,2450,520,0,Beauty,CoD,Evening,iOS,6.3.1,Local_SmallSeller,South,25.0,1,727,8,1,0.125,35340,7,1,False,Returning,False
ORD1153251,U134757,2024-02-18 19:09:12,Tier 1,235747,630,820,190,0,Grocery,Prepaid,Evening,Android,6.5.2,Marketplace_3P,West,2.7,1,23,1,0,0.0,3390,0,0,True,New,False
ORD1115474,U176506,2024-02-18 19:44:11,Tier 1,538427,1980,2160,180,0,Beauty,Prepaid,Evening,Android,6.3.1,Marketplace_3P,West,12.6,2,126,1,0,0.0,1240,0,0,True,New,False
ORD1281260,U161714,2024-02-18 20:00:22,Tier 2,459887,1030,1280,250,0,Beauty,Prepaid,Evening,Android,6.2.0,Marketplace_3P,Central,3.8,1,890,12,0,0.0,2290,6,0,False,Returning,False
ORD1477667,U110587,2024-02-18 20:07:40,Tier 2,304532,4110,4220,110,0,Appliances,CoD,Evening,iOS,6.3.1,Flagship_1P,North,23.5,2,1413,15,0,0.0,1670,7,0,False,Returning,False
ORD1049090,U198042,2024-02-18 21:44:41,Tier 2,783464,870,950,80,0,Fashion,Prepaid,Evening,iOS,7.0.0,Local_SmallSeller,South,6.9,1,1010,16,2,0.125,24050,11,2,False,Returning,False
ORD1298053,U155637,2024-02-18 22:50:39,Tier 2,729514,10480,13340,2860,0,Mobiles,CoD,Late_Night,Android,7.0.0,Local_SmallSeller,North,10.5,1,33,1,1,1.0,1840,1,1,True,New,False
ORD1129701,U141419,2024-02-19 07:21:07,Tier 2,411294,3790,4790,1000,0,Fashion,Prepaid,Morning,iOS,6.3.1,Flagship_1P,South,3.1,1,842,10,3,0.3,37090,7,3,False,Returning,False
ORD1464313,U168745,2024-02-19 09:05:30,Tier 2,482717,8390,10710,2320,0,Electronics,CoD,Morning,Android,6.2.0,Marketplace_3P,East,11.4,1,859,12,3,0.25,11780,8,3,False,Returning,True
ORD1070410,U100404,2024-02-19 11:57:50,Tier 3,144954,1460,1930,470,0,Grocery,Prepaid,Morning,Android,6.4.0,Local_SmallSeller,South,46.2,1,749,17,3,0.176,63180,6,3,False,Returning,False
ORD1333716,U211299,2024-02-19 12:28:59,Tier 2,274322,2190,2620,430,0,Fashion,CoD,Afternoon,Android,7.0.0,Local_SmallSeller,Central,19.1,1,1316,18,2,0.111,67490,12,2,False,Returning,False
ORD1312642,U137483,2024-02-19 13:32:10,Tier 2,368217,6490,7540,1050,0,Electronics,Prepaid,Afternoon,Android,6.5.2,Local_SmallSeller,West,14.2,3,1180,22,0,0.0,6680,7,0,False,Returning,False
ORD1435763,U117079,2024-02-19 14:56:50,Tier 2,429193,1780,2350,570,0,Fashion,CoD,Afternoon,Android,6.4.0,Marketplace_3P,Central,4.6,2,106,2,1,0.5,2190,1,1,False,Returning,False
ORD1370476,U156155,2024-02-19 18:12:38,Tier 2,353308,830,1080,250,0,Fashion,Prepaid,Evening,Android,6.3.1,Flagship_1P,South,13.6,1,770,10,0,0.0,15420,8,0,False,Returning,False
ORD1468528,U164460,2024-02-19 19:17:14,Tier 2,236514,760,790,30,0,Fashion,Prepaid,Evening,Android,7.0.0,Marketplace_3P,North,15.2,1,197,5,1,0.2,9260,4,1,False,Returning,False
ORD1089933,U148426,2024-02-19 21:19:10,Tier 1,180633,17150,20940,3790,0,Mobiles,Prepaid,Evening,Android,7.0.0,Marketplace_3P,Central,6.8,1,493,2,0,0.0,520,1,0,False,Returning,False
ORD1117053,U140489,2024-02-20 00:13:55,Tier 2,690538,1300,1510,210,0,Toys,CoD,Late_Night,Android,6.3.1,Marketplace_3P,South,20.2,1,1079,15,0,0.0,35030,10,0,False,Returning,False
ORD1102724,U121314,2024-02-20 02:56:35,Tier 1,658459,2780,3010,230,0,Footwear,Prepaid,Late_Night,Android,6.5.2,Local_SmallSeller,Central,6.4,1,1139,12,1,0.083,6290,6,1,False,Returning,False
ORD1282347,U186465,2024-02-20 04:13:39,Tier 2,256610,12140,15090,2950,0,Electronics,CoD,Late_Night,Android,6.5.2,Flagship_1P,North,7.7,2,510,14,5,0.357,40970,7,5,False,Returning,False
ORD1334065,U133162,2024-02-20 04:55:59,Tier 2,826220,330,420,90,40,Books,Prepaid,Late_Night,Android,7.0.0,Flagship_1P,Central,9.5,1,1298,24,7,0.292,29640,5,4,False,Returning,False
ORD1104024,U149616,2024-02-20 07:41:45,Tier 3,112779,530,710,180,0,Grocery,Prepaid,Morning,Android,6.3.1,Marketplace_3P,West,11.9,2,379,5,1,0.2,6030,3,1,False,Returning,False
ORD1111930,U130663,2024-02-20 08:40:27,Tier 2,319402,2230,2870,640,0,Fashion,Prepaid,Morning,Android,6.5.2,Flagship_1P,North,11.8,1,628,9,2,0.222,9090,5,2,False,Returning,False
ORD1117726,U105832,2024-02-20 08:59:07,Tier 3,330242,4230,5600,1370,0,Electronics,CoD,Morning,Android,6.2.0,Local_SmallSeller,Central,22.3,1,1233,12,1,0.083,7400,4,1,False,Returning,False
ORD1371164,U104184,2024-02-20 12:25:04,Tier 3,332625,1290,1560,270,0,Fashion,CoD,Afternoon,iOS,6.4.0,Marketplace_3P,West,3.9,1,84,4,0,0.0,1420,3,0,False,Returning,False
ORD1432495,U168372,2024-02-20 12:52:05,Tier 2,652146,1030,1340,310,0,Fashion,CoD,Afternoon,iOS,6.3.1,Marketplace_3P,West,8.9,1,660,8,1,0.125,52650,2,1,False,Returning,False
ORD1168905,U131473,2024-02-20 13:10:33,Tier 1,561180,5510,6250,740,0,Electronics,CoD,Afternoon,Android,6.5.2,Marketplace_3P,West,9.6,1,1357,18,4,0.222,2590,15,4,False,Returning,False
ORD1128438,U107268,2024-02-20 17:30:14,Tier 1,629506,5860,7850,1990,0,Appliances,Prepaid,Evening,Android,6.4.0,Marketplace_3P,North,18.4,1,709,11,1,0.091,5700,5,1,False,Returning,False
ORD1158924,U104256,2024-02-20 19:47:54,Tier 1,816485,3340,4040,700,0,Grocery,CoD,Evening,Android,6.3.1,Marketplace_3P,Central,5.3,1,491,7,3,0.429,19810,5,3,False,Returning,False
ORD1298753,U142334,2024-02-20 21:38:10,Tier 1,764610,690,780,90,0,Toys,Prepaid,Evening,iOS,7.0.0,Marketplace_3P,Central,3.2,1,1267,18,1,0.056,36850,6,1,False,Returning,False
ORD1325964,U200006,2024-02-20 22:02:27,Tier 3,615212,4850,5220,370,0,Appliances,Prepaid,Late_Night,Android,6.5.2,Marketplace_3P,North,26.2,1,212,7,1,0.143,5170,3,1,False,Returning,False
ORD1359077,U176955,2024-02-20 22:33:21,Tier 1,420567,3460,4280,820,0,Appliances,Prepaid,Late_Night,Android,7.0.0,Marketplace_3P,West,3.2,3,1467,26,2,0.077,16970,12,2,False,Returning,False
ORD1071371,U103243,2024-02-21 00:04:24,Tier 3,311510,1280,1370,90,0,Grocery,CoD,Late_Night,Android,6.5.2,Flagship_1P,Central,11.6,1,778,7,2,0.286,10090,4,2,False,Returning,True
ORD1423840,U109024,2024-02-21 00:57:09,Tier 3,718324,3870,4190,320,0,Home & Kitchen,CoD,Late_Night,Android,6.4.0,Flagship_1P,West,6.9,1,1316,14,5,0.357,9250,5,4,False,Returning,False
ORD1386410,U205540,2024-02-21 01:43:59,Tier 2,393204,3100,3640,540,0,Appliances,Prepaid,Late_Night,iOS,6.4.0,Marketplace_3P,South,9.1,1,679,12,3,0.25,7510,8,3,False,Returning,False
ORD1404129,U186695,2024-02-21 01:47:46,Tier 2,538995,860,870,10,0,Footwear,Prepaid,Late_Night,Android,6.5.2,Local_SmallSeller,South,28.1,1,939,10,0,0.0,5390,9,0,False,Returning,False
ORD1137058,U184142,2024-02-21 04:58:13,Tier 2,271003,760,1000,240,0,Beauty,Prepaid,Late_Night,iOS,7.0.0,Flagship_1P,North,19.6,1,498,8,5,0.625,2750,7,5,False,Returning,False
ORD1386869,U191569,2024-02-21 05:29:39,Tier 1,300851,1980,2410,430,0,Home & Kitchen,Prepaid,Morning,Android,7.0.0,Marketplace_3P,West,8.4,1,703,8,2,0.25,8530,4,2,False,Returning,False
ORD1189210,U145054,2024-02-21 05:57:43,Tier 1,434752,2240,2370,130,0,Home & Kitchen,CoD,Morning,Android,6.2.0,Flagship_1P,West,4.5,1,877,15,9,0.6,9130,3,3,False,Returning,False
ORD1168932,U170036,2024-02-21 05:58:16,Tier 1,470525,7100,7120,20,0,Electronics,CoD,Morning,Android,6.3.1,Marketplace_3P,South,9.9,1,1159,6,2,0.333,2640,2,1,False,Returning,False
ORD1426884,U182147,2024-02-21 08:04:55,Tier 2,645735,1060,1350,290,0,Footwear,CoD,Morning,Android,6.5.2,Local_SmallSeller,Central,2.7,1,448,5,1,0.2,6500,4,1,False,Returning,True
ORD1417197,U120379,2024-02-21 09:29:57,Tier 3,578889,2790,3520,730,0,Home & Kitchen,CoD,Morning,Android,6.3.1,Flagship_1P,North,32.6,1,170,4,0,0.0,11450,3,0,False,Returning,False
ORD1195907,U186012,2024-02-21 16:10:59,Tier 2,766117,1210,1620,410,0,Home & Kitchen,CoD,Afternoon,Android,7.0.0,Marketplace_3P,South,26.1,1,83,1,0,0.0,2510,1,0,True,New,False
ORD1278716,U188967,2024-02-21 19:35:13,Tier 1,152350,300,360,60,40,Grocery,Prepaid,Evening,Android,6.5.2,Marketplace_3P,North,4.2,1,1469,18,6,0.333,15460,15,6,False,Returning,False
ORD1333958,U196063,2024-02-22 05:44:56,Tier 1,133650,3070,3210,140,0,Home & Kitchen,CoD,Morning,Android,6.2.0,Marketplace_3P,South,18.4,1,1499,24,8,0.333,11330,9,5,False,Returning,False
ORD1244715,U194661,2024-02-22 07:49:04,Tier 1,263246,5260,5660,400,0,Mobiles,Prepaid,Morning,Android,7.0.0,Flagship_1P,North,8.1,1,362,5,0,0.0,21620,4,0,False,Returning,False
ORD1149628,U123732,2024-02-22 14:52:22,Tier 1,461551,7150,7930,780,0,Mobiles,CoD,Afternoon,iOS,6.4.0,Flagship_1P,North,13.4,1,527,8,0,0.0,3310,2,0,False,Returning,False
ORD1249651,U121432,2024-02-22 15:09:28,Tier 1,147077,550,740,190,0,Toys,Prepaid,Afternoon,Android,7.0.0,Local_SmallSeller,North,4.6,1,761,11,6,0.545,3330,7,5,False,Returning,False
ORD1414308,U109542,2024-02-22 16:56:40,Tier 1,203079,6140,6910,770,0,Mobiles,Prepaid,Afternoon,Android,7.0.0,Local_SmallSeller,Central,17.4,1,596,8,3,0.375,3750,3,2,False,Returning,False
ORD1320291,U145054,2024-02-22 18:27:56,Tier 3,391076,19870,26520,6650,0,Mobiles,CoD,Evening,Android,6.5.2,Flagship_1P,North,41.1,1,877,15,9,0.6,9130,3,3,False,Returning,False
ORD1036821,U145763,2024-02-22 18:31:12,Tier 2,776292,1830,1920,90,0,Fashion,CoD,Evening,Android,6.4.0,Marketplace_3P,North,11.7,2,1445,22,3,0.136,20670,18,3,False,Returning,False
ORD1471783,U163483,2024-02-22 21:11:01,Tier 1,486020,1110,1360,250,0,Footwear,Prepaid,Evening,Android,6.3.1,Flagship_1P,North,3.7,1,1459,18,0,0.0,39990,16,0,False,Returning,False
ORD1188055,U204479,2024-02-22 23:37:04,Tier 3,327422,2130,2570,440,0,Fashion,CoD,Late_Night,Android,6.5.2,Marketplace_3P,North,8.7,2,629,10,1,0.1,14470,7,1,False,Returning,False
ORD1039184,U103860,2024-02-23 00:46:06,Tier 2,204870,580,610,30,0,Grocery,Prepaid,Late_Night,Android,7.0.0,Marketplace_3P,East,8.8,1,816,11,1,0.091,19770,5,1,False,Returning,False
ORD1296505,U139695,2024-02-23 01:40:41,Tier 2,566838,1520,1650,130,0,Toys,CoD,Late_Night,Android,6.4.0,Marketplace_3P,East,2.9,1,450,6,0,0.0,19150,4,0,False,Returning,False
ORD1286494,U150363,2024-02-23 04:58:37,Tier 2,337457,4080,4310,230,0,Electronics,Prepaid,Late_Night,Android,6.2.0,Marketplace_3P,East,2.2,2,369,4,0,0.0,8830,2,0,False,Returning,False
ORD1295756,U124701,2024-02-23 05:59:31,Tier 3,663554,9960,13140,3180,0,Electronics,CoD,Morning,Android,6.5.2,Local_SmallSeller,South,7.3,1,1250,12,4,0.333,6430,4,3,False,Returning,False
ORD1055131,U130061,2024-02-23 06:23:20,Tier 2,502579,590,700,110,0,Footwear,CoD,Morning,iOS,6.5.2,Marketplace_3P,East,27.7,1,1276,18,6,0.333,16090,7,6,False,Returning,False
ORD1361062,U103472,2024-02-23 14:32:05,Tier 1,627099,26170,28320,2150,0,Mobiles,Prepaid,Afternoon,Android,6.3.1,Marketplace_3P,East,12.2,3,1102,11,1,0.091,18560,4,1,False,Returning,False
ORD1177499,U183616,2024-02-23 18:17:50,Tier 1,712445,280,290,10,60,Grocery,Prepaid,Evening,Android,6.2.0,Marketplace_3P,South,5.1,1,639,7,4,0.571,13870,4,3,False,Returning,False
ORD1088721,U118939,2024-02-23 18:20:44,Tier 3,413371,2540,2910,370,0,Home & Kitchen,CoD,Evening,iOS,6.4.0,Marketplace_3P,North,26.8,3,862,9,1,0.111,29390,8,1,False,Returning,False
ORD1466782,U111030,2024-02-23 19:26:23,Tier 3,326728,680,850,170,0,Toys,CoD,Evening,Android,6.3.1,Marketplace_3P,North,18.5,1,1471,16,1,0.062,35890,9,1,False,Returning,True
ORD1377420,U193267,2024-02-23 19:41:01,Tier 2,421711,3660,4030,370,0,Home & Kitchen,Prepaid,Evening,Android,7.0.0,Marketplace_3P,West,11.7,1,327,5,2,0.4,14460,1,1,False,Returning,False
ORD1407680,U139361,2024-02-24 02:01:45,Tier 3,469656,3090,3400,310,0,Home & Kitchen,CoD,Late_Night,iOS,6.4.0,Marketplace_3P,West,27.7,1,1370,14,2,0.143,25760,10,2,False,Returning,False
ORD1453448,U104026,2024-02-24 05:31:24,Tier 2,226820,2600,2890,290,0,Footwear,Prepaid,Morning,Android,7.0.0,Local_SmallSeller,East,8.6,2,315,5,2,0.4,11860,3,2,False,Returning,False
ORD1020156,U205281,2024-02-24 07:52:28,Tier 3,213529,370,450,80,60,Beauty,Prepaid,Morning,Android,6.5.2,Marketplace_3P,East,25.0,1,5,3,0,0.0,12270,1,0,False,Returning,True
ORD1272899,U120459,2024-02-24 08:16:42,Tier 3,790144,18870,20810,1940,0,Mobiles,CoD,Morning,Android,6.5.2,Marketplace_3P,West,23.0,1,696,7,0,0.0,6110,5,0,False,Returning,True
ORD1402258,U150239,2024-02-24 10:05:05,Tier 1,354068,7150,9310,2160,0,Electronics,CoD,Morning,Android,6.2.0,Local_SmallSeller,East,2.7,2,342,2,1,0.5,1520,1,1,False,Returning,False
ORD1437554,U187361,2024-02-24 12:16:50,Tier 2,848397,540,560,20,0,Toys,CoD,Afternoon,Android,6.2.0,Local_SmallSeller,Central,4.5,3,682,6,1,0.167,23650,2,1,False,Returning,False
ORD1449261,U103866,2024-02-24 13:28:50,Tier 2,774687,590,630,40,0,Toys,Prepaid,Afternoon,Android,6.3.1,Flagship_1P,Central,17.3,1,783,9,1,0.111,5250,5,1,False,Returning,False
ORD1213658,U183665,2024-02-24 15:06:32,Tier 3,581900,1640,1970,330,0,Beauty,Prepaid,Afternoon,Android,6.3.1,Flagship_1P,West,20.1,1,1392,10,0,0.0,7040,8,0,False,Returning,False
ORD1456406,U173930,2024-02-24 15:24:34,Tier 2,525910,2210,2820,610,0,Footwear,CoD,Afternoon,Android,7.0.0,Marketplace_3P,East,10.5,1,233,5,2,0.4,12400,3,2,False,Returning,False
ORD1447991,U122772,2024-02-24 17:11:16,Tier 3,453788,11640,14750,3110,0,Appliances,Prepaid,Evening,Android,6.4.0,Flagship_1P,South,49.5,1,211,3,0,0.0,6100,1,0,False,Returning,False
ORD1414816,U217213,2024-02-24 17:49:31,Tier 2,232125,1670,2180,510,0,Home & Kitchen,Prepaid,Evening,Android,6.2.0,Marketplace_3P,West,10.3,1,1178,11,1,0.091,14120,10,1,False,Returning,False
ORD1028793,U181107,2024-02-24 19:07:34,Tier 3,501616,9190,11110,1920,0,Mobiles,CoD,Evening,Android,7.0.0,Local_SmallSeller,North,12.1,1,1129,16,6,0.375,12110,8,6,False,Returning,False
ORD1067483,U124337,2024-02-24 21:43:10,Tier 1,706522,1630,2180,550,0,Fashion,Prepaid,Evening,Android,6.4.0,Marketplace_3P,Central,10.9,1,493,8,1,0.125,14790,3,1,False,Returning,False
ORD1218651,U186522,2024-02-25 05:03:51,Tier 3,144749,990,1130,140,0,Grocery,CoD,Morning,Android,6.5.2,Local_SmallSeller,Central,16.5,1,1141,10,0,0.0,37700,3,0,False,Returning,False
ORD1418309,U214548,2024-02-25 09:28:26,Tier 2,253206,340,400,60,0,Beauty,CoD,Morning,Android,6.4.0,Local_SmallSeller,Central,33.2,1,1306,17,1,0.059,23030,13,1,False,Returning,False
ORD1483578,U152883,2024-02-25 09:49:54,Tier 3,651708,1420,1800,380,0,Home & Kitchen,Prepaid,Morning,Android,6.2.0,Local_SmallSeller,North,23.6,1,1215,15,6,0.4,23280,11,6,False,Returning,False
ORD1167961,U207707,2024-02-25 10:20:40,Tier 3,284993,2510,3290,780,0,Footwear,CoD,Morning,Android,6.4.0,Marketplace_3P,East,27.7,1,1413,12,1,0.083,37740,10,1,False,Returning,True
ORD1432776,U178291,2024-02-25 11:11:37,Tier 2,830559,1870,2270,400,0,Footwear,Prepaid,Morning,iOS,6.4.0,Local_SmallSeller,West,12.0,1,1348,16,0,0.0,47160,12,0,False,Returning,False
ORD1443168,U151913,2024-02-25 11:31:34,Tier 2,222023,740,950,210,0,Footwear,CoD,Morning,Android,6.4.0,Local_SmallSeller,Central,14.2,1,889,8,1,0.125,7480,3,1,False,Returning,False
ORD1310258,U105827,2024-02-25 11:38:43,Tier 3,549283,1060,1130,70,0,Grocery,CoD,Morning,Android,6.4.0,Local_SmallSeller,South,8.2,1,1010,13,2,0.154,32620,8,2,False,Returning,False
ORD1219154,U113044,2024-02-25 11:56:43,Tier 1,681389,2140,2510,370,0,Fashion,Prepaid,Morning,Android,6.3.1,Local_SmallSeller,East,1.5,1,67,3,0,0.0,3620,1,0,False,Returning,False
ORD1324713,U106374,2024-02-25 11:59:19,Tier 1,676011,7920,8250,330,0,Home & Kitchen,Prepaid,Morning,Android,6.3.1,Marketplace_3P,South,8.8,1,219,4,2,0.5,17370,3,2,False,Returning,False
ORD1450602,U118283,2024-02-25 13:49:46,Tier 2,461081,1560,1960,400,0,Toys,CoD,Afternoon,Android,7.0.0,Marketplace_3P,West,11.4,1,1053,9,1,0.111,31690,6,1,False,Returning,False
ORD1449082,U121781,2024-02-25 14:29:08,Tier 2,766963,1970,2330,360,0,Fashion,Prepaid,Afternoon,iOS,6.2.0,Marketplace_3P,West,9.4,3,34,1,0,0.0,930,1,0,True,New,False
ORD1034409,U203782,2024-02-25 21:02:23,Tier 2,510484,26580,28030,1450,0,Mobiles,CoD,Evening,Android,6.3.1,Flagship_1P,West,1.2,1,1340,7,1,0.143,19450,2,1,False,Returning,False
ORD1028102,U154225,2024-02-25 22:08:25,Tier 2,635202,1620,1680,60,0,Home & Kitchen,CoD,Late_Night,Android,6.5.2,Flagship_1P,Central,6.0,1,429,1,1,1.0,1080,1,1,True,New,True
ORD1381772,U108437,2024-02-25 23:16:52,Tier 2,414574,1950,2350,400,0,Footwear,CoD,Late_Night,Android,6.5.2,Local_SmallSeller,West,2.8,1,384,5,0,0.0,8480,2,0,False,Returning,True
ORD1393850,U217507,2024-02-26 00:15:26,Tier 2,338971,670,710,40,0,Books,CoD,Late_Night,Android,6.2.0,Marketplace_3P,North,13.7,1,415,9,0,0.0,6460,7,0,False,Returning,False
ORD1358517,U138980,2024-02-26 00:25:44,Tier 1,846714,520,640,120,0,Beauty,Prepaid,Late_Night,Android,6.2.0,Local_SmallSeller,East,1.2,1,676,7,1,0.143,6170,6,1,False,Returning,False
ORD1008533,U171495,2024-02-26 07:29:51,Tier 1,777223,1800,2080,280,0,Fashion,Prepaid,Morning,Android,6.5.2,Marketplace_3P,North,13.2,2,649,5,2,0.4,2470,1,1,False,Returning,True
ORD1174208,U187350,2024-02-26 13:59:07,Tier 1,721637,590,690,100,0,Toys,Prepaid,Afternoon,Android,6.3.1,Marketplace_3P,Central,0.8,1,452,5,3,0.6,5310,2,2,False,Returning,False
ORD1292918,U145904,2024-02-26 15:30:28,Tier 2,126435,1620,1940,320,0,Toys,CoD,Afternoon,iOS,6.5.2,Flagship_1P,South,4.8,1,1266,10,1,0.1,4760,8,1,False,Returning,False
ORD1064055,U206132,2024-02-26 16:44:39,Tier 1,673252,330,410,80,60,Beauty,CoD,Afternoon,Android,6.4.0,Marketplace_3P,West,14.1,1,164,5,4,0.8,4910,4,3,False,Returning,False
ORD1459617,U141413,2024-02-26 17:10:33,Tier 3,629391,8670,10550,1880,0,Electronics,CoD,Evening,Android,6.5.2,Marketplace_3P,South,15.7,1,1266,13,3,0.231,3180,6,3,False,Returning,False
ORD1140488,U165835,2024-02-26 17:24:31,Tier 3,337234,1630,2140,510,0,Fashion,CoD,Evening,Android,7.0.0,Marketplace_3P,Central,43.4,1,612,11,7,0.636,15220,4,3,False,Returning,False
ORD1090713,U141750,2024-02-26 17:54:34,Tier 2,260518,3600,4490,890,0,Home & Kitchen,CoD,Evening,Android,6.3.1,Marketplace_3P,North,12.5,1,601,9,3,0.333,9730,5,3,False,Returning,False
ORD1309892,U122601,2024-02-26 18:10:53,Tier 1,437124,36200,38630,2430,0,Mobiles,CoD,Evening,Android,6.4.0,Marketplace_3P,West,5.1,1,667,9,0,0.0,15110,5,0,False,Returning,False
ORD1239611,U203789,2024-02-26 22:39:19,Tier 3,621603,880,930,50,0,Home & Kitchen,CoD,Late_Night,Android,6.5.2,Marketplace_3P,North,38.1,1,209,7,0,0.0,25460,5,0,False,Returning,False
ORD1322698,U102619,2024-02-26 23:49:00,Tier 3,231491,5460,6550,1090,0,Home & Kitchen,CoD,Late_Night,Android,6.2.0,Marketplace_3P,North,24.8,1,1418,17,7,0.412,82140,5,5,False,Returning,False
ORD1282066,U163339,2024-02-27 00:26:54,Tier 3,212315,15350,17470,2120,0,Appliances,CoD,Late_Night,Android,6.5.2,Marketplace_3P,North,57.6,1,512,5,0,0.0,3530,3,0,False,Returning,False
ORD1132785,U193434,2024-02-27 02:04:42,Tier 2,179639,1060,1290,230,0,Books,Prepaid,Late_Night,Android,6.3.1,Marketplace_3P,South,16.6,2,800,11,1,0.091,31460,8,1,False,Returning,False
ORD1180386,U153603,2024-02-27 02:23:04,Tier 3,785910,7090,9090,2000,0,Electronics,CoD,Late_Night,Android,6.4.0,Local_SmallSeller,North,22.2,1,1294,15,1,0.067,26200,6,1,False,Returning,True
ORD1086792,U173671,2024-02-27 04:49:17,Tier 1,485607,7290,9720,2430,0,Electronics,CoD,Late_Night,Android,6.4.0,Flagship_1P,Central,10.9,1,851,16,10,0.625,17290,7,6,False,Returning,False
ORD1387419,U212072,2024-02-27 09:57:39,Tier 3,699134,770,790,20,0,Grocery,CoD,Morning,iOS,6.2.0,Local_SmallSeller,West,3.2,1,241,3,0,0.0,2900,2,0,False,Returning,False
ORD1028399,U175860,2024-02-27 11:01:16,Tier 1,352647,870,1070,200,0,Toys,Prepaid,Morning,Android,6.5.2,Marketplace_3P,East,5.7,1,1197,15,0,0.0,46270,11,0,False,Returning,False
ORD1488195,U209246,2024-02-27 11:09:13,Tier 3,496588,5400,5570,170,0,Mobiles,CoD,Morning,Android,6.5.2,Marketplace_3P,West,22.8,1,629,7,1,0.143,400,4,1,False,Returning,False
ORD1256610,U105535,2024-02-27 11:49:32,Tier 1,283249,2260,2620,360,0,Footwear,Prepaid,Morning,iOS,6.2.0,Marketplace_3P,East,10.4,1,1013,7,3,0.429,8210,1,1,False,Returning,False
ORD1061919,U163795,2024-02-27 15:25:17,Tier 3,363794,10380,11020,640,0,Mobiles,CoD,Afternoon,Android,6.4.0,Flagship_1P,West,22.4,1,992,11,1,0.091,18560,6,1,False,Returning,False
ORD1155912,U168011,2024-02-27 16:47:50,Tier 1,447030,3350,4140,790,0,Electronics,CoD,Afternoon,Android,6.2.0,Marketplace_3P,West,10.5,1,1406,16,1,0.062,83910,8,1,False,Returning,False
ORD1101415,U110409,2024-02-27 18:40:45,Tier 3,753639,1020,1200,180,0,Books,CoD,Evening,iOS,6.4.0,Marketplace_3P,North,37.4,1,961,12,2,0.167,56520,3,2,False,Returning,False
ORD1189927,U127316,2024-02-27 19:23:35,Tier 2,393682,600,730,130,0,Books,CoD,Evening,Android,6.2.0,Marketplace_3P,Central,5.2,1,912,12,7,0.583,2250,8,6,False,Returning,False
ORD1328620,U151796,2024-02-27 20:08:52,Tier 2,433204,620,800,180,0,Toys,CoD,Evening,Android,7.0.0,Marketplace_3P,North,15.9,1,148,2,1,0.5,5520,2,1,False,Returning,True
ORD1457914,U210853,2024-02-27 23:21:25,Tier 2,560536,1650,2020,370,0,Grocery,CoD,Late_Night,Android,6.5.2,Flagship_1P,South,1.7,1,1432,14,6,0.429,3400,10,6,False,Returning,True
ORD1424035,U149258,2024-02-28 00:07:31,Tier 3,630293,2270,2570,300,0,Fashion,CoD,Late_Night,Android,6.3.1,Flagship_1P,East,35.6,1,41,1,0,0.0,4620,1,0,True,New,False
ORD1189693,U125639,2024-02-28 00:10:42,Tier 2,793750,840,1060,220,0,Footwear,Prepaid,Late_Night,iOS,6.4.0,Marketplace_3P,North,10.8,1,515,10,3,0.3,35490,5,3,False,Returning,False
ORD1458688,U125148,2024-02-28 10:12:31,Tier 2,804862,19030,24110,5080,0,Mobiles,CoD,Morning,Android,6.5.2,Marketplace_3P,South,7.3,3,911,9,2,0.222,10050,5,2,False,Returning,False
ORD1167453,U101651,2024-02-28 11:02:52,Tier 1,367027,660,760,100,0,Toys,CoD,Morning,Android,6.5.2,Marketplace_3P,Central,7.7,1,28,2,0,0.0,2880,1,0,False,Returning,False
ORD1034202,U149114,2024-02-28 11:27:21,Tier 2,653288,570,650,80,0,Footwear,Prepaid,Morning,Android,6.4.0,Flagship_1P,East,3.0,1,154,2,0,0.0,2130,1,0,False,Returning,False
ORD1373865,U188707,2024-02-28 13:01:34,Tier 3,226562,980,1090,110,0,Toys,CoD,Afternoon,Android,7.0.0,Marketplace_3P,Central,37.7,2,785,10,1,0.1,27840,7,1,False,Returning,True
ORD1002345,U157664,2024-02-28 13:34:36,Tier 2,390367,670,900,230,0,Grocery,Prepaid,Afternoon,iOS,6.5.2,Marketplace_3P,South,7.1,2,85,2,1,0.5,2700,1,1,False,Returning,False
ORD1414501,U178351,2024-02-28 14:48:48,Tier 3,123955,4680,5680,1000,0,Electronics,CoD,Afternoon,iOS,6.3.1,Marketplace_3P,North,4.6,1,688,9,3,0.333,19240,6,3,False,Returning,False
ORD1349675,U175199,2024-02-28 15:09:03,Tier 2,670804,1000,1050,50,0,Fashion,CoD,Afternoon,Android,6.2.0,Local_SmallSeller,South,9.2,2,868,8,3,0.375,35500,2,2,False,Returning,False
ORD1024645,U189460,2024-02-28 19:06:23,Tier 3,231638,2620,2900,280,0,Home & Kitchen,CoD,Evening,Android,6.5.2,Marketplace_3P,South,40.5,2,582,10,1,0.1,14040,5,1,False,Returning,False
ORD1140724,U185863,2024-02-28 20:57:19,Tier 3,120065,910,1130,220,0,Fashion,CoD,Evening,Android,7.0.0,Marketplace_3P,Central,18.0,1,766,8,2,0.25,24360,4,2,False,Returning,False
ORD1411131,U210979,2024-02-28 23:01:43,Tier 2,793744,1120,1370,250,0,Beauty,CoD,Late_Night,Android,7.0.0,Marketplace_3P,South,7.8,1,403,5,1,0.2,5220,3,1,False,Returning,True
ORD1169094,U219141,2024-02-28 23:11:08,Tier 3,416437,11230,12400,1170,0,Mobiles,CoD,Late_Night,Android,6.5.2,Marketplace_3P,East,37.1,1,1062,6,0,0.0,9460,3,0,False,Returning,True
ORD1193961,U103742,2024-02-28 23:27:21,Tier 2,367661,2360,2640,280,0,Fashion,CoD,Late_Night,Android,6.3.1,Marketplace_3P,South,11.7,1,1408,19,1,0.053,36650,17,1,False,Returning,False
ORD1111950,U106308,2024-02-29 00:49:27,Tier 2,842299,490,630,140,0,Grocery,Prepaid,Late_Night,iOS,6.5.2,Marketplace_3P,North,7.3,1,594,5,0,0.0,6640,4,0,False,Returning,False
ORD1242411,U149819,2024-02-29 01:39:32,Tier 1,363831,2730,3140,410,0,Home & Kitchen,CoD,Late_Night,Android,6.5.2,Marketplace_3P,West,21.9,1,1309,15,5,0.333,38200,4,4,False,Returning,False
ORD1187192,U173559,2024-02-29 05:26:37,Tier 2,800004,20030,20510,480,0,Mobiles,CoD,Morning,iOS,6.4.0,Flagship_1P,Central,19.0,1,1118,8,2,0.25,14600,3,2,False,Returning,True
ORD1215147,U115313,2024-02-29 09:42:45,Tier 2,478573,580,720,140,0,Books,CoD,Morning,Android,7.0.0,Marketplace_3P,West,5.5,1,1490,22,5,0.227,17490,16,5,False,Returning,False
ORD1264439,U157201,2024-02-29 10:54:39,Tier 2,355622,11230,15000,3770,0,Appliances,CoD,Morning,Android,6.5.2,Local_SmallSeller,West,12.5,2,995,15,4,0.267,22180,3,3,False,Returning,False
ORD1408412,U198251,2024-02-29 13:54:32,Tier 3,198449,1290,1530,240,0,Fashion,Prepaid,Afternoon,Android,6.5.2,Flagship_1P,Central,21.8,1,1003,10,0,0.0,17760,4,0,False,Returning,False
ORD1295005,U181665,2024-02-29 17:18:20,Tier 3,518774,7500,7530,30,0,Electronics,Prepaid,Evening,Android,6.5.2,Marketplace_3P,Central,30.3,2,492,12,0,0.0,7390,7,0,False,Returning,False
ORD1258997,U218391,2024-02-29 17:41:31,Tier 2,809219,5020,5600,580,0,Electronics,CoD,Evening,Android,6.5.2,Flagship_1P,East,10.8,1,7,2,0,0.0,2150,1,0,False,Returning,True
ORD1378539,U179936,2024-02-29 18:02:50,Tier 2,454763,710,820,110,0,Fashion,Prepaid,Evening,Android,6.2.0,Local_SmallSeller,North,2.1,3,1469,15,1,0.067,38060,9,1,False,Returning,False
ORD1211720,U155325,2024-02-29 21:16:46,Tier 2,362806,990,1250,260,0,Fashion,CoD,Evening,Android,6.5.2,Marketplace_3P,East,14.5,1,1050,17,3,0.176,7010,7,3,False,Returning,False
ORD1007883,U104763,2024-02-29 22:59:24,Tier 1,389225,1390,1740,350,0,Footwear,Prepaid,Late_Night,Android,6.3.1,Flagship_1P,Central,5.7,1,357,8,2,0.25,10900,4,2,False,Returning,False
ORD1291135,U121452,2024-03-01 04:41:10,Tier 2,495616,780,940,160,0,Fashion,CoD,Late_Night,Android,6.3.1,Marketplace_3P,Central,1.9,1,1080,16,5,0.312,15780,9,5,False,Returning,False
ORD1319115,U166077,2024-03-01 06:28:53,Tier 2,828867,990,1000,10,0,Fashion,CoD,Morning,Android,6.3.1,Marketplace_3P,West,34.5,1,917,8,2,0.25,11170,5,2,False,Returning,True
ORD1180537,U198454,2024-03-01 07:18:58,Tier 3,362941,1980,2130,150,0,Home & Kitchen,Prepaid,Morning,Android,7.0.0,Flagship_1P,East,30.4,2,51,1,0,0.0,2840,0,0,True,New,False
ORD1197330,U191474,2024-03-01 07:34:10,Tier 2,135325,1510,1890,380,0,Fashion,CoD,Morning,iOS,6.4.0,Flagship_1P,West,29.3,2,342,4,1,0.25,1850,2,1,False,Returning,True
ORD1002477,U202809,2024-03-01 09:40:30,Tier 3,586360,1000,1150,150,0,Fashion,CoD,Morning,Android,7.0.0,Marketplace_3P,West,18.6,1,1406,13,1,0.077,11060,11,1,False,Returning,False
ORD1458525,U109176,2024-03-01 10:13:31,Tier 2,713749,1800,2030,230,0,Footwear,Prepaid,Morning,Android,6.3.1,Local_SmallSeller,East,20.0,1,965,15,5,0.333,46310,9,5,False,Returning,False
ORD1408904,U207342,2024-03-01 13:53:08,Tier 1,384178,360,430,70,0,Grocery,Prepaid,Afternoon,Android,7.0.0,Marketplace_3P,Central,11.3,1,431,4,1,0.25,2270,3,1,False,Returning,False
ORD1325074,U127452,2024-03-01 17:36:07,Tier 1,161813,5720,7230,1510,0,Electronics,Prepaid,Evening,Android,6.5.2,Marketplace_3P,South,13.1,2,689,10,1,0.1,4110,7,1,False,Returning,False
ORD1353407,U115383,2024-03-01 17:39:09,Tier 2,798196,3220,3390,170,0,Fashion,Prepaid,Evening,Android,7.0.0,Marketplace_3P,Central,24.6,1,766,13,2,0.154,4900,6,2,False,Returning,False
ORD1334174,U140316,2024-03-01 17:55:46,Tier 2,352298,1250,1410,160,0,Beauty,CoD,Evening,Android,6.5.2,Marketplace_3P,North,4.3,2,492,6,0,0.0,63370,2,0,False,Returning,False
ORD1446752,U108474,2024-03-01 18:31:18,Tier 1,485775,1450,1820,370,0,Beauty,Prepaid,Evening,Android,6.4.0,Flagship_1P,Central,8.7,2,1302,11,3,0.273,27600,4,2,False,Returning,False
ORD1368883,U187142,2024-03-01 21:20:20,Tier 1,676408,1350,1410,60,0,Toys,Prepaid,Evening,Android,6.5.2,Local_SmallSeller,West,4.3,1,311,7,3,0.429,21360,4,3,False,Returning,False
ORD1372985,U211309,2024-03-02 01:31:52,Tier 2,172401,1120,1430,310,0,Beauty,Prepaid,Late_Night,Android,6.4.0,Local_SmallSeller,Central,12.9,1,309,3,0,0.0,2750,2,0,False,Returning,False
ORD1428365,U214536,2024-03-02 01:38:41,Tier 2,441795,790,800,10,0,Books,Prepaid,Late_Night,Android,7.0.0,Local_SmallSeller,Central,1.5,2,607,12,0,0.0,71780,10,0,False,Returning,False
ORD1455784,U175080,2024-03-02 05:00:40,Tier 1,776438,2060,2270,210,0,Fashion,Prepaid,Morning,Android,6.3.1,Marketplace_3P,Central,6.9,1,768,7,0,0.0,6760,4,0,False,Returning,False
ORD1048806,U181764,2024-03-02 06:59:52,Tier 1,513658,1170,1330,160,0,Grocery,CoD,Morning,Android,6.4.0,Local_SmallSeller,Central,8.7,2,19,2,1,0.5,430,1,1,False,Returning,True
ORD1202630,U205850,2024-03-02 10:33:19,Tier 2,544607,700,920,220,0,Beauty,CoD,Morning,Android,6.3.1,Flagship_1P,South,8.4,1,1428,20,6,0.3,13820,14,6,False,Returning,True
ORD1301832,U146839,2024-03-02 12:37:49,Tier 2,252645,6620,7090,470,0,Appliances,CoD,Afternoon,Android,6.3.1,Marketplace_3P,East,13.7,1,244,6,0,0.0,4890,4,0,False,Returning,False
ORD1349768,U121022,2024-03-02 13:55:50,Tier 2,511970,1020,1210,190,0,Home & Kitchen,CoD,Afternoon,Android,7.0.0,Flagship_1P,West,10.4,1,1174,14,6,0.429,31390,11,6,False,Returning,False
ORD1445871,U147086,2024-03-02 14:04:21,Tier 2,720301,1040,1100,60,0,Fashion,Prepaid,Afternoon,Android,6.2.0,Local_SmallSeller,South,5.9,1,1202,18,6,0.333,47110,15,6,False,Returning,False
ORD1370916,U124792,2024-03-02 14:50:36,Tier 2,116998,670,800,130,0,Fashion,Prepaid,Afternoon,Android,6.5.2,Flagship_1P,West,11.7,1,335,5,0,0.0,5400,2,0,False,Returning,False
ORD1341920,U170857,2024-03-02 15:38:25,Tier 1,529484,4930,5750,820,0,Electronics,Prepaid,Afternoon,iOS,6.5.2,Marketplace_3P,South,2.1,1,483,7,1,0.143,11050,4,1,False,Returning,False
ORD1280631,U213026,2024-03-02 16:12:31,Tier 1,198011,2280,2950,670,0,Home & Kitchen,CoD,Afternoon,Android,6.5.2,Marketplace_3P,East,4.6,1,1242,14,3,0.214,27160,6,3,False,Returning,False
ORD1010161,U178482,2024-03-02 18:37:56,Tier 2,855418,8990,9330,340,0,Appliances,Prepaid,Evening,Android,6.2.0,Marketplace_3P,Central,6.9,1,275,2,1,0.5,3690,1,1,False,Returning,True
ORD1129043,U105029,2024-03-02 21:35:11,Tier 2,464785,2270,2390,120,0,Fashion,CoD,Evening,Android,6.3.1,Marketplace_3P,North,4.6,1,349,3,0,0.0,2460,1,0,False,Returning,False
ORD1008105,U197560,2024-03-02 22:04:37,Tier 1,468102,330,400,70,60,Grocery,Prepaid,Late_Night,Android,6.3.1,Marketplace_3P,East,3.8,1,1066,11,3,0.273,25410,10,3,False,Returning,False
ORD1377117,U180800,2024-03-02 23:18:04,Tier 3,524689,40650,51630,10980,0,Mobiles,Prepaid,Late_Night,Android,6.2.0,Marketplace_3P,East,13.1,2,19,1,0,0.0,2500,1,0,True,New,True
ORD1030514,U109626,2024-03-03 01:21:31,Tier 2,783580,22080,22300,220,0,Appliances,Prepaid,Late_Night,Android,7.0.0,Flagship_1P,North,21.2,1,1410,14,2,0.143,42130,11,2,False,Returning,False
ORD1194536,U212088,2024-03-03 02:16:01,Tier 1,429098,1280,1620,340,0,Beauty,Prepaid,Late_Night,iOS,7.0.0,Flagship_1P,East,1.6,1,1229,11,4,0.364,12130,3,2,False,Returning,True
ORD1266547,U196865,2024-03-03 02:22:56,Tier 2,338726,2150,2170,20,0,Home & Kitchen,CoD,Late_Night,Android,6.5.2,Local_SmallSeller,East,24.0,2,813,13,3,0.231,15030,7,3,False,Returning,False
ORD1075543,U115201,2024-03-03 05:32:11,Tier 1,191393,7010,7250,240,0,Mobiles,CoD,Morning,Android,6.2.0,Flagship_1P,North,9.2,1,153,1,0,0.0,770,1,0,True,New,True
ORD1447902,U105525,2024-03-03 07:37:12,Tier 2,476252,1370,1410,40,0,Toys,Prepaid,Morning,iOS,6.5.2,Flagship_1P,West,3.7,1,151,2,0,0.0,8420,2,0,False,Returning,False
ORD1385741,U141762,2024-03-03 08:58:50,Tier 1,680128,3720,4000,280,0,Home & Kitchen,CoD,Morning,Android,6.4.0,Flagship_1P,South,6.8,1,458,8,3,0.375,3240,7,3,False,Returning,False
ORD1490960,U137512,2024-03-03 10:08:17,Tier 2,521944,5790,6300,510,0,Mobiles,CoD,Morning,Android,6.4.0,Flagship_1P,East,19.7,1,727,10,3,0.3,26650,7,3,False,Returning,False
ORD1194663,U126528,2024-03-03 11:03:53,Tier 3,531434,8510,10040,1530,0,Electronics,CoD,Morning,iOS,6.2.0,Local_SmallSeller,Central,38.9,1,298,3,0,0.0,630,3,0,False,Returning,False
ORD1096835,U156412,2024-03-03 11:07:15,Tier 1,551797,190,240,50,60,Books,Prepaid,Morning,Android,6.4.0,Marketplace_3P,West,3.0,1,1341,19,1,0.053,15900,5,1,False,Returning,False
ORD1087757,U164981,2024-03-03 11:52:19,Tier 2,811179,2650,2730,80,0,Home & Kitchen,CoD,Morning,iOS,6.2.0,Marketplace_3P,East,40.9,1,438,6,2,0.333,11510,4,2,False,Returning,False
ORD1073180,U168322,2024-03-03 12:36:11,Tier 2,120297,1170,1390,220,0,Footwear,Prepaid,Afternoon,iOS,7.0.0,Local_SmallSeller,West,10.0,1,1276,17,2,0.118,28290,6,2,False,Returning,False
ORD1210897,U194661,2024-03-03 13:00:08,Tier 2,307347,2820,3760,940,0,Home & Kitchen,CoD,Afternoon,Android,6.3.1,Marketplace_3P,West,14.4,1,362,5,0,0.0,21620,4,0,False,Returning,False
ORD1397550,U138502,2024-03-03 15:36:53,Tier 2,136675,850,940,90,0,Fashion,CoD,Afternoon,Android,6.3.1,Local_SmallSeller,West,10.0,1,385,5,1,0.2,3200,2,1,False,Returning,False
ORD1244038,U158186,2024-03-03 16:43:42,Tier 2,736946,590,670,80,0,Grocery,CoD,Afternoon,Android,6.3.1,Marketplace_3P,East,24.0,1,231,2,0,0.0,3380,2,0,False,Returning,False
ORD1244767,U130393,2024-03-03 18:32:29,Tier 3,648671,22500,25620,3120,0,Mobiles,Prepaid,Evening,Android,6.3.1,Marketplace_3P,South,35.8,1,177,1,0,0.0,660,0,0,True,New,False
ORD1134690,U181465,2024-03-03 19:46:51,Tier 3,282475,410,480,70,40,Books,CoD,Evening,Android,6.3.1,Marketplace_3P,South,12.3,1,1368,9,1,0.111,19350,4,1,False,Returning,False
ORD1339009,U165392,2024-03-03 20:02:14,Tier 2,785301,5510,6580,1070,0,Electronics,Prepaid,Evening,Android,6.5.2,Marketplace_3P,North,7.1,1,1228,11,2,0.182,29860,8,2,False,Returning,False
ORD1163671,U181802,2024-03-03 22:59:39,Tier 3,244535,1670,1940,270,0,Home & Kitchen,CoD,Late_Night,Android,7.0.0,Local_SmallSeller,South,10.1,1,51,3,0,0.0,14770,2,0,False,Returning,False
ORD1249554,U210960,2024-03-03 23:55:49,Tier 3,245722,720,920,200,0,Toys,CoD,Late_Night,Android,6.2.0,Marketplace_3P,North,21.3,1,971,18,2,0.111,24060,6,2,False,Returning,False
ORD1033478,U162074,2024-03-04 00:44:54,Tier 3,715208,21000,21670,670,0,Electronics,Prepaid,Late_Night,Android,6.2.0,Marketplace_3P,Central,41.4,1,227,5,1,0.2,13810,4,1,False,Returning,False
ORD1438205,U200006,2024-03-04 02:18:00,Tier 2,220227,2810,3690,880,0,Home & Kitchen,Prepaid,Late_Night,Android,6.4.0,Local_SmallSeller,North,14.8,1,212,7,1,0.143,5170,3,1,False,Returning,False
ORD1460396,U165212,2024-03-04 04:15:27,Tier 2,247917,1150,1420,270,0,Fashion,CoD,Late_Night,Android,7.0.0,Marketplace_3P,South,8.5,1,503,8,1,0.125,20010,2,1,False,Returning,False
ORD1235346,U141886,2024-03-04 04:40:42,Tier 2,705051,1500,1950,450,0,Footwear,CoD,Late_Night,Android,6.3.1,Flagship_1P,Central,23.2,1,1155,18,3,0.167,59020,11,3,False,Returning,False
ORD1039706,U183914,2024-03-04 06:59:51,Tier 3,480434,5560,6150,590,0,Electronics,Prepaid,Morning,iOS,6.4.0,Marketplace_3P,East,11.8,2,156,4,3,0.75,7650,1,1,False,Returning,False
ORD1255696,U122793,2024-03-04 07:08:42,Tier 2,311360,710,840,130,0,Footwear,Prepaid,Morning,iOS,6.2.0,Flagship_1P,South,27.7,1,415,8,1,0.125,3850,6,1,False,Returning,False
ORD1191166,U204597,2024-03-04 07:54:56,Tier 3,708017,1620,1760,140,0,Home & Kitchen,CoD,Morning,Android,6.5.2,Marketplace_3P,West,20.7,1,1469,14,5,0.357,4300,12,5,False,Returning,False
ORD1292833,U188928,2024-03-04 08:04:44,Tier 3,466010,5230,5490,260,0,Mobiles,CoD,Morning,Android,7.0.0,Local_SmallSeller,North,16.9,1,1216,13,3,0.231,37040,4,3,False,Returning,False
ORD1294182,U184783,2024-03-04 08:54:07,Tier 1,642846,5360,6410,1050,0,Electronics,CoD,Morning,iOS,6.3.1,Local_SmallSeller,Central,23.1,1,1370,23,4,0.174,120870,18,4,False,Returning,False
ORD1448339,U120321,2024-03-04 11:23:56,Tier 3,478498,5650,7560,1910,0,Electronics,Prepaid,Morning,Android,6.3.1,Flagship_1P,South,33.5,2,4,2,1,0.5,2850,2,1,False,Returning,False
ORD1119998,U114662,2024-03-04 11:52:27,Tier 3,326525,2890,3770,880,0,Beauty,CoD,Morning,Android,6.5.2,Marketplace_3P,Central,23.7,1,1328,18,2,0.111,28140,9,2,False,Returning,False
ORD1188362,U170547,2024-03-04 12:21:10,Tier 3,747216,31580,36440,4860,0,Mobiles,CoD,Afternoon,Android,6.4.0,Flagship_1P,Central,14.1,1,187,2,0,0.0,7100,2,0,False,Returning,True
ORD1224314,U180754,2024-03-04 15:07:30,Tier 1,139587,10770,11150,380,0,Electronics,CoD,Afternoon,Android,6.2.0,Marketplace_3P,West,12.4,2,931,11,4,0.364,16670,10,4,False,Returning,False
ORD1131268,U210764,2024-03-04 19:09:19,Tier 3,673328,4230,4260,30,0,Electronics,CoD,Evening,iOS,7.0.0,Local_SmallSeller,South,23.0,1,873,10,5,0.5,8260,5,3,False,Returning,True
ORD1309259,U198455,2024-03-05 00:00:25,Tier 2,597780,540,660,120,0,Beauty,Prepaid,Late_Night,Android,6.3.1,Flagship_1P,South,12.1,2,577,3,0,0.0,9880,1,0,False,Returning,False
ORD1023187,U167494,2024-03-05 01:33:53,Tier 3,322540,2750,2900,150,0,Home & Kitchen,CoD,Late_Night,Android,6.3.1,Marketplace_3P,Central,16.3,1,513,8,3,0.375,25430,3,2,False,Returning,False
ORD1257434,U187741,2024-03-05 02:55:16,Tier 1,217435,1110,1480,370,0,Footwear,Prepaid,Late_Night,Android,6.3.1,Flagship_1P,South,15.9,1,1348,10,3,0.3,3860,5,3,False,Returning,False
ORD1304051,U192043,2024-03-05 05:13:09,Tier 1,805875,290,350,60,40,Books,CoD,Morning,iOS,6.3.1,Local_SmallSeller,Central,6.5,2,1079,9,4,0.444,2520,5,3,False,Returning,True
ORD1258460,U201819,2024-03-05 07:53:41,Tier 2,785471,250,300,50,60,Grocery,Prepaid,Morning,Android,6.5.2,Marketplace_3P,South,32.2,1,13,1,0,0.0,2700,0,0,True,New,True
ORD1366125,U169671,2024-03-05 08:39:38,Tier 2,554743,380,450,70,40,Books,CoD,Morning,Android,6.2.0,Marketplace_3P,South,13.2,1,559,6,1,0.167,9690,5,1,False,Returning,False
ORD1052039,U123717,2024-03-05 12:08:10,Tier 1,522387,1060,1210,150,0,Fashion,Prepaid,Afternoon,Android,6.5.2,Marketplace_3P,South,18.0,1,1199,14,3,0.214,13350,11,3,False,Returning,False
ORD1182488,U179611,2024-03-05 12:27:27,Tier 3,560594,710,830,120,0,Fashion,CoD,Afternoon,Android,6.5.2,Marketplace_3P,South,17.8,1,1443,18,0,0.0,31670,13,0,False,Returning,False
ORD1380752,U182784,2024-03-05 13:37:56,Tier 1,199485,600,710,110,0,Books,Prepaid,Afternoon,Android,6.4.0,Marketplace_3P,Central,2.2,1,721,5,2,0.4,3290,3,2,False,Returning,False
ORD1460302,U142298,2024-03-05 17:53:47,Tier 1,788037,11360,14890,3530,0,Mobiles,Prepaid,Evening,Android,6.3.1,Flagship_1P,South,5.6,1,14,1,0,0.0,550,1,0,True,New,True
ORD1459574,U154451,2024-03-05 23:15:58,Tier 1,397069,20610,24120,3510,0,Appliances,CoD,Late_Night,Android,6.2.0,Flagship_1P,South,2.0,1,202,4,0,0.0,4490,2,0,False,Returning,False
ORD1419876,U109295,2024-03-06 00:46:19,Tier 1,420847,1640,2210,570,0,Toys,Prepaid,Late_Night,Android,6.2.0,Local_SmallSeller,Central,2.7,1,1126,10,3,0.3,3450,8,3,False,Returning,True
ORD1300711,U105449,2024-03-06 02:24:20,Tier 3,674780,5490,7130,1640,0,Appliances,CoD,Late_Night,Android,6.2.0,Flagship_1P,North,19.1,1,252,3,1,0.333,1520,1,1,False,Returning,False
ORD1069785,U162597,2024-03-06 06:16:34,Tier 3,730040,1860,2010,150,0,Footwear,CoD,Morning,Android,6.2.0,Marketplace_3P,North,72.3,1,472,5,2,0.4,8710,3,2,False,Returning,False
ORD1419636,U124740,2024-03-06 10:42:32,Tier 1,640268,1780,2210,430,0,Home & Kitchen,Prepaid,Morning,Android,7.0.0,Marketplace_3P,South,2.0,2,1349,5,0,0.0,7870,1,0,False,Returning,False
ORD1166956,U197261,2024-03-06 11:29:46,Tier 2,840233,12820,14780,1960,0,Mobiles,Prepaid,Morning,Android,7.0.0,Flagship_1P,North,15.6,1,868,10,0,0.0,60930,6,0,False,Returning,False
ORD1408027,U112930,2024-03-06 13:14:25,Tier 3,178653,1540,1560,20,0,Fashion,CoD,Afternoon,Android,6.5.2,Local_SmallSeller,West,15.4,2,1283,13,0,0.0,11250,6,0,False,Returning,False
ORD1055321,U114204,2024-03-06 13:37:55,Tier 3,241960,14310,15690,1380,0,Mobiles,CoD,Afternoon,Android,6.4.0,Marketplace_3P,East,17.3,1,858,14,0,0.0,47770,12,0,False,Returning,True
ORD1216050,U170248,2024-03-06 14:21:42,Tier 1,294038,5380,7090,1710,0,Fashion,CoD,Afternoon,Android,7.0.0,Marketplace_3P,East,4.6,1,377,5,0,0.0,18030,2,0,False,Returning,False
ORD1132994,U177141,2024-03-06 15:44:58,Tier 2,201597,11290,14290,3000,0,Electronics,CoD,Afternoon,Android,6.5.2,Flagship_1P,South,5.7,3,757,4,1,0.25,3480,3,1,False,Returning,False
ORD1372173,U202598,2024-03-06 17:14:16,Tier 2,130681,13960,17220,3260,0,Mobiles,Prepaid,Evening,Android,6.3.1,Local_SmallSeller,Central,53.6,1,603,5,1,0.2,2980,1,1,False,Returning,False
ORD1223512,U129700,2024-03-06 18:35:41,Tier 3,334639,1650,1820,170,0,Fashion,Prepaid,Evening,Android,6.5.2,Marketplace_3P,North,16.7,2,896,12,7,0.583,9470,4,3,False,Returning,True
ORD1080909,U108181,2024-03-06 20:15:58,Tier 2,433574,9670,11230,1560,0,Electronics,CoD,Evening,Android,6.5.2,Marketplace_3P,East,23.1,1,1118,12,4,0.333,5680,5,3,False,Returning,False
ORD1449031,U129839,2024-03-06 20:53:27,Tier 2,329190,8090,9330,1240,0,Mobiles,CoD,Evening,Android,6.2.0,Marketplace_3P,North,4.1,1,1274,22,10,0.455,67720,14,10,False,Returning,False
ORD1300264,U180453,2024-03-06 21:41:23,Tier 3,617599,3550,4510,960,0,Fashion,CoD,Evening,Android,7.0.0,Flagship_1P,Central,22.0,2,249,7,0,0.0,2200,3,0,False,Returning,False
ORD1406359,U143270,2024-03-06 22:38:16,Tier 1,247514,1450,1900,450,0,Fashion,Prepaid,Late_Night,Android,6.5.2,Marketplace_3P,West,3.8,1,243,2,0,0.0,3410,1,0,False,Returning,False
ORD1300396,U114545,2024-03-06 23:20:06,Tier 1,166733,1240,1550,310,0,Beauty,CoD,Late_Night,Android,6.4.0,Flagship_1P,South,3.3,3,1348,20,0,0.0,117550,12,0,False,Returning,False
ORD1299751,U141677,2024-03-07 03:08:31,Tier 3,252468,1220,1580,360,0,Beauty,CoD,Late_Night,Android,6.5.2,Marketplace_3P,West,28.9,2,1036,12,5,0.417,8060,8,4,False,Returning,True
ORD1272770,U192229,2024-03-07 03:13:56,Tier 3,473740,1500,1970,470,0,Fashion,Prepaid,Late_Night,Android,6.4.0,Local_SmallSeller,Central,16.3,1,878,15,1,0.067,13750,8,1,False,Returning,False
ORD1218199,U182011,2024-03-07 03:16:55,Tier 2,771549,14800,19130,4330,0,Appliances,CoD,Late_Night,Android,6.2.0,Marketplace_3P,Central,13.9,1,1399,14,0,0.0,11870,11,0,False,Returning,True
ORD1016243,U133187,2024-03-07 03:22:11,Tier 2,184465,390,420,30,0,Beauty,Prepaid,Late_Night,Android,6.4.0,Marketplace_3P,West,17.5,1,622,10,3,0.3,17920,8,3,False,Returning,False
ORD1164830,U219990,2024-03-07 06:16:01,Tier 2,850189,720,850,130,0,Grocery,CoD,Morning,Android,6.5.2,Marketplace_3P,West,14.1,2,97,2,1,0.5,1890,2,1,False,Returning,False
ORD1035307,U179536,2024-03-07 07:00:08,Tier 1,836904,3100,3440,340,0,Footwear,Prepaid,Morning,Android,6.3.1,Local_SmallSeller,Central,4.9,2,905,14,5,0.357,18090,9,5,False,Returning,False
ORD1350420,U107167,2024-03-07 08:23:23,Tier 1,437814,1810,1980,170,0,Beauty,Prepaid,Morning,Android,6.4.0,Marketplace_3P,North,21.6,1,1083,14,1,0.071,10200,12,1,False,Returning,False
ORD1354219,U215577,2024-03-07 09:19:46,Tier 1,344600,990,1090,100,0,Fashion,Prepaid,Morning,Android,6.3.1,Marketplace_3P,Central,19.6,1,878,7,0,0.0,11810,3,0,False,Returning,False
ORD1028221,U111368,2024-03-07 09:50:55,Tier 1,574184,3460,4540,1080,0,Electronics,CoD,Morning,iOS,6.5.2,Marketplace_3P,West,22.7,1,631,7,2,0.286,30140,3,2,False,Returning,False
ORD1060757,U192636,2024-03-07 11:26:09,Tier 3,778887,260,290,30,40,Books,CoD,Morning,Android,7.0.0,Marketplace_3P,East,32.2,1,945,9,1,0.111,19380,4,1,False,Returning,False
ORD1036180,U125566,2024-03-07 12:00:15,Tier 2,565487,850,990,140,0,Beauty,Prepaid,Afternoon,Android,6.3.1,Flagship_1P,West,5.6,2,757,9,0,0.0,33460,2,0,False,Returning,False
ORD1241546,U204889,2024-03-07 15:44:49,Tier 2,660515,740,850,110,0,Books,CoD,Afternoon,Android,6.4.0,Marketplace_3P,East,6.8,2,365,1,1,1.0,120,0,0,True,New,False
ORD1198810,U142559,2024-03-07 17:40:08,Tier 3,484797,380,470,90,0,Toys,CoD,Evening,Android,6.2.0,Marketplace_3P,North,24.2,1,1037,16,7,0.438,12160,5,5,False,Returning,False
ORD1464552,U130964,2024-03-07 19:55:58,Tier 2,544193,1250,1600,350,0,Footwear,CoD,Evening,Android,6.2.0,Marketplace_3P,South,48.4,1,880,8,2,0.25,3450,3,2,False,Returning,False
ORD1467578,U170572,2024-03-07 21:09:01,Tier 1,438318,1580,1750,170,0,Fashion,Prepaid,Evening,Android,6.4.0,Marketplace_3P,Central,6.1,2,155,2,1,0.5,2700,1,1,False,Returning,False
ORD1256832,U198428,2024-03-07 21:49:13,Tier 2,359438,1030,1270,240,0,Beauty,Prepaid,Evening,Android,6.3.1,Local_SmallSeller,West,12.3,1,295,2,0,0.0,4880,1,0,False,Returning,False
ORD1364399,U147249,2024-03-08 00:14:46,Tier 2,754830,400,440,40,40,Fashion,CoD,Late_Night,Android,6.2.0,Marketplace_3P,West,21.9,2,679,9,2,0.222,2890,4,2,False,Returning,False
ORD1484311,U214620,2024-03-08 02:28:13,Tier 2,707038,980,1270,290,0,Toys,CoD,Late_Night,Android,6.5.2,Marketplace_3P,North,27.3,1,991,13,8,0.615,17470,7,4,False,Returning,False
ORD1462795,U172056,2024-03-08 04:15:33,Tier 2,488586,7080,8990,1910,0,Mobiles,Prepaid,Late_Night,Android,6.3.1,Marketplace_3P,West,17.4,1,587,8,3,0.375,11120,6,3,False,Returning,False
ORD1147622,U158206,2024-03-08 04:34:28,Tier 3,726591,500,640,140,0,Grocery,CoD,Late_Night,Android,7.0.0,Local_SmallSeller,Central,11.7,1,872,8,1,0.125,17880,3,1,False,Returning,False
ORD1341515,U170852,2024-03-08 10:23:28,Tier 1,434508,710,720,10,0,Toys,CoD,Morning,Android,7.0.0,Local_SmallSeller,Central,4.9,1,779,11,1,0.091,4710,3,1,False,Returning,False
ORD1212324,U146181,2024-03-08 13:08:10,Tier 1,461541,7840,9270,1430,0,Mobiles,CoD,Afternoon,iOS,7.0.0,Marketplace_3P,West,9.9,2,883,12,0,0.0,3900,8,0,False,Returning,False
ORD1187669,U102890,2024-03-08 13:45:39,Tier 3,669769,380,490,110,0,Fashion,Prepaid,Afternoon,Android,7.0.0,Marketplace_3P,South,11.5,1,223,3,2,0.667,1840,1,1,False,Returning,False
ORD1193042,U136537,2024-03-08 13:58:22,Tier 2,592893,930,1250,320,0,Grocery,CoD,Afternoon,Android,6.3.1,Marketplace_3P,East,3.0,1,399,3,1,0.333,3910,1,1,False,Returning,False
ORD1101676,U108180,2024-03-08 17:32:30,Tier 3,174258,800,970,170,0,Fashion,Prepaid,Evening,Android,6.2.0,Flagship_1P,West,6.4,1,152,3,0,0.0,2160,1,0,False,Returning,False
ORD1010855,U198264,2024-03-08 17:55:55,Tier 1,223111,990,1200,210,0,Fashion,Prepaid,Evening,Android,6.2.0,Marketplace_3P,East,2.6,1,1205,11,1,0.091,10960,4,1,False,Returning,False
ORD1482615,U206800,2024-03-08 20:01:33,Tier 2,574754,380,460,80,0,Grocery,Prepaid,Evening,Android,6.4.0,Marketplace_3P,East,4.0,1,844,12,1,0.083,57230,5,1,False,Returning,False
ORD1126256,U121479,2024-03-08 20:26:06,Tier 2,351053,1730,1850,120,0,Beauty,Prepaid,Evening,Android,7.0.0,Local_SmallSeller,West,16.4,2,945,9,0,0.0,15050,8,0,False,Returning,False
ORD1435953,U141716,2024-03-08 20:30:54,Tier 3,734302,660,820,160,0,Books,Prepaid,Evening,Android,6.3.1,Marketplace_3P,West,24.5,1,211,5,5,1.0,6700,3,3,False,Returning,False
ORD1487373,U211905,2024-03-08 21:03:11,Tier 1,406145,8560,10500,1940,0,Mobiles,CoD,Evening,Android,6.2.0,Flagship_1P,North,1.5,1,77,2,0,0.0,4260,1,0,False,Returning,False
ORD1349482,U194192,2024-03-08 21:19:55,Tier 2,640937,1230,1460,230,0,Fashion,Prepaid,Evening,iOS,7.0.0,Marketplace_3P,Central,6.7,2,832,7,2,0.286,6060,5,2,False,Returning,False
ORD1365192,U212211,2024-03-08 22:01:50,Tier 2,272760,2580,2900,320,0,Footwear,CoD,Late_Night,Android,6.5.2,Local_SmallSeller,South,23.7,1,1396,13,2,0.154,39540,10,2,False,Returning,False
ORD1388105,U195160,2024-03-09 01:51:34,Tier 1,681023,5650,7290,1640,0,Electronics,CoD,Late_Night,Android,6.2.0,Flagship_1P,West,3.9,1,254,5,1,0.2,8320,3,1,False,Returning,False
ORD1370076,U108065,2024-03-09 03:08:05,Tier 3,329892,8370,10140,1770,0,Mobiles,CoD,Late_Night,Android,6.5.2,Marketplace_3P,East,13.6,2,317,4,1,0.25,1680,3,1,False,Returning,True
ORD1415110,U195584,2024-03-09 03:28:10,Tier 1,782366,1510,1600,90,0,Footwear,Prepaid,Late_Night,Android,6.2.0,Local_SmallSeller,Central,10.6,1,902,14,2,0.143,5170,10,2,False,Returning,False
ORD1340152,U150237,2024-03-09 06:11:54,Tier 2,136946,12260,14600,2340,0,Mobiles,Prepaid,Morning,Android,6.2.0,Flagship_1P,North,12.3,3,1429,11,2,0.182,12050,6,2,False,Returning,False
ORD1243958,U119986,2024-03-09 08:45:39,Tier 1,540090,1430,1570,140,0,Beauty,CoD,Morning,Android,6.2.0,Local_SmallSeller,East,17.2,1,210,5,1,0.2,4150,4,1,False,Returning,True
ORD1184844,U193803,2024-03-09 12:23:54,Tier 2,715612,780,1020,240,0,Grocery,Prepaid,Afternoon,Android,7.0.0,Local_SmallSeller,West,12.5,1,572,7,1,0.143,22400,3,1,False,Returning,False
ORD1130044,U155732,2024-03-09 13:22:31,Tier 1,209247,4240,4570,330,0,Electronics,CoD,Afternoon,iOS,6.2.0,Flagship_1P,South,4.5,1,575,6,2,0.333,4590,4,2,False,Returning,False
ORD1037138,U215591,2024-03-09 14:20:43,Tier 1,509830,690,810,120,0,Fashion,Prepaid,Afternoon,Android,6.3.1,Local_SmallSeller,Central,3.8,2,1087,17,6,0.353,61030,14,6,False,Returning,False
ORD1202713,U193909,2024-03-09 14:25:58,Tier 2,407136,2040,2470,430,0,Home & Kitchen,Prepaid,Afternoon,Android,7.0.0,Local_SmallSeller,North,8.0,1,363,7,0,0.0,18360,3,0,False,Returning,False
ORD1404889,U176408,2024-03-09 17:16:40,Tier 1,362747,1320,1670,350,0,Home & Kitchen,Prepaid,Evening,Android,7.0.0,Marketplace_3P,North,3.5,1,906,10,4,0.4,19070,4,2,False,Returning,False
ORD1074593,U198473,2024-03-09 21:01:12,Tier 1,768924,3240,4240,1000,0,Fashion,Prepaid,Evening,Android,7.0.0,Marketplace_3P,West,11.8,1,748,4,2,0.5,14210,2,2,False,Returning,False
ORD1343410,U152865,2024-03-09 21:43:32,Tier 2,203968,1040,1340,300,0,Home & Kitchen,CoD,Evening,Android,6.4.0,Marketplace_3P,East,1.6,1,1083,19,1,0.053,55150,13,1,False,Returning,False
ORD1265508,U123367,2024-03-09 23:24:37,Tier 3,706659,540,640,100,0,Toys,Prepaid,Late_Night,Android,6.5.2,Flagship_1P,Central,22.1,1,186,4,2,0.5,6890,3,2,False,Returning,False
ORD1493098,U141320,2024-03-10 00:29:52,Tier 2,230922,2610,2910,300,0,Home & Kitchen,CoD,Late_Night,Android,6.2.0,Marketplace_3P,North,23.0,2,494,7,1,0.143,15870,4,1,False,Returning,False
ORD1348555,U212961,2024-03-10 00:31:25,Tier 3,771314,1300,1510,210,0,Footwear,CoD,Late_Night,Android,7.0.0,Local_SmallSeller,West,36.6,1,1052,17,2,0.118,64620,8,2,False,Returning,True
ORD1314235,U146141,2024-03-10 04:34:16,Tier 3,184731,3080,3820,740,0,Home & Kitchen,Prepaid,Late_Night,Android,6.3.1,Flagship_1P,North,12.2,1,460,11,4,0.364,11230,6,4,False,Returning,False
ORD1470615,U138746,2024-03-10 07:24:43,Tier 2,418905,1310,1400,90,0,Home & Kitchen,CoD,Morning,Android,7.0.0,Marketplace_3P,Central,10.9,1,1025,12,0,0.0,8960,8,0,False,Returning,False
ORD1261635,U218762,2024-03-10 07:47:41,Tier 1,791991,44140,53730,9590,0,Mobiles,Prepaid,Morning,iOS,7.0.0,Local_SmallSeller,West,7.7,1,1273,15,0,0.0,20020,6,0,False,Returning,False
ORD1029605,U216787,2024-03-10 08:13:44,Tier 2,649784,940,1020,80,0,Home & Kitchen,Prepaid,Morning,Android,6.3.1,Local_SmallSeller,Central,7.0,1,627,10,1,0.1,7650,6,1,False,Returning,False
ORD1047780,U106934,2024-03-10 09:58:17,Tier 1,460756,890,1050,160,0,Beauty,CoD,Morning,Android,6.2.0,Marketplace_3P,South,10.1,1,584,8,1,0.125,31310,7,1,False,Returning,False
ORD1384353,U124005,2024-03-10 10:30:24,Tier 2,532083,1270,1570,300,0,Footwear,CoD,Morning,Android,6.3.1,Marketplace_3P,South,20.5,1,415,3,1,0.333,2520,2,1,False,Returning,True
ORD1121564,U158980,2024-03-10 13:05:37,Tier 3,199921,530,670,140,0,Toys,CoD,Afternoon,Android,6.2.0,Local_SmallSeller,South,25.1,1,895,12,3,0.25,42680,9,3,False,Returning,False
ORD1155566,U210972,2024-03-10 13:13:41,Tier 1,191240,300,300,0,40,Books,Prepaid,Afternoon,iOS,6.5.2,Local_SmallSeller,South,11.7,1,1254,15,0,0.0,39010,7,0,False,Returning,False
ORD1223290,U147391,2024-03-10 17:14:43,Tier 1,617758,1570,1730,160,0,Home & Kitchen,Prepaid,Evening,Android,6.3.1,Local_SmallSeller,East,13.9,1,865,8,2,0.25,8020,3,2,False,Returning,False
ORD1103746,U143755,2024-03-10 19:11:20,Tier 1,564033,910,930,20,0,Books,CoD,Evening,Android,6.4.0,Local_SmallSeller,Central,4.6,1,1424,13,5,0.385,23120,3,2,False,Returning,False
ORD1120941,U180453,2024-03-10 21:31:04,Tier 3,418338,23500,30890,7390,0,Appliances,Prepaid,Evening,Android,7.0.0,Marketplace_3P,North,40.9,1,249,7,0,0.0,2200,3,0,False,Returning,False
ORD1005331,U135488,2024-03-10 22:30:31,Tier 1,391270,640,860,220,0,Grocery,CoD,Late_Night,Android,6.3.1,Flagship_1P,Central,5.7,1,681,4,0,0.0,7810,3,0,False,Returning,False
ORD1478361,U141228,2024-03-11 01:16:24,Tier 3,506555,740,880,140,0,Books,Prepaid,Late_Night,Android,6.4.0,Marketplace_3P,West,7.6,1,504,9,0,0.0,13590,2,0,False,Returning,False
ORD1455913,U179887,2024-03-11 01:35:31,Tier 2,291709,310,350,40,60,Grocery,Prepaid,Late_Night,Android,7.0.0,Marketplace_3P,Central,27.7,1,1330,17,2,0.118,27210,6,2,False,Returning,False
ORD1436762,U185282,2024-03-11 03:41:19,Tier 3,541023,3290,4290,1000,0,Fashion,CoD,Late_Night,Android,6.3.1,Marketplace_3P,South,45.3,1,190,5,1,0.2,15200,2,1,False,Returning,False
ORD1062207,U124196,2024-03-11 03:46:27,Tier 2,267966,29140,38360,9220,0,Appliances,Prepaid,Late_Night,Android,6.4.0,Flagship_1P,East,28.0,1,1298,16,4,0.25,14340,13,4,False,Returning,True
ORD1163499,U154189,2024-03-11 07:18:44,Tier 2,655141,12250,13120,870,0,Mobiles,CoD,Morning,Android,6.3.1,Marketplace_3P,West,13.1,1,36,3,1,0.333,7110,1,1,False,Returning,False
ORD1452332,U193816,2024-03-11 08:27:22,Tier 2,230925,2270,2840,570,0,Fashion,Prepaid,Morning,Android,6.2.0,Local_SmallSeller,South,5.1,2,1391,18,7,0.389,27040,15,7,False,Returning,False
ORD1020442,U165054,2024-03-11 10:15:57,Tier 2,270777,1310,1340,30,0,Home & Kitchen,CoD,Morning,Android,6.3.1,Local_SmallSeller,West,31.2,2,364,6,1,0.167,11350,5,1,False,Returning,False
ORD1373364,U148971,2024-03-11 12:16:23,Tier 1,412669,250,320,70,60,Books,Prepaid,Afternoon,iOS,6.2.0,Local_SmallSeller,North,2.1,1,1071,14,1,0.071,24190,5,1,False,Returning,False
ORD1101822,U134036,2024-03-11 15:10:32,Tier 1,384712,900,1140,240,0,Grocery,Prepaid,Afternoon,Android,6.3.1,Marketplace_3P,East,6.6,1,998,6,1,0.167,750,4,1,False,Returning,False
ORD1029383,U205828,2024-03-11 16:46:07,Tier 1,675987,3970,5130,1160,0,Footwear,Prepaid,Afternoon,iOS,6.5.2,Marketplace_3P,South,7.7,1,387,4,0,0.0,5430,1,0,False,Returning,False
ORD1023488,U185583,2024-03-11 18:40:35,Tier 1,234835,26180,29570,3390,0,Mobiles,CoD,Evening,Android,6.3.1,Local_SmallSeller,Central,8.4,1,1256,12,3,0.25,36410,3,3,False,Returning,False
ORD1465700,U187967,2024-03-11 20:07:08,Tier 3,242089,1180,1440,260,0,Grocery,Prepaid,Evening,Android,6.5.2,Marketplace_3P,East,17.2,3,1176,14,6,0.429,11700,10,6,False,Returning,False
ORD1497993,U139397,2024-03-11 21:15:34,Tier 1,208472,1400,1650,250,0,Footwear,Prepaid,Evening,Android,6.2.0,Marketplace_3P,West,7.7,2,930,8,0,0.0,34280,4,0,False,Returning,False
ORD1021083,U146608,2024-03-11 22:47:09,Tier 1,354060,400,520,120,40,Toys,CoD,Late_Night,Android,6.4.0,Marketplace_3P,West,3.1,1,236,2,0,0.0,6760,2,0,False,Returning,False
ORD1110747,U170182,2024-03-12 04:33:23,Tier 1,832698,12690,13300,610,0,Mobiles,Prepaid,Late_Night,Android,6.4.0,Marketplace_3P,South,8.0,1,922,6,0,0.0,16360,2,0,False,Returning,False
ORD1239365,U106501,2024-03-12 10:50:29,Tier 2,710759,870,1070,200,0,Fashion,CoD,Morning,Android,6.4.0,Marketplace_3P,Central,1.7,1,1457,14,3,0.214,1920,5,3,False,Returning,False
ORD1480133,U154741,2024-03-12 13:22:45,Tier 2,623538,1660,1990,330,0,Fashion,CoD,Afternoon,Android,7.0.0,Flagship_1P,Central,20.4,1,487,4,2,0.5,2860,1,1,False,Returning,False
ORD1183855,U133222,2024-03-12 15:50:27,Tier 2,191199,550,690,140,0,Fashion,Prepaid,Afternoon,Android,6.5.2,Flagship_1P,Central,29.0,1,515,8,1,0.125,19320,2,1,False,Returning,False
ORD1469570,U150535,2024-03-12 18:02:59,Tier 1,443534,830,1050,220,0,Beauty,CoD,Evening,Android,6.5.2,Marketplace_3P,East,17.0,1,1454,23,7,0.304,16090,10,7,False,Returning,False
ORD1327944,U111066,2024-03-12 21:46:29,Tier 2,464356,31320,36260,4940,0,Mobiles,CoD,Evening,Android,6.4.0,Marketplace_3P,North,46.5,1,520,7,0,0.0,860,6,0,False,Returning,False
ORD1433515,U146876,2024-03-13 00:13:12,Tier 1,653692,9040,10160,1120,0,Electronics,CoD,Late_Night,Android,6.2.0,Marketplace_3P,South,1.6,1,781,5,1,0.2,6050,1,1,False,Returning,False
ORD1369569,U123314,2024-03-13 02:16:04,Tier 2,578835,1140,1180,40,0,Beauty,Prepaid,Late_Night,Android,7.0.0,Flagship_1P,South,7.5,1,982,12,1,0.083,21630,4,1,False,Returning,False
ORD1205493,U140448,2024-03-13 05:42:17,Tier 1,381887,500,600,100,0,Beauty,CoD,Morning,Android,6.4.0,Local_SmallSeller,South,3.6,2,1318,10,1,0.1,11960,6,1,False,Returning,False
ORD1101854,U194554,2024-03-13 08:37:45,Tier 1,821425,640,850,210,0,Grocery,Prepaid,Morning,Android,6.2.0,Marketplace_3P,North,3.7,2,1156,18,1,0.056,77790,6,1,False,Returning,False
ORD1078641,U120154,2024-03-13 09:43:14,Tier 2,128961,1320,1530,210,0,Footwear,Prepaid,Morning,Android,6.2.0,Local_SmallSeller,South,8.7,2,263,5,3,0.6,22660,3,2,False,Returning,False
ORD1087597,U208732,2024-03-13 09:44:02,Tier 2,786856,310,370,60,0,Books,CoD,Morning,Android,6.4.0,Marketplace_3P,West,6.5,1,756,9,1,0.111,25030,3,1,False,Returning,False
ORD1225947,U151000,2024-03-13 10:17:12,Tier 3,673298,1870,2080,210,0,Fashion,CoD,Morning,Android,7.0.0,Local_SmallSeller,South,12.6,2,1477,13,3,0.231,11830,8,3,False,Returning,True
ORD1241931,U147775,2024-03-13 12:35:28,Tier 2,808640,2420,2560,140,0,Toys,CoD,Afternoon,Android,6.3.1,Marketplace_3P,South,21.3,1,154,2,1,0.5,3280,1,1,False,Returning,False
ORD1481708,U155647,2024-03-13 13:53:22,Tier 3,589302,9710,11480,1770,0,Mobiles,CoD,Afternoon,Android,6.4.0,Local_SmallSeller,South,14.0,1,1161,14,5,0.357,15890,6,4,False,Returning,False
ORD1204836,U178107,2024-03-13 14:43:53,Tier 2,539204,4150,4550,400,0,Electronics,CoD,Afternoon,Android,7.0.0,Marketplace_3P,South,10.0,1,715,12,0,0.0,50770,9,0,False,Returning,False
ORD1087986,U219111,2024-03-13 16:10:04,Tier 2,370065,7890,10010,2120,0,Electronics,CoD,Afternoon,iOS,6.5.2,Flagship_1P,North,6.2,2,17,2,0,0.0,3690,1,0,False,Returning,False
ORD1106081,U186465,2024-03-13 18:18:18,Tier 1,199114,7420,8380,960,0,Appliances,Prepaid,Evening,iOS,6.2.0,Local_SmallSeller,North,4.1,2,510,14,5,0.357,40970,7,5,False,Returning,False
ORD1421507,U196426,2024-03-13 19:53:28,Tier 3,404120,450,570,120,0,Beauty,CoD,Evening,Android,7.0.0,Flagship_1P,West,17.0,1,631,10,1,0.1,44790,8,1,False,Returning,False
ORD1091173,U195717,2024-03-13 22:13:23,Tier 3,842461,1280,1360,80,0,Fashion,CoD,Late_Night,Android,7.0.0,Marketplace_3P,South,21.9,2,919,7,1,0.143,4610,3,1,False,Returning,False
ORD1385182,U135183,2024-03-13 22:33:31,Tier 2,613617,930,990,60,0,Footwear,CoD,Late_Night,Android,6.3.1,Marketplace_3P,South,5.4,1,113,2,0,0.0,2850,1,0,False,Returning,True
ORD1382202,U119247,2024-03-13 23:59:19,Tier 2,750593,1890,2310,420,0,Fashion,Prepaid,Late_Night,Android,7.0.0,Marketplace_3P,South,8.1,1,1122,10,0,0.0,10710,7,0,False,Returning,False
ORD1341081,U108921,2024-03-14 03:20:04,Tier 1,563054,2960,3940,980,0,Fashion,Prepaid,Late_Night,Android,6.2.0,Marketplace_3P,North,10.5,1,980,12,2,0.167,17450,7,2,False,Returning,False
ORD1288262,U160766,2024-03-14 03:48:11,Tier 3,855819,6120,6590,470,0,Electronics,CoD,Late_Night,Android,6.2.0,Flagship_1P,East,20.9,1,1163,19,2,0.105,37750,6,2,False,Returning,True
ORD1408801,U206039,2024-03-14 04:58:55,Tier 3,728650,23230,29430,6200,0,Appliances,CoD,Late_Night,iOS,6.3.1,Marketplace_3P,West,4.9,1,682,8,0,0.0,3950,4,0,False,Returning,True
ORD1201068,U105905,2024-03-14 05:19:44,Tier 3,380833,2600,3270,670,0,Fashion,CoD,Morning,Android,6.2.0,Marketplace_3P,South,34.3,1,222,3,0,0.0,4460,1,0,False,Returning,False
ORD1121735,U175797,2024-03-14 05:29:32,Tier 2,608333,950,1250,300,0,Grocery,CoD,Morning,Android,7.0.0,Local_SmallSeller,North,18.4,1,1052,12,0,0.0,32190,8,0,False,Returning,False
ORD1419095,U176176,2024-03-14 07:15:31,Tier 1,321799,900,1160,260,0,Grocery,Prepaid,Morning,Android,6.4.0,Flagship_1P,South,11.9,1,1416,23,3,0.13,25970,16,3,False,Returning,False
ORD1193842,U166976,2024-03-14 08:55:57,Tier 2,520376,610,650,40,0,Grocery,CoD,Morning,Android,6.4.0,Marketplace_3P,South,0.7,1,236,5,0,0.0,5490,1,0,False,Returning,False
ORD1396017,U144428,2024-03-14 09:36:29,Tier 2,278858,1320,1730,410,0,Footwear,CoD,Morning,iOS,6.5.2,Local_SmallSeller,Central,12.0,1,202,3,3,1.0,1580,3,2,False,Returning,True
ORD1448301,U162689,2024-03-14 14:48:32,Tier 2,203465,2120,2410,290,0,Home & Kitchen,Prepaid,Afternoon,Android,6.5.2,Marketplace_3P,North,9.5,2,107,3,0,0.0,2430,2,0,False,Returning,False
ORD1094114,U156300,2024-03-14 16:35:15,Tier 1,240824,1490,1590,100,0,Footwear,Prepaid,Afternoon,Android,6.4.0,Local_SmallSeller,West,2.3,1,817,9,4,0.444,7600,5,4,False,Returning,False
ORD1447652,U143791,2024-03-14 16:43:31,Tier 3,387975,1080,1210,130,0,Beauty,Prepaid,Afternoon,Android,6.2.0,Local_SmallSeller,North,22.3,1,122,2,0,0.0,5510,1,0,False,Returning,False
ORD1188576,U212659,2024-03-14 19:37:57,Tier 3,476717,870,970,100,0,Toys,Prepaid,Evening,Android,6.3.1,Local_SmallSeller,Central,29.5,1,125,2,1,0.5,1690,1,1,False,Returning,False
ORD1293714,U197927,2024-03-14 20:43:45,Tier 2,715608,640,760,120,0,Grocery,CoD,Evening,Android,6.5.2,Local_SmallSeller,South,11.5,1,1007,13,3,0.231,1840,7,3,False,Returning,False
ORD1333147,U161072,2024-03-15 00:21:34,Tier 2,373906,6340,7050,710,0,Appliances,CoD,Late_Night,Android,6.2.0,Flagship_1P,South,2.3,1,383,7,2,0.286,8750,2,1,False,Returning,False
ORD1419822,U215696,2024-03-15 02:54:43,Tier 2,230177,1280,1500,220,0,Beauty,Prepaid,Late_Night,Android,6.3.1,Marketplace_3P,Central,3.9,3,1271,16,1,0.062,16620,12,1,False,Returning,False
ORD1291519,U182728,2024-03-15 03:48:11,Tier 2,412430,5710,7320,1610,0,Electronics,CoD,Late_Night,Android,6.5.2,Marketplace_3P,North,14.0,3,637,5,1,0.2,13470,2,1,False,Returning,False
ORD1075103,U137046,2024-03-15 06:28:44,Tier 2,431176,13440,14800,1360,0,Mobiles,CoD,Morning,Android,7.0.0,Marketplace_3P,East,7.4,2,193,4,0,0.0,3200,3,0,False,Returning,False
ORD1060138,U206078,2024-03-15 09:13:14,Tier 2,403413,7800,8730,930,0,Mobiles,Prepaid,Morning,Android,6.4.0,Local_SmallSeller,Central,22.1,1,1047,10,1,0.1,460,7,1,False,Returning,False
ORD1437296,U131473,2024-03-15 09:17:48,Tier 2,543266,4610,6070,1460,0,Electronics,CoD,Morning,iOS,6.3.1,Marketplace_3P,Central,9.4,1,1357,18,4,0.222,2590,15,4,False,Returning,False
ORD1464269,U216946,2024-03-15 09:47:46,Tier 1,236446,510,630,120,0,Grocery,Prepaid,Morning,Android,6.5.2,Marketplace_3P,North,19.8,3,181,5,0,0.0,7210,2,0,False,Returning,False
ORD1365860,U183622,2024-03-15 13:29:45,Tier 2,309163,2500,3020,520,0,Fashion,Prepaid,Afternoon,iOS,6.2.0,Marketplace_3P,North,8.7,1,1388,9,1,0.111,32880,2,1,False,Returning,False
ORD1042596,U187388,2024-03-15 15:07:40,Tier 1,249507,1640,2080,440,0,Toys,Prepaid,Afternoon,Android,6.3.1,Marketplace_3P,East,5.7,1,1481,12,3,0.25,28820,6,3,False,Returning,False
ORD1378387,U146945,2024-03-15 17:51:18,Tier 2,492951,1200,1220,20,0,Fashion,CoD,Evening,iOS,6.4.0,Flagship_1P,South,26.5,1,124,3,1,0.333,7040,2,1,False,Returning,False
ORD1189565,U217922,2024-03-15 19:52:44,Tier 2,794093,2550,2820,270,0,Electronics,Prepaid,Evening,iOS,7.0.0,Local_SmallSeller,North,11.7,1,1381,18,0,0.0,16050,16,0,False,Returning,False
ORD1145040,U133406,2024-03-15 22:27:44,Tier 3,265416,1080,1110,30,0,Footwear,CoD,Late_Night,Android,6.2.0,Marketplace_3P,North,31.5,1,982,8,3,0.375,21700,4,3,False,Returning,True
ORD1111816,U124005,2024-03-15 23:26:18,Tier 3,533199,16740,16770,30,0,Mobiles,CoD,Late_Night,Android,6.2.0,Local_SmallSeller,South,18.3,2,415,3,1,0.333,2520,2,1,False,Returning,True
ORD1160870,U123915,2024-03-16 00:06:37,Tier 3,827550,1240,1390,150,0,Beauty,CoD,Late_Night,Android,6.5.2,Local_SmallSeller,West,6.4,1,294,4,3,0.75,5800,1,1,False,Returning,False
ORD1228866,U141294,2024-03-16 01:56:51,Tier 3,319448,2310,2580,270,0,Home & Kitchen,Prepaid,Late_Night,Android,6.3.1,Flagship_1P,West,59.5,1,1137,13,5,0.385,8320,10,5,False,Returning,False
ORD1419556,U114204,2024-03-16 07:24:12,Tier 1,409860,6270,8170,1900,0,Electronics,Prepaid,Morning,iOS,6.2.0,Marketplace_3P,Central,2.0,1,858,14,0,0.0,47770,12,0,False,Returning,False
ORD1296920,U161481,2024-03-16 08:17:53,Tier 2,740032,410,460,50,60,Books,CoD,Morning,Android,6.5.2,Local_SmallSeller,Central,5.8,1,295,4,1,0.25,1970,1,1,False,Returning,False
ORD1195245,U212843,2024-03-16 11:00:19,Tier 1,156255,800,980,180,0,Grocery,Prepaid,Morning,Android,7.0.0,Local_SmallSeller,Central,6.1,1,1084,18,0,0.0,23580,4,0,False,Returning,False
ORD1119313,U167133,2024-03-16 13:01:54,Tier 2,731241,330,420,90,0,Beauty,CoD,Afternoon,Android,6.2.0,Local_SmallSeller,East,14.8,1,1302,15,4,0.267,33960,7,4,False,Returning,True
ORD1436832,U128419,2024-03-16 18:50:24,Tier 1,280933,1410,1560,150,0,Fashion,Prepaid,Evening,Android,6.5.2,Local_SmallSeller,North,8.5,1,352,5,3,0.6,7520,3,3,False,Returning,False
ORD1166459,U219520,2024-03-16 18:56:11,Tier 3,294566,1550,2080,530,0,Fashion,Prepaid,Evening,Android,6.4.0,Marketplace_3P,East,19.9,2,224,2,0,0.0,2160,1,0,False,Returning,False
ORD1171035,U105936,2024-03-16 22:12:03,Tier 3,363830,480,540,60,0,Beauty,CoD,Late_Night,Android,6.2.0,Flagship_1P,East,17.2,1,239,4,0,0.0,2240,2,0,False,Returning,False
ORD1179961,U203023,2024-03-16 23:06:31,Tier 3,499768,12490,14240,1750,0,Electronics,CoD,Late_Night,Android,6.5.2,Local_SmallSeller,West,34.0,1,709,16,2,0.125,7930,5,2,False,Returning,True
ORD1452230,U147964,2024-03-16 23:06:41,Tier 1,785739,570,710,140,0,Grocery,Prepaid,Late_Night,Android,6.4.0,Marketplace_3P,East,13.1,1,695,12,4,0.333,1850,7,4,False,Returning,False
ORD1199881,U120170,2024-03-16 23:51:12,Tier 2,641964,910,1040,130,0,Beauty,Prepaid,Late_Night,Android,6.3.1,Local_SmallSeller,East,19.3,1,1214,20,1,0.05,61160,9,1,False,Returning,False
ORD1382979,U133028,2024-03-17 01:28:33,Tier 2,136868,350,430,80,40,Books,Prepaid,Late_Night,iOS,6.5.2,Local_SmallSeller,West,8.0,1,181,2,2,1.0,2570,1,1,False,Returning,False
ORD1447849,U133222,2024-03-17 02:55:18,Tier 1,314084,460,470,10,0,Toys,Prepaid,Late_Night,Android,6.4.0,Marketplace_3P,South,4.1,1,515,8,1,0.125,19320,2,1,False,Returning,False
ORD1425114,U145702,2024-03-17 03:06:33,Tier 3,672105,3360,4260,900,0,Electronics,CoD,Late_Night,Android,6.4.0,Marketplace_3P,East,4.3,1,700,4,0,0.0,14550,2,0,False,Returning,True
ORD1242309,U101957,2024-03-17 07:17:04,Tier 2,726812,4220,4740,520,0,Fashion,Prepaid,Morning,Android,6.2.0,Local_SmallSeller,Central,8.8,1,798,17,1,0.059,4380,10,1,False,Returning,False
ORD1251932,U101802,2024-03-17 08:22:42,Tier 1,438671,4930,6370,1440,0,Fashion,CoD,Morning,Android,6.5.2,Local_SmallSeller,East,20.9,1,682,11,1,0.091,32040,9,1,False,Returning,False
ORD1133824,U192021,2024-03-17 09:44:39,Tier 2,507322,4620,4810,190,0,Electronics,CoD,Morning,Android,6.4.0,Flagship_1P,Central,6.6,1,532,6,1,0.167,5270,5,1,False,Returning,False
ORD1244843,U153360,2024-03-17 11:43:32,Tier 1,398447,850,960,110,0,Fashion,Prepaid,Morning,Android,6.2.0,Marketplace_3P,Central,2.1,1,1414,11,0,0.0,20260,6,0,False,Returning,False
ORD1092372,U119184,2024-03-17 15:20:40,Tier 1,745846,14990,19510,4520,0,Electronics,CoD,Afternoon,Android,6.3.1,Marketplace_3P,Central,10.4,1,1369,13,9,0.692,21620,4,3,False,Returning,True
ORD1265748,U161077,2024-03-17 17:27:48,Tier 1,159528,8310,9860,1550,0,Appliances,Prepaid,Evening,Android,6.2.0,Marketplace_3P,West,6.6,2,848,9,1,0.111,10470,3,1,False,Returning,False
ORD1218211,U216685,2024-03-17 20:33:48,Tier 2,432992,540,640,100,0,Toys,CoD,Evening,Android,6.5.2,Marketplace_3P,Central,11.3,1,158,3,1,0.333,2800,3,1,False,Returning,False
ORD1208765,U209240,2024-03-18 03:53:56,Tier 2,239525,410,490,80,0,Toys,Prepaid,Late_Night,iOS,7.0.0,Local_SmallSeller,East,13.8,1,894,16,1,0.062,49360,8,1,False,Returning,False
ORD1489739,U191213,2024-03-18 08:16:45,Tier 2,534046,630,780,150,0,Toys,Prepaid,Morning,Android,6.3.1,Flagship_1P,East,25.5,1,1192,12,4,0.333,22360,5,4,False,Returning,False
ORD1111172,U113523,2024-03-18 09:00:55,Tier 2,431461,700,760,60,0,Fashion,Prepaid,Morning,Android,6.3.1,Marketplace_3P,Central,13.9,1,891,15,3,0.2,53640,3,2,False,Returning,False
ORD1438978,U118216,2024-03-18 09:22:05,Tier 1,792064,3300,3700,400,0,Footwear,CoD,Morning,Android,7.0.0,Marketplace_3P,West,2.3,1,1216,9,0,0.0,5790,3,0,False,Returning,False
ORD1011052,U102457,2024-03-18 18:00:09,Tier 3,762716,2370,2480,110,0,Fashion,CoD,Evening,Android,7.0.0,Marketplace_3P,East,16.4,1,1403,18,3,0.167,25570,14,3,False,Returning,False
ORD1452381,U120299,2024-03-18 19:00:07,Tier 1,704274,1140,1450,310,0,Home & Kitchen,Prepaid,Evening,Android,7.0.0,Marketplace_3P,North,7.9,1,23,1,0,0.0,2810,1,0,True,New,False
ORD1344432,U107884,2024-03-18 20:24:59,Tier 1,460007,2650,2890,240,0,Home & Kitchen,Prepaid,Evening,Android,6.5.2,Marketplace_3P,Central,2.3,1,287,6,2,0.333,24860,2,1,False,Returning,False
ORD1201536,U119262,2024-03-19 03:00:29,Tier 1,269097,27730,36950,9220,0,Mobiles,Prepaid,Late_Night,Android,6.5.2,Marketplace_3P,North,9.6,1,1453,19,4,0.211,65800,7,4,False,Returning,False
ORD1420422,U116605,2024-03-19 03:27:02,Tier 1,273460,4640,5920,1280,0,Electronics,Prepaid,Late_Night,Android,6.5.2,Marketplace_3P,North,7.9,1,863,7,2,0.286,10070,4,2,False,Returning,False
ORD1009801,U153225,2024-03-19 04:28:21,Tier 1,150814,1500,1680,180,0,Home & Kitchen,Prepaid,Late_Night,iOS,7.0.0,Marketplace_3P,North,1.4,1,828,12,0,0.0,22330,7,0,False,Returning,False
ORD1463596,U198670,2024-03-19 04:31:19,Tier 3,517121,13100,16600,3500,0,Electronics,Prepaid,Late_Night,Android,7.0.0,Flagship_1P,Central,18.6,1,948,10,5,0.5,9480,5,4,False,Returning,True
ORD1051157,U148465,2024-03-19 05:34:23,Tier 2,322916,8760,11110,2350,0,Appliances,CoD,Morning,Android,7.0.0,Marketplace_3P,South,25.8,2,446,6,0,0.0,4310,5,0,False,Returning,False
ORD1253856,U130341,2024-03-19 09:33:29,Tier 1,422992,1050,1370,320,0,Fashion,CoD,Morning,Android,6.5.2,Marketplace_3P,North,6.6,3,1115,12,0,0.0,49760,7,0,False,Returning,False
ORD1100912,U164210,2024-03-19 10:53:14,Tier 3,487361,1500,1720,220,0,Home & Kitchen,Prepaid,Morning,Android,6.2.0,Marketplace_3P,West,27.5,1,870,16,4,0.25,33630,7,4,False,Returning,True
ORD1433692,U149142,2024-03-19 12:14:30,Tier 1,665192,1400,1440,40,0,Toys,CoD,Afternoon,Android,6.4.0,Marketplace_3P,South,10.7,1,15,1,0,0.0,870,0,0,True,New,False
ORD1305006,U153576,2024-03-19 12:16:19,Tier 2,750678,690,920,230,0,Beauty,CoD,Afternoon,Android,7.0.0,Marketplace_3P,South,35.0,2,135,1,0,0.0,650,0,0,True,New,False
ORD1042153,U182737,2024-03-19 13:00:24,Tier 2,154338,540,600,60,0,Grocery,CoD,Afternoon,Android,6.2.0,Marketplace_3P,East,10.6,2,1333,18,5,0.278,29350,6,5,False,Returning,False
ORD1106016,U151202,2024-03-19 13:57:07,Tier 2,511536,10460,12550,2090,0,Electronics,Prepaid,Afternoon,Android,6.4.0,Marketplace_3P,East,12.3,3,49,1,0,0.0,4050,1,0,True,New,False
ORD1173096,U165117,2024-03-19 19:51:29,Tier 1,432825,2970,3440,470,0,Mobiles,Prepaid,Evening,Android,7.0.0,Marketplace_3P,Central,37.2,1,53,1,0,0.0,1270,0,0,True,New,False
ORD1237869,U173698,2024-03-19 21:15:50,Tier 3,405982,1810,2370,560,0,Footwear,Prepaid,Evening,Android,6.4.0,Flagship_1P,East,10.5,1,323,5,2,0.4,7880,4,2,False,Returning,False
ORD1479094,U175465,2024-03-19 22:15:24,Tier 1,478167,400,500,100,40,Grocery,Prepaid,Late_Night,iOS,7.0.0,Marketplace_3P,West,4.7,1,935,11,1,0.091,6000,4,1,False,Returning,False
ORD1371680,U124005,2024-03-20 00:34:18,Tier 2,131576,630,800,170,0,Books,Prepaid,Late_Night,Android,6.2.0,Local_SmallSeller,South,6.2,1,415,3,1,0.333,2520,2,1,False,Returning,False
ORD1055042,U212286,2024-03-20 02:22:51,Tier 1,693688,1380,1740,360,0,Fashion,CoD,Late_Night,iOS,6.5.2,Local_SmallSeller,Central,9.7,1,6,1,0,0.0,960,0,0,True,New,False
ORD1192680,U185522,2024-03-20 03:48:04,Tier 2,642625,590,780,190,0,Beauty,CoD,Late_Night,Android,6.5.2,Flagship_1P,Central,19.7,1,458,10,0,0.0,19250,6,0,False,Returning,False
ORD1213553,U210621,2024-03-20 05:52:15,Tier 3,610278,14350,15800,1450,0,Electronics,Prepaid,Morning,Android,6.2.0,Marketplace_3P,East,17.3,1,223,2,2,1.0,3570,1,1,False,Returning,False
ORD1215770,U112854,2024-03-20 06:43:04,Tier 3,775495,2530,3280,750,0,Footwear,CoD,Morning,Android,7.0.0,Local_SmallSeller,West,4.7,2,593,5,2,0.4,10770,3,2,False,Returning,False
ORD1227585,U139991,2024-03-20 06:55:08,Tier 2,138117,1890,2090,200,0,Footwear,Prepaid,Morning,Android,6.4.0,Local_SmallSeller,Central,6.3,1,193,2,1,0.5,370,1,1,False,Returning,False
ORD1491875,U204780,2024-03-20 07:05:34,Tier 1,757997,1420,1710,290,0,Grocery,Prepaid,Morning,Android,6.3.1,Marketplace_3P,South,14.9,2,613,12,3,0.25,9000,9,3,False,Returning,False
ORD1186238,U145438,2024-03-20 10:27:43,Tier 1,306130,940,1080,140,0,Fashion,Prepaid,Morning,iOS,7.0.0,Local_SmallSeller,North,3.0,1,724,12,3,0.25,25250,8,3,False,Returning,False
ORD1117537,U139163,2024-03-20 11:57:25,Tier 1,220031,7840,9250,1410,0,Appliances,Prepaid,Morning,Android,7.0.0,Flagship_1P,South,12.1,1,1345,12,0,0.0,21870,3,0,False,Returning,False
ORD1108921,U149586,2024-03-20 15:17:49,Tier 3,704075,2480,3230,750,0,Home & Kitchen,CoD,Afternoon,Android,6.5.2,Flagship_1P,Central,6.5,1,1237,12,2,0.167,6280,3,2,False,Returning,False
ORD1003187,U200693,2024-03-20 16:01:41,Tier 1,290641,4500,5180,680,0,Electronics,Prepaid,Afternoon,iOS,6.3.1,Marketplace_3P,East,5.2,2,1217,17,5,0.294,14250,7,5,False,Returning,False
ORD1218608,U137699,2024-03-20 16:56:58,Tier 1,193149,480,570,90,0,Beauty,Prepaid,Afternoon,Android,7.0.0,Flagship_1P,West,7.7,1,183,5,0,0.0,15260,3,0,False,Returning,False
ORD1412262,U190576,2024-03-20 17:34:48,Tier 1,542590,2870,3300,430,0,Fashion,Prepaid,Evening,Android,7.0.0,Marketplace_3P,North,6.0,1,1090,11,1,0.091,10490,4,1,False,Returning,False
ORD1374435,U138990,2024-03-20 20:14:17,Tier 1,618552,7830,8730,900,0,Electronics,Prepaid,Evening,Android,6.3.1,Flagship_1P,East,4.0,1,745,9,1,0.111,30920,4,1,False,Returning,False
ORD1226969,U167087,2024-03-20 20:30:12,Tier 1,318926,610,650,40,0,Grocery,CoD,Evening,Android,7.0.0,Local_SmallSeller,South,8.2,1,1267,22,5,0.227,39860,15,5,False,Returning,False
ORD1098574,U122930,2024-03-20 21:09:47,Tier 1,511059,2050,2060,10,0,Footwear,Prepaid,Evening,Android,6.4.0,Marketplace_3P,Central,11.3,1,1101,15,1,0.067,7580,8,1,False,Returning,False
ORD1257626,U210414,2024-03-20 22:58:15,Tier 1,855315,650,790,140,0,Toys,Prepaid,Late_Night,Android,6.3.1,Local_SmallSeller,North,10.0,1,1481,21,7,0.333,21670,9,5,False,Returning,False
ORD1194274,U211295,2024-03-20 23:12:00,Tier 1,576201,430,570,140,40,Grocery,CoD,Late_Night,Android,7.0.0,Marketplace_3P,Central,4.2,1,803,9,1,0.111,5230,7,1,False,Returning,False
ORD1211357,U123793,2024-03-21 00:28:35,Tier 3,306173,1280,1690,410,0,Fashion,CoD,Late_Night,Android,6.4.0,Marketplace_3P,North,13.3,2,1051,11,5,0.455,14770,6,4,False,Returning,False
ORD1082603,U200851,2024-03-21 00:31:31,Tier 1,300346,1650,1760,110,0,Beauty,Prepaid,Late_Night,Android,7.0.0,Flagship_1P,South,2.9,1,279,3,2,0.667,6710,3,2,False,Returning,False
ORD1438139,U144215,2024-03-21 00:54:28,Tier 2,562844,1370,1580,210,0,Toys,Prepaid,Late_Night,Android,6.2.0,Flagship_1P,Central,50.6,1,1367,10,2,0.2,24700,8,2,False,Returning,False
ORD1463012,U160240,2024-03-21 02:23:47,Tier 1,420815,30100,36660,6560,0,Electronics,Prepaid,Late_Night,Android,6.5.2,Marketplace_3P,South,6.0,1,1448,9,0,0.0,8170,2,0,False,Returning,False
ORD1155276,U113468,2024-03-21 02:34:41,Tier 1,654998,1210,1370,160,0,Beauty,Prepaid,Late_Night,iOS,6.3.1,Flagship_1P,North,4.0,1,148,1,0,0.0,2850,0,0,True,New,False
ORD1044743,U115978,2024-03-21 07:32:19,Tier 1,414229,2810,3750,940,0,Home & Kitchen,Prepaid,Morning,Android,6.5.2,Marketplace_3P,West,12.4,1,1286,17,3,0.176,16570,7,3,False,Returning,False
ORD1141727,U186034,2024-03-21 17:08:42,Tier 2,195920,1260,1450,190,0,Fashion,Prepaid,Evening,iOS,6.2.0,Marketplace_3P,Central,31.1,1,1281,16,2,0.125,6150,11,2,False,Returning,False
ORD1440429,U216326,2024-03-21 19:49:58,Tier 2,419285,11760,13990,2230,0,Mobiles,CoD,Evening,iOS,6.3.1,Flagship_1P,West,10.2,1,1490,10,1,0.1,23150,4,1,False,Returning,False
ORD1191622,U194422,2024-03-21 20:16:15,Tier 1,553952,4170,5610,1440,0,Mobiles,Prepaid,Evening,Android,6.2.0,Marketplace_3P,North,2.6,1,547,12,2,0.167,17880,8,2,False,Returning,False
ORD1038175,U144539,2024-03-21 20:57:41,Tier 2,449921,12430,13070,640,0,Mobiles,CoD,Evening,Android,6.5.2,Local_SmallSeller,South,1.9,1,1253,17,0,0.0,42740,10,0,False,Returning,False
ORD1331665,U189112,2024-03-22 00:07:01,Tier 1,708820,1290,1670,380,0,Fashion,CoD,Late_Night,Android,6.4.0,Marketplace_3P,East,6.3,1,264,4,1,0.25,4780,1,1,False,Returning,False
ORD1485093,U165006,2024-03-22 00:44:13,Tier 1,715033,1370,1430,60,0,Fashion,CoD,Late_Night,Android,6.2.0,Marketplace_3P,Central,6.9,2,1152,12,0,0.0,12820,3,0,False,Returning,False
ORD1146373,U180088,2024-03-22 06:46:10,Tier 3,242763,860,870,10,0,Beauty,CoD,Morning,Android,7.0.0,Marketplace_3P,South,23.3,2,725,9,1,0.111,33580,4,1,False,Returning,True
ORD1402036,U149321,2024-03-22 07:26:45,Tier 3,418705,440,490,50,0,Toys,CoD,Morning,Android,6.5.2,Flagship_1P,West,25.7,1,585,7,0,0.0,12490,2,0,False,Returning,False
ORD1145683,U152957,2024-03-22 08:59:43,Tier 1,123797,2110,2660,550,0,Footwear,Prepaid,Morning,Android,6.5.2,Marketplace_3P,South,4.9,1,1399,19,7,0.368,89700,5,4,False,Returning,False
ORD1081416,U107456,2024-03-22 10:06:27,Tier 1,819918,8990,10640,1650,0,Electronics,Prepaid,Morning,Android,7.0.0,Flagship_1P,Central,8.4,1,845,10,3,0.3,12450,8,3,False,Returning,False
ORD1447479,U203771,2024-03-22 11:01:22,Tier 2,801150,2030,2600,570,0,Toys,Prepaid,Morning,Android,6.3.1,Marketplace_3P,North,8.0,1,191,1,0,0.0,2380,0,0,True,New,False
ORD1150685,U153600,2024-03-22 12:57:40,Tier 2,848716,520,680,160,0,Beauty,Prepaid,Afternoon,Android,6.4.0,Marketplace_3P,Central,9.6,1,1359,20,9,0.45,51940,12,9,False,Returning,False
ORD1427960,U165424,2024-03-22 17:22:53,Tier 1,690576,950,1130,180,0,Fashion,Prepaid,Evening,iOS,6.5.2,Marketplace_3P,West,7.1,2,292,8,1,0.125,25230,5,1,False,Returning,False
ORD1203604,U162751,2024-03-22 17:35:39,Tier 3,227628,1330,1680,350,0,Fashion,CoD,Evening,Android,7.0.0,Marketplace_3P,South,14.2,1,987,13,4,0.308,10790,11,4,False,Returning,False
ORD1405769,U177531,2024-03-22 17:52:10,Tier 2,575992,1620,1790,170,0,Fashion,CoD,Evening,Android,6.2.0,Marketplace_3P,Central,4.9,1,1053,12,4,0.333,5310,6,4,False,Returning,False
ORD1447896,U166524,2024-03-22 23:01:19,Tier 2,558833,310,380,70,40,Books,Prepaid,Late_Night,Android,6.3.1,Local_SmallSeller,South,33.3,1,324,5,0,0.0,5450,4,0,False,Returning,False
ORD1454748,U156006,2024-03-23 02:07:58,Tier 1,249832,340,420,80,0,Grocery,Prepaid,Late_Night,Android,7.0.0,Marketplace_3P,West,4.6,1,583,7,2,0.286,14440,3,2,False,Returning,False
ORD1429689,U211747,2024-03-23 02:35:29,Tier 3,579015,12510,13790,1280,0,Electronics,CoD,Late_Night,Android,6.5.2,Marketplace_3P,West,20.5,1,587,6,0,0.0,16680,3,0,False,Returning,True
ORD1215648,U181706,2024-03-23 03:32:22,Tier 3,329256,1180,1320,140,0,Fashion,Prepaid,Late_Night,Android,6.3.1,Marketplace_3P,Central,8.7,1,1239,20,1,0.05,25860,13,1,False,Returning,False
ORD1121803,U207103,2024-03-23 07:00:00,Tier 3,456027,10530,12990,2460,0,Electronics,CoD,Morning,Android,6.2.0,Flagship_1P,North,10.4,1,1476,19,8,0.421,15430,5,5,False,Returning,False
ORD1207935,U133995,2024-03-23 07:50:17,Tier 1,835174,930,1190,260,0,Fashion,Prepaid,Morning,Android,6.5.2,Flagship_1P,North,3.6,3,906,7,0,0.0,6270,6,0,False,Returning,False
ORD1287802,U200402,2024-03-23 08:46:15,Tier 2,550502,9940,12630,2690,0,Electronics,Prepaid,Morning,Android,6.4.0,Marketplace_3P,East,6.1,1,1213,16,0,0.0,38800,13,0,False,Returning,False
ORD1074622,U156552,2024-03-23 10:14:11,Tier 3,597789,800,870,70,0,Toys,CoD,Morning,Android,7.0.0,Local_SmallSeller,Central,24.1,1,1024,12,0,0.0,19290,4,0,False,Returning,False
ORD1061365,U210079,2024-03-23 10:29:12,Tier 3,260879,900,1050,150,0,Fashion,CoD,Morning,Android,6.5.2,Marketplace_3P,Central,7.7,1,1309,10,2,0.2,14040,3,2,False,Returning,False
ORD1393958,U202263,2024-03-23 10:36:05,Tier 1,619207,640,770,130,0,Beauty,Prepaid,Morning,Android,6.4.0,Marketplace_3P,South,6.3,1,1167,10,5,0.5,13720,4,4,False,Returning,False
ORD1372467,U206676,2024-03-23 12:25:29,Tier 2,613055,280,290,10,60,Grocery,Prepaid,Afternoon,iOS,6.5.2,Marketplace_3P,Central,10.6,1,1081,17,5,0.294,51920,12,5,False,Returning,False
ORD1308712,U144566,2024-03-23 12:40:17,Tier 1,154654,780,960,180,0,Toys,Prepaid,Afternoon,Android,6.4.0,Marketplace_3P,South,7.0,2,952,12,3,0.25,13610,10,3,False,Returning,False
ORD1234237,U143389,2024-03-23 14:11:56,Tier 2,853605,580,750,170,0,Fashion,CoD,Afternoon,Android,6.4.0,Marketplace_3P,East,13.5,1,655,6,2,0.333,7480,1,1,False,Returning,False
ORD1452090,U169978,2024-03-23 14:26:10,Tier 2,417686,1030,1050,20,0,Beauty,CoD,Afternoon,Android,6.2.0,Marketplace_3P,Central,7.2,1,1493,18,3,0.167,9360,6,3,False,Returning,False
ORD1164782,U162597,2024-03-23 16:58:47,Tier 3,725044,430,540,110,60,Toys,CoD,Afternoon,Android,6.2.0,Marketplace_3P,Central,16.8,1,472,5,2,0.4,8710,3,2,False,Returning,False
ORD1402572,U172198,2024-03-23 21:13:40,Tier 2,817491,520,660,140,0,Beauty,CoD,Evening,iOS,6.2.0,Marketplace_3P,North,4.6,1,1293,20,10,0.5,16840,15,10,False,Returning,False
ORD1221389,U191470,2024-03-23 21:30:14,Tier 2,166462,300,370,70,40,Books,Prepaid,Evening,Android,6.5.2,Marketplace_3P,Central,2.3,1,1018,12,8,0.667,25610,8,6,False,Returning,False
ORD1165903,U177755,2024-03-24 00:25:58,Tier 3,701221,680,780,100,0,Books,CoD,Late_Night,Android,6.2.0,Marketplace_3P,West,8.0,1,75,2,2,1.0,2550,1,1,False,Returning,False
ORD1179369,U149784,2024-03-24 00:31:33,Tier 1,251196,2050,2470,420,0,Fashion,Prepaid,Late_Night,Android,7.0.0,Local_SmallSeller,West,1.3,2,1041,15,1,0.067,21540,7,1,False,Returning,False
ORD1360827,U122330,2024-03-24 04:39:05,Tier 2,472763,1650,2150,500,0,Home & Kitchen,CoD,Late_Night,Android,6.2.0,Flagship_1P,East,1.1,1,883,12,2,0.167,43500,5,2,False,Returning,False
ORD1317203,U173469,2024-03-24 07:40:08,Tier 2,712755,1670,2210,540,0,Fashion,CoD,Morning,Android,6.3.1,Marketplace_3P,Central,9.8,2,1139,11,1,0.091,25840,4,1,False,Returning,False
ORD1010714,U211505,2024-03-24 12:01:25,Tier 2,683225,590,680,90,0,Grocery,Prepaid,Afternoon,Android,7.0.0,Flagship_1P,Central,10.0,1,697,5,0,0.0,5320,1,0,False,Returning,False
ORD1095550,U213737,2024-03-24 17:41:01,Tier 2,671434,1330,1470,140,0,Fashion,Prepaid,Evening,Android,6.2.0,Flagship_1P,East,15.3,1,1304,17,2,0.118,35300,12,2,False,Returning,False
ORD1113901,U196818,2024-03-24 18:02:49,Tier 3,156349,5360,6740,1380,0,Electronics,CoD,Evening,Android,7.0.0,Flagship_1P,South,24.9,2,1133,10,2,0.2,23080,7,2,False,Returning,False
ORD1006122,U215182,2024-03-24 18:30:18,Tier 3,730816,1220,1290,70,0,Beauty,CoD,Evening,Android,6.2.0,Marketplace_3P,West,10.8,1,405,2,0,0.0,1660,1,0,False,Returning,False
ORD1384958,U179074,2024-03-24 22:23:50,Tier 3,830024,900,1030,130,0,Fashion,CoD,Late_Night,Android,6.2.0,Marketplace_3P,Central,22.7,2,502,8,0,0.0,6520,5,0,False,Returning,False
ORD1242343,U147243,2024-03-24 23:46:51,Tier 3,277138,1710,1990,280,0,Home & Kitchen,CoD,Late_Night,Android,7.0.0,Flagship_1P,North,7.5,1,735,11,0,0.0,3110,4,0,False,Returning,False
ORD1107239,U164647,2024-03-25 03:35:39,Tier 2,769692,870,890,20,0,Fashion,CoD,Late_Night,iOS,6.3.1,Marketplace_3P,East,25.4,1,817,8,0,0.0,11300,4,0,False,Returning,False
ORD1185828,U178312,2024-03-25 04:16:47,Tier 3,596844,2330,2540,210,0,Fashion,CoD,Late_Night,iOS,6.2.0,Marketplace_3P,East,13.6,1,926,11,2,0.182,4120,6,2,False,Returning,False
ORD1381461,U193030,2024-03-25 04:51:30,Tier 2,154873,8660,10120,1460,0,Electronics,CoD,Late_Night,Android,6.4.0,Local_SmallSeller,South,7.0,1,284,2,1,0.5,3270,2,1,False,Returning,False
ORD1251614,U163447,2024-03-25 06:08:43,Tier 2,523040,1180,1310,130,0,Home & Kitchen,CoD,Morning,Android,6.5.2,Flagship_1P,West,6.8,1,1125,12,0,0.0,27100,8,0,False,Returning,False
ORD1460050,U206564,2024-03-25 06:48:24,Tier 1,815753,4290,4660,370,0,Home & Kitchen,Prepaid,Morning,Android,6.4.0,Local_SmallSeller,East,2.6,1,1367,20,4,0.2,24510,9,4,False,Returning,False
ORD1120738,U132806,2024-03-25 08:33:55,Tier 3,613257,1890,2280,390,0,Home & Kitchen,CoD,Morning,Android,6.5.2,Marketplace_3P,Central,8.1,1,837,9,2,0.222,22750,4,2,False,Returning,False
ORD1299753,U211227,2024-03-25 08:51:03,Tier 3,797964,420,420,0,60,Books,Prepaid,Morning,iOS,6.2.0,Marketplace_3P,West,16.2,1,272,6,1,0.167,6900,2,1,False,Returning,False
ORD1156046,U118988,2024-03-25 11:50:43,Tier 3,638933,260,300,40,60,Grocery,CoD,Morning,Android,7.0.0,Flagship_1P,Central,23.4,2,124,3,2,0.667,1030,2,2,False,Returning,False
ORD1158648,U200103,2024-03-25 12:22:17,Tier 2,739099,1250,1530,280,0,Grocery,Prepaid,Afternoon,Android,6.5.2,Flagship_1P,West,7.0,1,1076,9,0,0.0,17900,7,0,False,Returning,False
ORD1006743,U120335,2024-03-25 12:36:16,Tier 1,571861,1640,2160,520,0,Footwear,CoD,Afternoon,Android,6.5.2,Local_SmallSeller,North,10.7,3,1323,14,1,0.071,25530,6,1,False,Returning,False
ORD1322723,U194805,2024-03-25 12:56:44,Tier 1,752941,6910,7530,620,0,Mobiles,Prepaid,Afternoon,Android,7.0.0,Flagship_1P,East,6.1,1,163,4,0,0.0,8720,3,0,False,Returning,False
ORD1384454,U122021,2024-03-25 16:55:04,Tier 2,210435,760,1020,260,0,Grocery,CoD,Afternoon,Android,6.4.0,Marketplace_3P,South,7.2,1,860,14,1,0.071,35870,8,1,False,Returning,False
ORD1107117,U152487,2024-03-25 22:02:18,Tier 1,121394,2320,3100,780,0,Home & Kitchen,CoD,Late_Night,Android,6.5.2,Flagship_1P,Central,7.8,1,353,2,0,0.0,4600,1,0,False,Returning,False
ORD1409981,U208631,2024-03-25 22:57:46,Tier 1,413259,1880,2020,140,0,Fashion,Prepaid,Late_Night,Android,7.0.0,Marketplace_3P,East,6.6,1,858,10,1,0.1,26860,8,1,False,Returning,False
ORD1135569,U123816,2024-03-25 23:20:12,Tier 1,546295,3140,4120,980,0,Mobiles,Prepaid,Late_Night,Android,6.2.0,Marketplace_3P,West,18.5,3,608,10,3,0.3,9470,9,3,False,Returning,False
ORD1384816,U174532,2024-03-26 02:38:39,Tier 2,725611,4510,5650,1140,0,Fashion,CoD,Late_Night,Android,7.0.0,Flagship_1P,South,6.9,1,176,3,1,0.333,8390,1,1,False,Returning,False
ORD1484538,U162044,2024-03-26 06:14:21,Tier 2,833882,1800,2200,400,0,Home & Kitchen,Prepaid,Morning,Android,6.4.0,Flagship_1P,West,7.1,1,1145,19,4,0.211,9460,17,4,False,Returning,False
ORD1168825,U115415,2024-03-26 07:06:24,Tier 1,803265,410,480,70,60,Fashion,Prepaid,Morning,Android,6.2.0,Marketplace_3P,South,1.6,1,861,10,3,0.3,75970,6,3,False,Returning,False
ORD1491508,U129317,2024-03-26 08:07:44,Tier 1,510736,1720,2250,530,0,Beauty,Prepaid,Morning,Android,6.5.2,Marketplace_3P,North,9.1,1,1225,17,0,0.0,35620,13,0,False,Returning,False
ORD1379156,U162597,2024-03-26 10:01:20,Tier 3,504032,1140,1520,380,0,Electronics,Prepaid,Morning,Android,6.3.1,Marketplace_3P,North,15.5,1,472,5,2,0.4,8710,3,2,False,Returning,False
ORD1214790,U155055,2024-03-26 12:04:13,Tier 1,686035,6170,7560,1390,0,Mobiles,CoD,Afternoon,Android,6.5.2,Local_SmallSeller,North,7.9,1,60,1,0,0.0,3260,0,0,True,New,True
ORD1316576,U177927,2024-03-26 12:05:08,Tier 2,548707,930,1010,80,0,Footwear,Prepaid,Afternoon,Android,6.4.0,Marketplace_3P,North,2.9,1,1407,16,3,0.188,12850,4,3,False,Returning,False
ORD1241592,U176357,2024-03-26 12:14:18,Tier 1,560450,810,1080,270,0,Fashion,CoD,Afternoon,Android,7.0.0,Marketplace_3P,North,15.4,2,516,2,1,0.5,3720,1,1,False,Returning,False
ORD1420792,U127468,2024-03-26 13:22:57,Tier 3,813552,5520,7450,1930,0,Mobiles,CoD,Afternoon,Android,6.4.0,Marketplace_3P,East,28.5,1,1250,14,2,0.143,38200,8,2,False,Returning,True
ORD1369053,U139772,2024-03-26 13:37:02,Tier 1,180410,590,750,160,0,Grocery,Prepaid,Afternoon,Android,6.4.0,Marketplace_3P,North,7.4,3,464,10,0,0.0,10520,3,0,False,Returning,False
ORD1402203,U162597,2024-03-26 19:12:27,Tier 2,139540,3300,4290,990,0,Electronics,Prepaid,Evening,Android,7.0.0,Local_SmallSeller,South,15.5,1,472,5,2,0.4,8710,3,2,False,Returning,False
ORD1334801,U133482,2024-03-26 20:18:02,Tier 3,121608,360,460,100,40,Fashion,CoD,Evening,Android,6.2.0,Marketplace_3P,East,23.9,1,969,13,1,0.077,24490,5,1,False,Returning,False
ORD1158013,U171505,2024-03-26 21:04:48,Tier 2,675554,3260,3520,260,0,Fashion,CoD,Evening,iOS,7.0.0,Marketplace_3P,West,17.0,1,1309,12,2,0.167,28130,8,2,False,Returning,False
ORD1316666,U170463,2024-03-26 21:09:10,Tier 2,277737,4020,4340,320,0,Appliances,Prepaid,Evening,Android,6.5.2,Marketplace_3P,South,5.4,2,578,8,2,0.25,9700,4,2,False,Returning,False
ORD1397871,U106190,2024-03-26 22:46:15,Tier 3,111604,560,620,60,0,Grocery,CoD,Late_Night,Android,6.3.1,Marketplace_3P,North,36.4,1,1352,16,3,0.188,5360,6,3,False,Returning,False
ORD1021973,U167669,2024-03-27 01:18:50,Tier 2,567124,2880,2960,80,0,Home & Kitchen,CoD,Late_Night,Android,6.2.0,Flagship_1P,West,12.2,1,1024,5,4,0.8,1610,1,1,False,Returning,False
ORD1380669,U196837,2024-03-27 02:16:18,Tier 2,431181,4320,4460,140,0,Electronics,CoD,Late_Night,Android,6.3.1,Marketplace_3P,Central,12.5,1,342,8,1,0.125,5840,5,1,False,Returning,False
ORD1482648,U127660,2024-03-27 08:15:52,Tier 3,749147,4010,4350,340,0,Electronics,CoD,Morning,Android,6.3.1,Marketplace_3P,West,13.3,1,347,3,0,0.0,10790,2,0,False,Returning,False
ORD1289088,U125355,2024-03-27 09:43:49,Tier 2,716331,1900,2270,370,0,Fashion,CoD,Morning,Android,6.5.2,Marketplace_3P,North,8.5,1,1236,11,7,0.636,44600,3,3,False,Returning,False
ORD1098455,U173857,2024-03-27 10:11:45,Tier 2,514711,1100,1250,150,0,Footwear,CoD,Morning,Android,6.3.1,Flagship_1P,West,7.8,1,628,9,2,0.222,3160,4,2,False,Returning,False
ORD1175435,U202046,2024-03-27 11:37:56,Tier 2,328183,2810,3650,840,0,Home & Kitchen,Prepaid,Morning,iOS,7.0.0,Local_SmallSeller,Central,7.6,2,831,3,0,0.0,8040,1,0,False,Returning,False
ORD1015555,U162955,2024-03-27 14:05:06,Tier 2,430749,2360,2490,130,0,Beauty,Prepaid,Afternoon,Android,6.2.0,Local_SmallSeller,North,19.5,1,259,1,0,0.0,6520,0,0,True,New,True
ORD1335344,U182146,2024-03-27 14:31:16,Tier 3,266306,5110,6230,1120,0,Mobiles,CoD,Afternoon,Android,6.5.2,Marketplace_3P,South,46.3,1,1067,10,4,0.4,10910,5,3,False,Returning,False
ORD1420229,U107815,2024-03-27 14:46:28,Tier 2,387606,1520,1570,50,0,Fashion,CoD,Afternoon,Android,6.3.1,Marketplace_3P,Central,19.0,1,791,14,2,0.143,23580,11,2,False,Returning,False
ORD1345283,U123933,2024-03-27 14:46:45,Tier 3,269551,9220,12390,3170,0,Electronics,CoD,Afternoon,iOS,6.4.0,Local_SmallSeller,East,9.6,1,1351,24,1,0.042,62730,7,1,False,Returning,False
ORD1321969,U167670,2024-03-27 17:06:57,Tier 1,296332,2260,3000,740,0,Fashion,Prepaid,Evening,Android,6.2.0,Local_SmallSeller,South,13.4,1,686,7,1,0.143,6150,3,1,False,Returning,False
ORD1322998,U166298,2024-03-27 21:31:57,Tier 2,403837,770,780,10,0,Footwear,CoD,Evening,iOS,6.2.0,Marketplace_3P,North,15.4,1,439,8,3,0.375,16860,4,3,False,Returning,False
ORD1233768,U112804,2024-03-28 00:18:41,Tier 2,602265,14900,18990,4090,0,Mobiles,CoD,Late_Night,Android,6.2.0,Marketplace_3P,East,1.5,2,4,1,0,0.0,1520,0,0,True,New,False
ORD1207754,U131070,2024-03-28 00:23:20,Tier 1,278930,1190,1220,30,0,Toys,CoD,Late_Night,Android,6.4.0,Local_SmallSeller,North,11.3,1,160,1,1,1.0,1700,1,1,True,New,False
ORD1005588,U172776,2024-03-28 03:30:56,Tier 1,549881,630,700,70,0,Toys,CoD,Late_Night,iOS,7.0.0,Marketplace_3P,West,15.3,1,1494,12,6,0.5,20050,7,4,False,Returning,True
ORD1438275,U165417,2024-03-28 03:37:39,Tier 2,142324,8170,10910,2740,0,Electronics,CoD,Late_Night,iOS,6.3.1,Flagship_1P,West,24.6,1,1173,15,3,0.2,32300,7,3,False,Returning,False
ORD1312783,U114616,2024-03-28 04:49:34,Tier 3,305780,980,1020,40,0,Beauty,CoD,Late_Night,Android,6.2.0,Marketplace_3P,West,35.3,1,190,3,0,0.0,3210,2,0,False,Returning,False
ORD1148190,U173985,2024-03-28 06:10:44,Tier 2,819391,1440,1930,490,0,Fashion,Prepaid,Morning,Android,6.4.0,Marketplace_3P,South,9.7,1,1119,19,2,0.105,30220,6,2,False,Returning,False
ORD1308470,U211572,2024-03-28 10:46:44,Tier 1,449881,920,950,30,0,Toys,CoD,Morning,iOS,6.4.0,Marketplace_3P,Central,1.1,1,942,9,5,0.556,10930,2,1,False,Returning,False
ORD1018211,U156919,2024-03-28 12:51:31,Tier 2,414411,1580,2010,430,0,Footwear,CoD,Afternoon,Android,6.3.1,Marketplace_3P,South,11.9,2,1024,13,1,0.077,12840,7,1,False,Returning,False
ORD1435903,U149982,2024-03-28 14:54:22,Tier 3,170080,1900,2040,140,0,Fashion,CoD,Afternoon,Android,7.0.0,Marketplace_3P,North,17.2,3,1098,9,0,0.0,14650,8,0,False,Returning,False
ORD1257301,U108055,2024-03-28 16:42:52,Tier 3,542035,1140,1500,360,0,Toys,Prepaid,Afternoon,Android,6.3.1,Local_SmallSeller,Central,28.2,1,903,6,3,0.5,1480,2,1,False,Returning,False
ORD1074015,U103220,2024-03-28 16:53:44,Tier 3,475538,2100,2680,580,0,Home & Kitchen,CoD,Afternoon,Android,6.4.0,Local_SmallSeller,Central,15.0,1,1049,15,0,0.0,78780,5,0,False,Returning,False
ORD1365369,U119721,2024-03-28 17:01:22,Tier 1,189556,7750,8190,440,0,Mobiles,Prepaid,Evening,Android,6.5.2,Marketplace_3P,South,2.0,1,876,11,6,0.545,8660,4,4,False,Returning,False
ORD1175153,U134124,2024-03-28 20:33:03,Tier 1,335350,1170,1460,290,0,Fashion,Prepaid,Evening,Android,6.3.1,Marketplace_3P,North,6.5,1,1213,15,1,0.067,23190,7,1,False,Returning,False
ORD1356387,U101672,2024-03-29 00:32:40,Tier 2,766673,14380,18820,4440,0,Mobiles,Prepaid,Late_Night,iOS,6.4.0,Marketplace_3P,South,24.5,1,402,5,1,0.2,9070,4,1,False,Returning,False
ORD1023559,U135388,2024-03-29 01:46:31,Tier 2,555838,560,610,50,0,Fashion,Prepaid,Late_Night,Android,6.3.1,Marketplace_3P,South,2.1,1,734,10,3,0.3,8480,5,3,False,Returning,False
ORD1061184,U168148,2024-03-29 01:52:29,Tier 3,392621,2060,2150,90,0,Fashion,CoD,Late_Night,iOS,6.4.0,Marketplace_3P,East,18.4,1,1362,21,5,0.238,27890,16,5,False,Returning,False
ORD1268074,U106374,2024-03-29 02:04:07,Tier 1,663411,2800,3140,340,0,Home & Kitchen,Prepaid,Late_Night,Android,6.2.0,Marketplace_3P,East,10.3,2,219,4,2,0.5,17370,3,2,False,Returning,True
ORD1267224,U106374,2024-03-29 02:52:26,Tier 3,787153,3720,4850,1130,0,Fashion,CoD,Late_Night,Android,6.3.1,Local_SmallSeller,West,23.0,2,219,4,2,0.5,17370,3,2,False,Returning,True
ORD1218091,U186465,2024-03-29 02:59:29,Tier 2,627065,11280,13680,2400,0,Electronics,Prepaid,Late_Night,Android,6.4.0,Marketplace_3P,North,0.8,1,510,14,5,0.357,40970,7,5,False,Returning,False
ORD1480492,U151612,2024-03-29 05:48:21,Tier 3,514387,1100,1250,150,0,Fashion,Prepaid,Morning,iOS,6.5.2,Local_SmallSeller,East,2.0,1,1271,22,7,0.318,28040,8,5,False,Returning,False
ORD1490249,U138805,2024-03-29 05:54:38,Tier 2,602477,1210,1520,310,0,Beauty,Prepaid,Morning,Android,6.5.2,Marketplace_3P,North,8.5,2,1248,14,1,0.071,13130,12,1,False,Returning,False
ORD1415633,U156946,2024-03-29 07:40:43,Tier 2,236122,1020,1320,300,0,Fashion,CoD,Morning,Android,6.5.2,Marketplace_3P,West,2.4,2,215,5,2,0.4,30850,3,2,False,Returning,False
ORD1239031,U166597,2024-03-29 08:20:01,Tier 1,204394,1320,1420,100,0,Footwear,CoD,Morning,Android,6.5.2,Marketplace_3P,North,5.3,2,800,7,0,0.0,18000,4,0,False,Returning,False
ORD1139534,U187700,2024-03-29 09:40:00,Tier 2,600956,590,730,140,0,Footwear,CoD,Morning,Android,6.2.0,Marketplace_3P,West,8.8,1,31,2,0,0.0,1310,2,0,False,Returning,False
ORD1287587,U136318,2024-03-29 10:45:53,Tier 2,471677,2440,3180,740,0,Beauty,Prepaid,Morning,Android,6.2.0,Marketplace_3P,South,16.7,1,601,8,2,0.25,8710,4,2,False,Returning,False
ORD1336881,U127348,2024-03-29 11:54:26,Tier 3,117802,2280,2730,450,0,Home & Kitchen,CoD,Morning,Android,6.5.2,Marketplace_3P,South,29.8,1,826,9,1,0.111,4020,6,1,False,Returning,False
ORD1129292,U129191,2024-03-29 12:38:17,Tier 2,475032,750,780,30,0,Beauty,CoD,Afternoon,Android,6.3.1,Marketplace_3P,Central,6.7,1,942,10,0,0.0,7630,8,0,False,Returning,False
ORD1048641,U206432,2024-03-29 14:43:04,Tier 2,774159,14610,16320,1710,0,Appliances,CoD,Afternoon,Android,6.3.1,Marketplace_3P,West,21.2,1,1260,11,3,0.273,21980,4,3,False,Returning,True
ORD1309006,U135782,2024-03-29 14:44:39,Tier 2,844444,2360,3120,760,0,Home & Kitchen,Prepaid,Afternoon,Android,6.2.0,Marketplace_3P,South,14.0,1,602,7,2,0.286,630,4,2,False,Returning,False
ORD1054048,U117031,2024-03-29 16:26:01,Tier 3,325885,5090,5640,550,0,Home & Kitchen,CoD,Afternoon,iOS,6.5.2,Marketplace_3P,West,16.6,1,931,18,1,0.056,19050,9,1,False,Returning,True
ORD1083004,U188358,2024-03-29 22:04:46,Tier 3,428486,2340,2480,140,0,Electronics,CoD,Late_Night,Android,6.2.0,Local_SmallSeller,Central,30.2,1,1063,11,3,0.273,6770,9,3,False,Returning,False
ORD1283421,U212280,2024-03-29 22:41:37,Tier 2,389668,2040,2750,710,0,Fashion,Prepaid,Late_Night,Android,7.0.0,Local_SmallSeller,North,14.7,1,419,6,0,0.0,670,2,0,False,Returning,False
ORD1198548,U187628,2024-03-29 23:40:55,Tier 3,603384,1310,1700,390,0,Fashion,CoD,Late_Night,Android,7.0.0,Local_SmallSeller,South,51.1,3,242,4,3,0.75,4060,1,1,False,Returning,False
ORD1271740,U119942,2024-03-30 01:25:29,Tier 2,691112,3580,4590,1010,0,Fashion,Prepaid,Late_Night,iOS,7.0.0,Marketplace_3P,East,1.1,1,141,1,0,0.0,2510,0,0,True,New,False
ORD1271614,U210967,2024-03-30 02:56:29,Tier 1,317075,980,1190,210,0,Fashion,Prepaid,Late_Night,Android,6.4.0,Marketplace_3P,East,16.1,1,1130,13,3,0.231,620,11,3,False,Returning,False
ORD1043384,U193067,2024-03-30 03:30:34,Tier 1,570870,1530,2020,490,0,Grocery,CoD,Late_Night,Android,6.2.0,Marketplace_3P,South,1.8,1,983,16,3,0.188,14800,4,3,False,Returning,True
ORD1386566,U151271,2024-03-30 04:29:38,Tier 2,498141,1370,1710,340,0,Footwear,Prepaid,Late_Night,Android,6.5.2,Marketplace_3P,Central,5.2,1,210,1,0,0.0,560,1,0,True,New,False
ORD1053008,U207104,2024-03-30 06:00:36,Tier 1,640199,8300,9010,710,0,Mobiles,CoD,Morning,iOS,6.2.0,Marketplace_3P,Central,1.5,1,312,3,0,0.0,1440,1,0,False,Returning,False
ORD1262462,U186515,2024-03-30 07:13:44,Tier 3,166607,300,340,40,0,Books,CoD,Morning,Android,6.3.1,Flagship_1P,East,23.0,1,1279,14,5,0.357,15480,4,4,False,Returning,False
ORD1363275,U138068,2024-03-30 08:00:34,Tier 1,803322,2570,3140,570,0,Home & Kitchen,CoD,Morning,Android,7.0.0,Marketplace_3P,East,4.4,1,1480,23,10,0.435,43990,20,10,False,Returning,False
ORD1482260,U169471,2024-03-30 08:16:34,Tier 2,618877,2310,2740,430,0,Fashion,CoD,Morning,Android,6.3.1,Local_SmallSeller,North,21.7,1,1298,10,1,0.1,23330,3,1,False,Returning,False
ORD1256697,U141542,2024-03-30 14:33:04,Tier 2,812224,8540,8830,290,0,Electronics,Prepaid,Afternoon,Android,6.5.2,Local_SmallSeller,Central,13.4,2,394,3,0,0.0,4760,2,0,False,Returning,False
ORD1246661,U190470,2024-03-30 15:01:53,Tier 1,350588,1010,1260,250,0,Toys,Prepaid,Afternoon,Android,7.0.0,Local_SmallSeller,West,5.9,1,1148,17,5,0.294,19800,7,5,False,Returning,False
ORD1362716,U136008,2024-03-30 17:54:40,Tier 1,130826,4510,5070,560,0,Appliances,Prepaid,Evening,iOS,6.5.2,Marketplace_3P,North,2.0,1,1298,18,1,0.056,22520,10,1,False,Returning,False
ORD1024425,U172115,2024-03-30 19:57:24,Tier 1,252067,1310,1670,360,0,Footwear,Prepaid,Evening,Android,7.0.0,Flagship_1P,Central,17.7,1,696,6,2,0.333,2340,3,2,False,Returning,False
ORD1022472,U121494,2024-03-30 21:20:30,Tier 2,853834,17320,22410,5090,0,Electronics,CoD,Evening,Android,7.0.0,Local_SmallSeller,West,9.9,1,1253,14,1,0.071,41600,9,1,False,Returning,False
ORD1256169,U209136,2024-03-30 22:44:42,Tier 2,454749,4800,6100,1300,0,Fashion,CoD,Late_Night,Android,6.2.0,Marketplace_3P,West,4.4,1,1146,14,3,0.214,22470,5,3,False,Returning,False
ORD1462208,U130112,2024-03-31 00:12:19,Tier 3,215644,1890,1950,60,0,Footwear,CoD,Late_Night,Android,6.3.1,Marketplace_3P,West,6.6,1,1203,15,1,0.067,25900,6,1,False,Returning,False
ORD1264585,U217436,2024-03-31 00:29:24,Tier 2,571054,2870,3450,580,0,Fashion,Prepaid,Late_Night,Android,7.0.0,Marketplace_3P,South,5.0,1,76,1,0,0.0,2690,1,0,True,New,False
ORD1178065,U122901,2024-03-31 01:09:09,Tier 3,572263,6430,7450,1020,0,Electronics,CoD,Late_Night,Android,6.2.0,Marketplace_3P,North,15.0,1,947,13,0,0.0,10800,9,0,False,Returning,True
ORD1400910,U149115,2024-03-31 01:11:19,Tier 3,676790,4070,4270,200,0,Electronics,Prepaid,Late_Night,Android,6.3.1,Marketplace_3P,East,29.4,1,377,5,1,0.2,5090,2,1,False,Returning,False
ORD1185744,U159044,2024-03-31 03:36:26,Tier 2,171824,8300,8850,550,0,Electronics,CoD,Late_Night,Android,7.0.0,Local_SmallSeller,South,10.8,1,1324,18,1,0.056,69370,6,1,False,Returning,False
ORD1417405,U197907,2024-03-31 05:25:21,Tier 1,789706,21780,22430,650,0,Mobiles,Prepaid,Morning,Android,6.5.2,Local_SmallSeller,Central,3.8,1,1481,21,3,0.143,38960,12,3,False,Returning,False
ORD1430849,U102966,2024-03-31 07:44:41,Tier 1,153715,1370,1830,460,0,Home & Kitchen,Prepaid,Morning,Android,6.4.0,Marketplace_3P,West,3.3,1,361,3,1,0.333,2100,3,1,False,Returning,False
ORD1084324,U162544,2024-03-31 08:54:48,Tier 2,338821,15830,20870,5040,0,Electronics,CoD,Morning,iOS,6.3.1,Local_SmallSeller,West,4.3,1,1420,20,5,0.25,105500,15,5,False,Returning,False
ORD1184820,U203539,2024-03-31 12:03:36,Tier 1,414392,24190,32110,7920,0,Mobiles,Prepaid,Afternoon,Android,6.5.2,Flagship_1P,Central,12.4,2,1248,16,4,0.25,46460,4,3,False,Returning,False
ORD1477755,U211108,2024-03-31 13:01:06,Tier 2,778890,10390,11190,800,0,Electronics,Prepaid,Afternoon,Android,7.0.0,Local_SmallSeller,Central,11.4,1,48,1,1,1.0,630,1,1,True,New,False
ORD1050521,U201151,2024-03-31 13:37:18,Tier 2,549674,11630,15670,4040,0,Mobiles,Prepaid,Afternoon,Android,6.2.0,Local_SmallSeller,West,8.2,1,314,4,0,0.0,8530,2,0,False,Returning,False
ORD1190635,U165390,2024-03-31 14:32:42,Tier 2,772800,2820,3770,950,0,Fashion,CoD,Afternoon,Android,6.2.0,Marketplace_3P,West,7.0,1,947,14,1,0.071,32410,9,1,False,Returning,False
ORD1197916,U147385,2024-03-31 16:32:12,Tier 2,113122,4720,6050,1330,0,Electronics,Prepaid,Afternoon,Android,6.5.2,Marketplace_3P,South,10.8,1,1265,15,8,0.533,4950,7,5,False,Returning,False
ORD1241855,U214689,2024-03-31 16:40:08,Tier 3,263496,300,310,10,0,Grocery,CoD,Afternoon,Android,6.5.2,Local_SmallSeller,South,23.3,1,1202,6,1,0.167,4150,4,1,False,Returning,False
ORD1052121,U157855,2024-03-31 17:34:44,Tier 2,760236,20510,21590,1080,0,Mobiles,CoD,Evening,Android,6.4.0,Flagship_1P,West,2.6,1,967,13,2,0.154,52060,10,2,False,Returning,True
ORD1034573,U155356,2024-03-31 17:36:25,Tier 3,723376,530,660,130,0,Books,CoD,Evening,Android,6.5.2,Flagship_1P,South,38.9,2,487,6,2,0.333,1540,3,2,False,Returning,False
ORD1030328,U160662,2024-03-31 18:30:35,Tier 2,292001,870,960,90,0,Fashion,CoD,Evening,Android,7.0.0,Flagship_1P,West,25.6,1,129,2,0,0.0,1320,1,0,False,Returning,False
ORD1333681,U111506,2024-03-31 18:36:55,Tier 1,157836,1830,2140,310,0,Fashion,Prepaid,Evening,Android,6.4.0,Marketplace_3P,West,4.0,1,1129,13,3,0.231,64040,8,3,False,Returning,False
ORD1177626,U164981,2024-03-31 20:30:36,Tier 2,421274,2690,3160,470,0,Fashion,Prepaid,Evening,Android,6.5.2,Marketplace_3P,South,11.0,1,438,6,2,0.333,11510,4,2,False,Returning,False
ORD1480577,U158150,2024-03-31 20:36:09,Tier 1,125866,350,430,80,40,Grocery,CoD,Evening,Android,6.2.0,Marketplace_3P,Central,6.6,1,879,9,3,0.333,23840,3,2,False,Returning,False
ORD1223187,U191047,2024-03-31 20:57:15,Tier 1,767504,5610,7300,1690,0,Appliances,Prepaid,Evening,Android,6.4.0,Marketplace_3P,North,4.1,1,667,7,5,0.714,16710,6,5,False,Returning,False
ORD1283595,U141318,2024-03-31 23:07:17,Tier 2,227304,11530,15110,3580,0,Mobiles,CoD,Late_Night,Android,6.3.1,Marketplace_3P,West,1.4,1,1015,8,2,0.25,3020,6,2,False,Returning,False
ORD1053766,U210500,2024-04-01 03:03:51,Tier 3,622692,1590,1620,30,0,Fashion,CoD,Late_Night,Android,6.2.0,Flagship_1P,North,23.1,2,691,8,1,0.125,3990,6,1,False,Returning,False
ORD1260494,U181757,2024-04-01 06:52:25,Tier 3,567608,1260,1330,70,0,Books,CoD,Morning,Android,6.4.0,Local_SmallSeller,East,20.4,1,79,1,0,0.0,930,0,0,True,New,True
ORD1318251,U186117,2024-04-01 07:09:30,Tier 2,204595,1490,1580,90,0,Footwear,CoD,Morning,Android,6.3.1,Local_SmallSeller,West,4.0,1,120,2,0,0.0,3640,1,0,False,Returning,False
ORD1251307,U130347,2024-04-01 09:29:28,Tier 3,727981,800,880,80,0,Grocery,Prepaid,Morning,Android,6.4.0,Marketplace_3P,Central,36.0,1,1308,11,3,0.273,10080,3,2,False,Returning,False
ORD1492779,U142167,2024-04-01 10:30:48,Tier 2,196626,820,960,140,0,Beauty,CoD,Morning,Android,7.0.0,Marketplace_3P,West,7.7,3,459,10,5,0.5,18070,6,5,False,Returning,False
ORD1261024,U142261,2024-04-01 11:26:53,Tier 3,855394,1370,1470,100,0,Footwear,CoD,Morning,Android,7.0.0,Local_SmallSeller,North,10.2,1,512,8,3,0.375,7970,2,2,False,Returning,False
ORD1296941,U119193,2024-04-01 14:16:38,Tier 2,376989,700,720,20,0,Fashion,CoD,Afternoon,Android,7.0.0,Marketplace_3P,South,29.3,1,1216,15,3,0.2,22800,13,3,False,Returning,False
ORD1226225,U190657,2024-04-01 15:15:04,Tier 1,432865,970,1300,330,0,Fashion,Prepaid,Afternoon,Android,7.0.0,Marketplace_3P,West,4.9,1,911,14,2,0.143,51210,4,2,False,Returning,False
ORD1170084,U212220,2024-04-01 17:14:35,Tier 1,513588,750,930,180,0,Beauty,Prepaid,Evening,Android,6.5.2,Local_SmallSeller,East,17.5,2,49,1,1,1.0,1080,1,1,True,New,False
ORD1292106,U102880,2024-04-01 17:58:31,Tier 3,681083,6550,6770,220,0,Mobiles,CoD,Evening,Android,6.5.2,Local_SmallSeller,South,20.3,1,61,2,0,0.0,2820,2,0,False,Returning,False
ORD1203794,U209243,2024-04-01 19:42:45,Tier 3,715623,790,940,150,0,Fashion,CoD,Evening,Android,6.4.0,Flagship_1P,West,28.4,1,465,8,2,0.25,4080,5,2,False,Returning,False
ORD1289650,U130445,2024-04-01 22:06:30,Tier 1,382948,18050,18670,620,0,Electronics,Prepaid,Late_Night,Android,6.3.1,Marketplace_3P,West,8.6,1,1496,21,2,0.095,81050,10,2,False,Returning,False
ORD1035910,U157558,2024-04-02 01:28:03,Tier 3,545700,6580,8770,2190,0,Electronics,CoD,Late_Night,Android,6.3.1,Local_SmallSeller,South,14.9,1,1138,11,0,0.0,10530,6,0,False,Returning,False
ORD1452188,U210709,2024-04-02 07:01:11,Tier 2,211791,1590,1990,400,0,Home & Kitchen,CoD,Morning,Android,6.4.0,Marketplace_3P,South,36.7,1,1070,15,1,0.067,44900,8,1,False,Returning,False
ORD1223018,U116868,2024-04-02 12:32:17,Tier 2,409351,2060,2560,500,0,Fashion,Prepaid,Afternoon,iOS,6.3.1,Marketplace_3P,South,6.1,1,1144,18,2,0.111,3790,7,2,False,Returning,False
ORD1120150,U179939,2024-04-02 13:10:59,Tier 1,412483,5150,6300,1150,0,Electronics,Prepaid,Afternoon,Android,6.4.0,Marketplace_3P,West,15.3,1,561,7,0,0.0,6090,2,0,False,Returning,False
ORD1449205,U138768,2024-04-02 13:21:32,Tier 1,178692,870,1120,250,0,Books,Prepaid,Afternoon,Android,7.0.0,Flagship_1P,East,11.3,1,60,1,0,0.0,1620,0,0,True,New,False
ORD1382142,U214446,2024-04-02 15:46:11,Tier 3,783644,5380,6520,1140,0,Home & Kitchen,CoD,Afternoon,iOS,6.3.1,Marketplace_3P,Central,7.1,1,726,10,0,0.0,34400,3,0,False,Returning,False
ORD1156791,U152731,2024-04-02 17:51:36,Tier 3,554996,1780,2350,570,0,Fashion,Prepaid,Evening,Android,7.0.0,Flagship_1P,Central,9.9,1,1291,19,5,0.263,27970,13,5,False,Returning,False
ORD1251903,U118119,2024-04-02 18:24:06,Tier 2,633566,650,650,0,0,Grocery,Prepaid,Evening,Android,6.4.0,Marketplace_3P,North,7.0,1,1381,16,4,0.25,9230,5,4,False,Returning,False
ORD1045135,U165771,2024-04-02 20:05:19,Tier 1,371506,370,430,60,0,Grocery,Prepaid,Evening,iOS,6.2.0,Marketplace_3P,South,10.5,1,497,10,0,0.0,20170,6,0,False,Returning,False
ORD1192803,U150158,2024-04-02 21:36:10,Tier 1,731868,1890,2350,460,0,Footwear,Prepaid,Evening,Android,6.3.1,Local_SmallSeller,East,3.7,1,764,9,0,0.0,25020,5,0,False,Returning,False
ORD1174974,U115685,2024-04-03 01:53:53,Tier 1,793128,720,970,250,0,Toys,Prepaid,Late_Night,Android,6.5.2,Marketplace_3P,North,3.0,2,685,4,1,0.25,7210,2,1,False,Returning,False
ORD1257035,U121521,2024-04-03 14:50:40,Tier 3,743212,5870,7450,1580,0,Electronics,CoD,Afternoon,Android,6.4.0,Marketplace_3P,North,29.1,1,1450,26,4,0.154,24960,11,4,False,Returning,False
ORD1165218,U123401,2024-04-03 15:36:36,Tier 2,118939,1400,1730,330,0,Footwear,Prepaid,Afternoon,Android,6.3.1,Flagship_1P,North,4.7,2,950,8,4,0.5,31740,4,2,False,Returning,True
ORD1149641,U161868,2024-04-03 16:04:23,Tier 2,468300,9640,12000,2360,0,Electronics,CoD,Afternoon,Android,6.2.0,Marketplace_3P,South,7.6,2,1456,14,9,0.643,7860,10,9,False,Returning,True
ORD1127354,U114489,2024-04-03 16:57:30,Tier 2,416250,2910,3340,430,0,Fashion,CoD,Afternoon,Android,6.2.0,Marketplace_3P,West,12.7,2,1051,15,0,0.0,27050,8,0,False,Returning,False
ORD1402109,U149019,2024-04-03 18:22:21,Tier 3,461585,660,840,180,0,Grocery,CoD,Evening,Android,7.0.0,Flagship_1P,West,16.6,1,612,14,6,0.429,16190,4,4,False,Returning,False
ORD1220034,U134806,2024-04-03 20:00:33,Tier 1,453180,470,620,150,40,Beauty,CoD,Evening,Android,6.2.0,Flagship_1P,East,11.2,1,368,6,0,0.0,12530,4,0,False,Returning,False
ORD1202928,U168452,2024-04-03 20:40:04,Tier 3,256058,3060,3240,180,0,Home & Kitchen,CoD,Evening,Android,6.2.0,Marketplace_3P,South,20.4,3,1095,16,5,0.312,13580,13,5,False,Returning,False
ORD1448157,U129485,2024-04-03 20:52:33,Tier 3,162081,1050,1400,350,0,Toys,CoD,Evening,Android,6.4.0,Local_SmallSeller,West,16.5,1,450,7,0,0.0,8820,3,0,False,Returning,False
ORD1333033,U179725,2024-04-03 21:21:11,Tier 3,681812,710,790,80,0,Grocery,CoD,Evening,Android,6.4.0,Flagship_1P,North,23.5,1,1100,11,2,0.182,4070,4,2,False,Returning,False
ORD1331190,U206830,2024-04-03 22:44:18,Tier 2,174725,1730,2080,350,0,Fashion,CoD,Late_Night,Android,7.0.0,Marketplace_3P,North,7.1,1,105,1,0,0.0,1070,0,0,True,New,False
ORD1216405,U178510,2024-04-03 22:56:21,Tier 1,764327,300,340,40,40,Beauty,Prepaid,Late_Night,Android,6.5.2,Flagship_1P,Central,19.9,2,195,1,0,0.0,560,0,0,True,New,False
ORD1390267,U131992,2024-04-04 04:49:44,Tier 1,777823,3970,4350,380,0,Electronics,CoD,Late_Night,Android,6.2.0,Local_SmallSeller,East,3.8,1,1434,21,6,0.286,26270,10,6,False,Returning,False
ORD1320314,U163151,2024-04-04 05:42:52,Tier 1,178633,1130,1350,220,0,Fashion,Prepaid,Morning,iOS,6.4.0,Flagship_1P,West,6.4,1,544,6,2,0.333,15390,3,2,False,Returning,False
ORD1059828,U183397,2024-04-04 06:02:26,Tier 2,462489,27580,28020,440,0,Mobiles,CoD,Morning,Android,7.0.0,Local_SmallSeller,Central,10.4,1,479,4,0,0.0,9760,2,0,False,Returning,False
ORD1351635,U135528,2024-04-04 10:08:08,Tier 1,282684,1450,1490,40,0,Home & Kitchen,Prepaid,Morning,Android,7.0.0,Marketplace_3P,North,9.1,1,204,4,0,0.0,5090,4,0,False,Returning,False
ORD1070030,U201544,2024-04-04 10:44:05,Tier 2,341695,1700,2020,320,0,Footwear,Prepaid,Morning,Android,6.5.2,Flagship_1P,North,2.3,3,955,10,3,0.3,5620,7,3,False,Returning,False
ORD1480995,U162597,2024-04-04 15:00:08,Tier 3,420976,2830,3110,280,0,Fashion,CoD,Afternoon,Android,7.0.0,Local_SmallSeller,Central,18.1,2,472,5,2,0.4,8710,3,2,False,Returning,False
ORD1425842,U130284,2024-04-04 18:27:17,Tier 1,385201,25150,26080,930,0,Appliances,Prepaid,Evening,Android,6.4.0,Flagship_1P,North,4.7,1,70,3,1,0.333,5430,3,1,False,Returning,False
ORD1375876,U101419,2024-04-04 19:01:58,Tier 1,765256,660,790,130,0,Grocery,Prepaid,Evening,Android,6.2.0,Marketplace_3P,East,1.7,1,714,9,1,0.111,15030,7,1,False,Returning,False
ORD1056599,U115322,2024-04-04 19:41:56,Tier 1,590024,820,900,80,0,Fashion,Prepaid,Evening,Android,6.4.0,Flagship_1P,East,2.6,1,1487,29,9,0.31,130930,24,9,False,Returning,False
ORD1277093,U127841,2024-04-04 20:00:43,Tier 3,754492,740,920,180,0,Beauty,Prepaid,Evening,Android,6.3.1,Flagship_1P,West,3.2,2,656,7,2,0.286,10700,5,2,False,Returning,False
ORD1474756,U116323,2024-04-04 20:15:16,Tier 3,727422,20930,26710,5780,0,Mobiles,CoD,Evening,Android,6.2.0,Marketplace_3P,North,13.7,2,295,6,3,0.5,2690,5,3,False,Returning,True
ORD1122490,U201350,2024-04-04 20:19:58,Tier 2,531745,4380,4630,250,0,Home & Kitchen,Prepaid,Evening,Android,7.0.0,Marketplace_3P,West,31.1,1,778,11,5,0.455,14040,4,4,False,Returning,False
ORD1023011,U167592,2024-04-04 22:21:18,Tier 2,515399,3260,3620,360,0,Electronics,CoD,Late_Night,Android,7.0.0,Local_SmallSeller,East,6.9,1,897,10,5,0.5,3700,5,4,False,Returning,False
ORD1351591,U128803,2024-04-04 23:34:44,Tier 1,769108,2680,3370,690,0,Footwear,CoD,Late_Night,Android,6.4.0,Flagship_1P,East,0.5,1,1239,15,2,0.133,21660,9,2,False,Returning,False
ORD1308125,U120766,2024-04-05 00:14:55,Tier 3,842705,1480,1680,200,0,Toys,CoD,Late_Night,Android,6.4.0,Marketplace_3P,North,15.0,1,1225,12,0,0.0,13180,9,0,False,Returning,False
ORD1425952,U219361,2024-04-05 00:37:42,Tier 3,454958,480,530,50,60,Grocery,CoD,Late_Night,Android,6.4.0,Local_SmallSeller,South,8.4,1,1084,10,1,0.1,33120,8,1,False,Returning,False
ORD1260491,U216025,2024-04-05 00:46:48,Tier 1,172540,580,700,120,0,Toys,Prepaid,Late_Night,Android,6.3.1,Marketplace_3P,East,6.8,1,292,5,2,0.4,17170,1,1,False,Returning,False
ORD1025325,U131365,2024-04-05 01:44:26,Tier 2,849738,26500,29970,3470,0,Mobiles,CoD,Late_Night,iOS,6.4.0,Local_SmallSeller,West,12.9,1,22,1,0,0.0,2970,0,0,True,New,False
ORD1158706,U152044,2024-04-05 02:15:16,Tier 2,541881,740,780,40,0,Fashion,Prepaid,Late_Night,iOS,6.2.0,Local_SmallSeller,Central,11.7,1,8,1,0,0.0,3170,0,0,True,New,False
ORD1114643,U198264,2024-04-05 04:22:12,Tier 1,599266,6570,7750,1180,0,Electronics,Prepaid,Late_Night,Android,7.0.0,Marketplace_3P,North,3.7,1,1205,11,1,0.091,10960,4,1,False,Returning,False
ORD1154259,U175143,2024-04-05 04:53:25,Tier 2,122046,600,710,110,0,Fashion,Prepaid,Late_Night,Android,6.3.1,Flagship_1P,Central,9.7,1,888,8,4,0.5,15930,2,1,False,Returning,False
ORD1429167,U113136,2024-04-05 12:45:21,Tier 2,116464,1340,1420,80,0,Beauty,Prepaid,Afternoon,Android,6.2.0,Marketplace_3P,West,23.9,1,925,8,3,0.375,12930,5,3,False,Returning,False
ORD1194299,U103280,2024-04-05 13:16:13,Tier 2,754079,1180,1270,90,0,Fashion,Prepaid,Afternoon,iOS,6.4.0,Marketplace_3P,North,19.1,1,131,1,0,0.0,790,1,0,True,New,False
ORD1017411,U151072,2024-04-05 14:50:56,Tier 1,825823,1440,1620,180,0,Beauty,CoD,Afternoon,Android,6.4.0,Flagship_1P,West,6.7,1,806,9,2,0.222,14260,7,2,False,Returning,False
ORD1174846,U185525,2024-04-05 14:58:30,Tier 2,804250,1050,1170,120,0,Beauty,CoD,Afternoon,Android,6.3.1,Flagship_1P,North,3.3,1,690,7,2,0.286,2010,5,2,False,Returning,False
ORD1311834,U158277,2024-04-05 17:05:11,Tier 1,376211,1890,2510,620,0,Toys,Prepaid,Evening,Android,6.4.0,Marketplace_3P,South,10.5,1,153,2,1,0.5,8950,1,1,False,Returning,False
ORD1187024,U162597,2024-04-05 18:29:59,Tier 1,321746,740,780,40,0,Fashion,Prepaid,Evening,Android,6.4.0,Flagship_1P,North,14.2,1,472,5,2,0.4,8710,3,2,False,Returning,False
ORD1307012,U130514,2024-04-05 21:47:39,Tier 2,243163,3010,3100,90,0,Fashion,CoD,Evening,Android,6.5.2,Marketplace_3P,West,15.6,1,280,6,0,0.0,11520,2,0,False,Returning,False
ORD1422487,U109053,2024-04-05 22:36:16,Tier 1,127723,1350,1480,130,0,Home & Kitchen,Prepaid,Late_Night,Android,6.2.0,Flagship_1P,East,1.0,2,1450,17,7,0.412,126770,13,7,False,Returning,False
ORD1193187,U202436,2024-04-05 22:58:09,Tier 2,514089,1030,1350,320,0,Beauty,CoD,Late_Night,Android,6.2.0,Marketplace_3P,Central,5.9,1,1280,13,3,0.231,5740,10,3,False,Returning,False
ORD1067362,U149986,2024-04-06 00:04:10,Tier 3,421456,970,1230,260,0,Fashion,CoD,Late_Night,Android,6.5.2,Marketplace_3P,South,32.2,1,27,1,0,0.0,1700,1,0,True,New,True
ORD1147295,U141425,2024-04-06 00:50:19,Tier 1,661148,6090,7320,1230,0,Mobiles,Prepaid,Late_Night,Android,7.0.0,Local_SmallSeller,Central,13.6,1,878,4,0,0.0,5190,2,0,False,Returning,False
ORD1436007,U212786,2024-04-06 02:45:21,Tier 3,261389,19470,20660,1190,0,Mobiles,CoD,Late_Night,Android,6.5.2,Flagship_1P,South,10.0,1,1295,12,3,0.25,4130,9,3,False,Returning,False
ORD1283142,U106446,2024-04-06 03:23:57,Tier 3,580375,710,780,70,0,Grocery,CoD,Late_Night,Android,6.2.0,Marketplace_3P,West,26.6,1,433,4,2,0.5,8970,3,2,False,Returning,False
ORD1221516,U125880,2024-04-06 05:39:50,Tier 3,732024,820,940,120,0,Beauty,CoD,Morning,Android,6.5.2,Local_SmallSeller,North,43.7,1,1015,14,3,0.214,12590,11,3,False,Returning,False
ORD1105345,U201721,2024-04-06 07:05:18,Tier 1,385481,710,910,200,0,Beauty,Prepaid,Morning,Android,6.3.1,Flagship_1P,Central,9.4,1,864,11,1,0.091,25470,8,1,False,Returning,False
ORD1344193,U185189,2024-04-06 08:11:06,Tier 2,392097,530,580,50,0,Books,Prepaid,Morning,iOS,6.3.1,Local_SmallSeller,West,4.3,1,475,6,0,0.0,1500,4,0,False,Returning,False
ORD1142282,U196396,2024-04-06 08:11:12,Tier 2,355114,9200,11120,1920,0,Appliances,CoD,Morning,Android,6.4.0,Marketplace_3P,West,23.0,1,973,15,5,0.333,27120,6,5,False,Returning,False
ORD1412485,U167156,2024-04-06 09:12:25,Tier 2,624523,4730,5820,1090,0,Home & Kitchen,Prepaid,Morning,Android,7.0.0,Marketplace_3P,West,15.0,2,417,3,1,0.333,2740,1,1,False,Returning,False
ORD1221694,U115000,2024-04-06 12:35:42,Tier 2,798346,1370,1770,400,0,Grocery,CoD,Afternoon,Android,7.0.0,Marketplace_3P,North,11.3,1,752,12,1,0.083,7950,6,1,False,Returning,False
ORD1250099,U162948,2024-04-06 13:09:34,Tier 3,447573,6330,8490,2160,0,Electronics,Prepaid,Afternoon,Android,6.5.2,Marketplace_3P,North,31.2,1,45,3,0,0.0,12870,1,0,False,Returning,False
ORD1339268,U213693,2024-04-06 14:46:14,Tier 3,713966,11880,14110,2230,0,Mobiles,CoD,Afternoon,Android,6.5.2,Local_SmallSeller,East,68.8,1,986,11,2,0.182,48060,5,2,False,Returning,False
ORD1424769,U115830,2024-04-06 15:36:57,Tier 1,223885,1760,1890,130,0,Beauty,Prepaid,Afternoon,Android,6.2.0,Local_SmallSeller,North,8.8,2,1470,19,1,0.053,45660,17,1,False,Returning,False
ORD1142293,U205074,2024-04-06 18:00:46,Tier 3,321188,8820,9640,820,0,Mobiles,CoD,Evening,iOS,6.2.0,Marketplace_3P,North,26.4,1,1058,10,4,0.4,33060,6,4,False,Returning,True
ORD1135766,U214892,2024-04-06 18:35:23,Tier 1,625209,7160,7890,730,0,Mobiles,Prepaid,Evening,Android,6.3.1,Marketplace_3P,West,6.5,1,91,1,0,0.0,2920,1,0,True,New,False
ORD1006636,U158190,2024-04-06 18:44:24,Tier 1,789894,930,1010,80,0,Toys,CoD,Evening,Android,6.4.0,Marketplace_3P,East,8.5,1,241,4,2,0.5,16070,1,1,False,Returning,False
ORD1343207,U184541,2024-04-06 21:08:53,Tier 3,396649,1670,2150,480,0,Footwear,CoD,Evening,Android,6.4.0,Local_SmallSeller,Central,43.8,1,138,1,1,1.0,310,1,1,True,New,False
ORD1078272,U191356,2024-04-07 03:04:53,Tier 1,818870,2740,3550,810,0,Fashion,CoD,Late_Night,Android,6.5.2,Flagship_1P,West,6.5,2,1185,12,1,0.083,21170,6,1,False,Returning,False
ORD1290566,U164037,2024-04-07 03:07:07,Tier 1,187119,280,310,30,40,Books,CoD,Late_Night,Android,7.0.0,Local_SmallSeller,Central,15.6,1,1424,13,2,0.154,2090,8,2,False,Returning,False
ORD1292059,U216292,2024-04-07 04:06:38,Tier 1,600347,2180,2910,730,0,Home & Kitchen,Prepaid,Late_Night,Android,6.2.0,Local_SmallSeller,South,6.9,1,629,10,1,0.1,7490,4,1,False,Returning,False
ORD1373683,U180512,2024-04-07 05:43:46,Tier 1,616046,860,1150,290,0,Fashion,Prepaid,Morning,Android,6.2.0,Marketplace_3P,West,19.8,1,961,6,2,0.333,8470,5,2,False,Returning,False
ORD1033334,U187676,2024-04-07 06:17:20,Tier 1,491655,9240,11620,2380,0,Mobiles,CoD,Morning,Android,6.2.0,Marketplace_3P,North,5.6,1,391,8,2,0.25,13370,7,2,False,Returning,False
ORD1021143,U109455,2024-04-07 06:47:25,Tier 2,380617,1040,1130,90,0,Home & Kitchen,CoD,Morning,Android,6.4.0,Local_SmallSeller,East,13.8,1,90,1,0,0.0,1430,1,0,True,New,False
ORD1054475,U149905,2024-04-07 07:58:22,Tier 3,724710,460,590,130,0,Grocery,CoD,Morning,Android,6.3.1,Local_SmallSeller,Central,45.6,1,1120,19,11,0.579,20510,9,5,False,Returning,True
ORD1363483,U108783,2024-04-07 07:59:25,Tier 3,234819,1410,1570,160,0,Fashion,CoD,Morning,Android,6.4.0,Marketplace_3P,Central,19.2,1,396,4,0,0.0,4770,2,0,False,Returning,True
ORD1433215,U216172,2024-04-07 08:28:18,Tier 3,795871,920,1050,130,0,Grocery,CoD,Morning,iOS,6.3.1,Marketplace_3P,North,30.5,1,1280,18,2,0.111,33420,4,2,False,Returning,False
ORD1395297,U100289,2024-04-07 11:54:33,Tier 3,205266,330,390,60,0,Grocery,CoD,Morning,Android,7.0.0,Local_SmallSeller,East,4.2,1,710,9,3,0.333,1090,3,2,False,Returning,False
ORD1272679,U162597,2024-04-07 12:46:46,Tier 2,420826,7820,10440,2620,0,Appliances,CoD,Afternoon,Android,6.2.0,Marketplace_3P,North,43.3,1,472,5,2,0.4,8710,3,2,False,Returning,False
ORD1006771,U165392,2024-04-07 14:21:57,Tier 3,375104,11480,14280,2800,0,Electronics,CoD,Afternoon,Android,6.5.2,Marketplace_3P,East,31.4,1,1228,11,2,0.182,29860,8,2,False,Returning,False
ORD1210709,U147873,2024-04-07 14:52:55,Tier 3,656975,320,430,110,60,Toys,CoD,Afternoon,Android,6.2.0,Marketplace_3P,East,23.3,1,800,7,0,0.0,1220,3,0,False,Returning,False
ORD1370643,U129352,2024-04-07 16:49:56,Tier 2,823838,11150,15030,3880,0,Appliances,Prepaid,Afternoon,Android,7.0.0,Marketplace_3P,East,6.3,1,865,9,3,0.333,15190,2,2,False,Returning,False
ORD1055958,U205902,2024-04-07 17:40:03,Tier 3,277731,1640,2030,390,0,Home & Kitchen,CoD,Evening,Android,6.5.2,Marketplace_3P,Central,26.1,3,935,9,3,0.333,26000,8,3,False,Returning,True
ORD1148071,U219936,2024-04-07 18:00:39,Tier 3,745401,1060,1070,10,0,Beauty,CoD,Evening,Android,7.0.0,Marketplace_3P,South,24.3,1,1214,9,1,0.111,2470,4,1,False,Returning,False
ORD1265632,U101535,2024-04-07 20:13:37,Tier 3,833438,22800,23400,600,0,Mobiles,CoD,Evening,Android,6.3.1,Local_SmallSeller,North,27.3,1,47,3,1,0.333,2590,2,1,False,Returning,True
ORD1124163,U186265,2024-04-08 00:41:08,Tier 2,345851,24740,26470,1730,0,Mobiles,CoD,Late_Night,Android,6.4.0,Flagship_1P,South,21.3,1,766,10,2,0.2,4580,9,2,False,Returning,True
ORD1310974,U132604,2024-04-08 01:24:59,Tier 2,775900,2830,3510,680,0,Footwear,CoD,Late_Night,Android,6.5.2,Flagship_1P,Central,4.2,1,654,6,1,0.167,4760,3,1,False,Returning,False
ORD1319956,U218999,2024-04-08 02:24:22,Tier 3,476573,630,740,110,0,Grocery,Prepaid,Late_Night,iOS,6.4.0,Local_SmallSeller,West,22.9,2,574,7,0,0.0,7720,5,0,False,Returning,False
ORD1163524,U129892,2024-04-08 04:05:41,Tier 2,813944,910,930,20,0,Home & Kitchen,Prepaid,Late_Night,Android,7.0.0,Marketplace_3P,West,1.2,1,20,2,0,0.0,5100,2,0,False,Returning,False
ORD1383294,U142248,2024-04-08 06:07:43,Tier 3,680016,910,1000,90,0,Fashion,CoD,Morning,iOS,6.4.0,Marketplace_3P,South,30.4,1,1410,19,1,0.053,35230,6,1,False,Returning,False
ORD1189240,U189022,2024-04-08 07:18:14,Tier 1,277956,1410,1690,280,0,Fashion,CoD,Morning,Android,6.5.2,Marketplace_3P,North,13.6,1,374,5,3,0.6,6470,3,3,False,Returning,False
ORD1060248,U182058,2024-04-08 09:40:30,Tier 1,204813,2190,2880,690,0,Footwear,Prepaid,Morning,iOS,6.2.0,Marketplace_3P,Central,10.2,1,401,8,5,0.625,8670,4,2,False,Returning,False
ORD1014256,U176560,2024-04-08 10:58:05,Tier 1,450441,3830,4150,320,0,Electronics,Prepaid,Morning,Android,6.5.2,Marketplace_3P,East,12.8,1,1151,8,1,0.125,6060,5,1,False,Returning,False
ORD1056198,U201633,2024-04-08 12:21:22,Tier 3,724802,1360,1720,360,0,Beauty,CoD,Afternoon,Android,6.4.0,Marketplace_3P,North,11.2,1,1369,15,2,0.133,24210,8,2,False,Returning,False
ORD1022866,U152806,2024-04-08 13:09:48,Tier 2,679375,3450,4630,1180,0,Footwear,CoD,Afternoon,Android,6.3.1,Marketplace_3P,East,8.0,1,682,8,0,0.0,5400,3,0,False,Returning,False
ORD1205236,U163449,2024-04-08 14:48:02,Tier 3,301485,190,240,50,40,Books,CoD,Afternoon,Android,7.0.0,Marketplace_3P,West,48.7,1,347,4,1,0.25,2860,1,1,False,Returning,False
ORD1448857,U218809,2024-04-08 16:46:05,Tier 2,276170,2280,3060,780,0,Home & Kitchen,CoD,Afternoon,Android,6.2.0,Marketplace_3P,East,31.1,2,940,13,8,0.615,12270,8,7,False,Returning,False
ORD1361249,U133744,2024-04-08 18:04:06,Tier 2,493782,290,370,80,60,Grocery,Prepaid,Evening,Android,6.5.2,Local_SmallSeller,Central,2.7,1,697,8,3,0.375,14570,3,2,False,Returning,False
ORD1013029,U123764,2024-04-09 00:23:01,Tier 1,516631,5450,5530,80,0,Appliances,CoD,Late_Night,iOS,6.5.2,Marketplace_3P,East,6.4,2,888,14,4,0.286,8810,12,4,False,Returning,False
ORD1020821,U156805,2024-04-09 01:06:06,Tier 2,248403,3500,3980,480,0,Electronics,CoD,Late_Night,Android,6.2.0,Marketplace_3P,South,9.9,1,1378,18,1,0.056,18010,6,1,False,Returning,False
ORD1376542,U128583,2024-04-09 02:39:13,Tier 1,308677,1880,1900,20,0,Footwear,CoD,Late_Night,Android,6.4.0,Marketplace_3P,East,8.3,1,584,2,0,0.0,3300,2,0,False,Returning,False
ORD1249187,U175290,2024-04-09 06:49:02,Tier 1,820503,1780,2170,390,0,Fashion,Prepaid,Morning,Android,6.5.2,Local_SmallSeller,West,3.4,1,723,8,2,0.25,39500,5,2,False,Returning,False
ORD1488866,U112214,2024-04-09 07:21:03,Tier 2,512092,270,340,70,60,Beauty,Prepaid,Morning,Android,6.2.0,Marketplace_3P,Central,11.5,1,194,2,0,0.0,5920,2,0,False,Returning,False
ORD1155417,U136161,2024-04-09 07:42:56,Tier 2,291330,860,1030,170,0,Footwear,CoD,Morning,Android,6.5.2,Local_SmallSeller,Central,17.9,1,1110,11,1,0.091,20100,5,1,False,Returning,False
ORD1235275,U198752,2024-04-09 07:54:09,Tier 1,751561,760,830,70,0,Books,Prepaid,Morning,Android,6.2.0,Local_SmallSeller,South,21.7,2,965,9,2,0.222,17970,3,2,False,Returning,False
ORD1235227,U141622,2024-04-09 10:02:32,Tier 1,667581,1560,1770,210,0,Home & Kitchen,CoD,Morning,Android,6.4.0,Marketplace_3P,East,4.9,1,1360,22,7,0.318,19470,12,7,False,Returning,False
ORD1064754,U216958,2024-04-09 10:48:14,Tier 3,258509,870,880,10,0,Beauty,CoD,Morning,Android,6.2.0,Marketplace_3P,West,33.0,1,121,1,0,0.0,600,1,0,True,New,False
ORD1468236,U151008,2024-04-09 12:49:50,Tier 1,725746,14440,18900,4460,0,Electronics,Prepaid,Afternoon,Android,6.2.0,Local_SmallSeller,North,20.3,1,651,7,1,0.143,13860,6,1,False,Returning,False
ORD1322101,U149748,2024-04-09 13:05:44,Tier 1,751558,1400,1500,100,0,Fashion,Prepaid,Afternoon,Android,6.2.0,Marketplace_3P,Central,7.2,1,1481,23,10,0.435,49870,14,9,False,Returning,False
ORD1157666,U178851,2024-04-09 13:18:36,Tier 2,674674,860,1000,140,0,Fashion,Prepaid,Afternoon,iOS,6.2.0,Local_SmallSeller,North,3.8,2,96,1,0,0.0,2400,0,0,True,New,False
ORD1101819,U175054,2024-04-09 15:20:02,Tier 2,314339,5140,6750,1610,0,Electronics,Prepaid,Afternoon,Android,6.5.2,Flagship_1P,Central,7.4,1,118,2,0,0.0,3770,1,0,False,Returning,False
ORD1278635,U165392,2024-04-09 16:47:44,Tier 3,213949,2000,2000,0,0,Fashion,CoD,Afternoon,Android,6.3.1,Marketplace_3P,East,1.8,1,1228,11,2,0.182,29860,8,2,False,Returning,False
ORD1323023,U119074,2024-04-09 20:26:51,Tier 2,505910,1820,2290,470,0,Footwear,Prepaid,Evening,Android,6.4.0,Marketplace_3P,South,12.3,1,354,4,1,0.25,4400,3,1,False,Returning,False
ORD1440492,U137056,2024-04-09 21:26:55,Tier 3,205715,2020,2170,150,0,Home & Kitchen,Prepaid,Evening,Android,7.0.0,Local_SmallSeller,North,27.6,2,950,13,3,0.231,16380,7,3,False,Returning,True
ORD1072278,U194809,2024-04-09 21:29:01,Tier 1,817896,440,520,80,40,Toys,Prepaid,Evening,iOS,6.3.1,Marketplace_3P,Central,3.6,1,1472,16,6,0.375,10250,5,3,False,Returning,False
ORD1495988,U109947,2024-04-09 23:08:45,Tier 2,579685,13620,14710,1090,0,Mobiles,CoD,Late_Night,Android,6.5.2,Local_SmallSeller,South,16.4,1,1378,16,3,0.188,2000,6,3,False,Returning,False
ORD1367247,U183489,2024-04-09 23:48:28,Tier 2,610035,950,1190,240,0,Fashion,CoD,Late_Night,iOS,6.4.0,Local_SmallSeller,West,7.4,1,664,6,1,0.167,6180,3,1,False,Returning,False
ORD1381099,U151721,2024-04-10 00:17:02,Tier 2,449333,9220,10940,1720,0,Mobiles,Prepaid,Late_Night,Android,6.3.1,Local_SmallSeller,Central,18.0,1,1499,17,1,0.059,62430,13,1,False,Returning,True
ORD1210212,U119312,2024-04-10 00:33:26,Tier 1,204265,710,720,10,0,Footwear,Prepaid,Late_Night,Android,6.3.1,Marketplace_3P,Central,2.6,1,639,5,0,0.0,8210,2,0,False,Returning,False
ORD1460055,U160515,2024-04-10 00:34:06,Tier 1,634405,750,760,10,0,Beauty,CoD,Late_Night,Android,6.5.2,Flagship_1P,West,6.0,1,1021,14,1,0.071,19500,4,1,False,Returning,False
ORD1355431,U201031,2024-04-10 03:25:03,Tier 1,609282,870,1160,290,0,Toys,Prepaid,Late_Night,Android,6.4.0,Local_SmallSeller,East,16.6,1,219,4,1,0.25,8270,3,1,False,Returning,False
ORD1425973,U103390,2024-04-10 04:32:46,Tier 1,441075,2070,2220,150,0,Fashion,Prepaid,Late_Night,Android,6.3.1,Flagship_1P,South,6.2,1,380,5,2,0.4,14310,3,2,False,Returning,False
ORD1404387,U126020,2024-04-10 05:11:33,Tier 3,493408,1120,1250,130,0,Fashion,CoD,Morning,Android,6.4.0,Flagship_1P,North,10.6,1,680,7,1,0.143,750,5,1,False,Returning,False
ORD1420227,U194653,2024-04-10 08:24:21,Tier 1,421056,520,610,90,0,Footwear,CoD,Morning,iOS,6.2.0,Marketplace_3P,South,9.2,2,1242,8,1,0.125,8560,3,1,False,Returning,False
ORD1418523,U143208,2024-04-10 10:51:22,Tier 1,518583,3160,3210,50,0,Home & Kitchen,CoD,Morning,Android,6.3.1,Marketplace_3P,North,4.0,1,659,8,4,0.5,5290,6,3,False,Returning,True
ORD1489920,U192713,2024-04-10 15:35:13,Tier 2,132400,1140,1150,10,0,Beauty,Prepaid,Afternoon,Android,7.0.0,Local_SmallSeller,South,10.2,1,1261,13,2,0.154,15810,6,2,False,Returning,False
ORD1051864,U152506,2024-04-10 19:49:17,Tier 3,540637,1010,1120,110,0,Home & Kitchen,CoD,Evening,Android,6.2.0,Marketplace_3P,Central,22.1,1,803,13,1,0.077,34330,11,1,False,Returning,False
ORD1098802,U216778,2024-04-10 20:38:16,Tier 3,399299,15620,20820,5200,0,Mobiles,CoD,Evening,Android,7.0.0,Marketplace_3P,East,15.2,1,35,2,0,0.0,2590,1,0,False,Returning,True
ORD1005876,U179583,2024-04-10 22:44:11,Tier 1,779942,2740,3550,810,0,Footwear,CoD,Late_Night,Android,7.0.0,Local_SmallSeller,West,5.6,1,174,1,1,1.0,330,1,1,True,New,False
ORD1386558,U151563,2024-04-10 22:46:13,Tier 2,366506,10960,14010,3050,0,Appliances,CoD,Late_Night,Android,7.0.0,Marketplace_3P,East,8.6,1,1115,12,0,0.0,10230,4,0,False,Returning,False
ORD1344795,U163455,2024-04-10 23:51:59,Tier 1,811899,1910,2270,360,0,Fashion,Prepaid,Late_Night,Android,7.0.0,Local_SmallSeller,North,31.9,1,103,2,0,0.0,4220,1,0,False,Returning,False
ORD1031979,U132409,2024-04-11 01:33:07,Tier 3,705893,14760,16490,1730,0,Appliances,CoD,Late_Night,Android,6.2.0,Marketplace_3P,Central,46.8,2,449,4,1,0.25,5330,2,1,False,Returning,True
ORD1210567,U147658,2024-04-11 01:42:51,Tier 1,355289,4480,4810,330,0,Mobiles,CoD,Late_Night,Android,6.4.0,Flagship_1P,Central,1.4,1,70,2,0,0.0,3120,1,0,False,Returning,False
ORD1175589,U179560,2024-04-11 01:50:24,Tier 3,683444,3380,3630,250,0,Electronics,CoD,Late_Night,Android,6.3.1,Marketplace_3P,Central,26.0,1,1174,19,3,0.158,28720,14,3,False,Returning,False
ORD1148116,U204388,2024-04-11 03:49:53,Tier 2,573843,2170,2220,50,0,Footwear,CoD,Late_Night,Android,6.4.0,Marketplace_3P,South,16.9,1,537,8,1,0.125,13380,4,1,False,Returning,False
ORD1167343,U179412,2024-04-11 06:01:55,Tier 1,603766,1330,1720,390,0,Toys,Prepaid,Morning,Android,6.3.1,Local_SmallSeller,South,4.6,2,370,4,1,0.25,8500,3,1,False,Returning,False
ORD1307909,U186301,2024-04-11 06:11:09,Tier 1,572435,16520,22240,5720,0,Electronics,CoD,Morning,Android,6.2.0,Local_SmallSeller,East,25.0,1,1453,12,3,0.25,13870,8,3,False,Returning,False
ORD1380594,U106868,2024-04-11 06:27:59,Tier 2,569047,10750,12180,1430,0,Appliances,CoD,Morning,iOS,7.0.0,Marketplace_3P,Central,13.0,2,1121,10,1,0.1,27080,3,1,False,Returning,False
ORD1457103,U106088,2024-04-11 09:22:32,Tier 1,640905,7040,9010,1970,0,Electronics,Prepaid,Morning,Android,6.5.2,Local_SmallSeller,West,12.6,1,584,7,1,0.143,6470,2,1,False,Returning,False
ORD1119445,U183397,2024-04-11 11:17:00,Tier 2,493082,13230,14780,1550,0,Electronics,CoD,Morning,Android,6.4.0,Marketplace_3P,South,2.1,1,479,4,0,0.0,9760,2,0,False,Returning,False
ORD1056810,U208093,2024-04-11 11:20:30,Tier 2,604807,20650,26930,6280,0,Appliances,CoD,Morning,Android,7.0.0,Marketplace_3P,West,3.8,1,809,8,0,0.0,17000,2,0,False,Returning,False
ORD1476363,U219898,2024-04-11 12:20:49,Tier 1,815611,480,590,110,40,Beauty,Prepaid,Afternoon,Android,6.5.2,Flagship_1P,North,3.2,1,132,2,0,0.0,3950,1,0,False,Returning,False
ORD1220542,U187660,2024-04-11 13:43:22,Tier 3,592486,1260,1410,150,0,Fashion,CoD,Afternoon,Android,7.0.0,Flagship_1P,West,12.6,2,1195,12,2,0.167,12940,4,2,False,Returning,True
ORD1336030,U144525,2024-04-11 15:25:27,Tier 2,408222,4710,5760,1050,0,Electronics,CoD,Afternoon,Android,6.2.0,Flagship_1P,Central,1.4,1,690,12,2,0.167,22430,3,2,False,Returning,False
ORD1251724,U186850,2024-04-11 18:27:57,Tier 2,300370,1990,2160,170,0,Beauty,CoD,Evening,iOS,6.3.1,Marketplace_3P,East,8.6,1,149,2,0,0.0,2700,0,0,False,Returning,False
ORD1254479,U171927,2024-04-11 21:23:26,Tier 2,199218,8490,9170,680,0,Electronics,Prepaid,Evening,Android,6.2.0,Marketplace_3P,North,7.5,2,1357,10,4,0.4,15930,3,3,False,Returning,False
ORD1457450,U210567,2024-04-11 22:31:41,Tier 2,743725,2470,3060,590,0,Home & Kitchen,CoD,Late_Night,Android,6.4.0,Flagship_1P,South,13.1,1,1396,9,2,0.222,21500,7,2,False,Returning,False
ORD1276844,U169359,2024-04-11 23:18:07,Tier 2,753969,490,510,20,0,Beauty,CoD,Late_Night,Android,6.5.2,Local_SmallSeller,West,2.8,1,502,3,0,0.0,8910,1,0,False,Returning,True
ORD1207930,U115485,2024-04-12 00:26:48,Tier 2,175703,600,620,20,0,Toys,Prepaid,Late_Night,Android,7.0.0,Flagship_1P,Central,7.5,1,986,14,8,0.571,21330,5,4,False,Returning,False
ORD1453139,U208593,2024-04-12 01:01:09,Tier 3,189645,310,320,10,60,Grocery,Prepaid,Late_Night,Android,6.3.1,Marketplace_3P,South,28.5,3,689,11,5,0.455,4870,9,5,False,Returning,False
ORD1107747,U148647,2024-04-12 03:20:26,Tier 1,253543,1270,1350,80,0,Home & Kitchen,CoD,Late_Night,Android,6.2.0,Local_SmallSeller,South,8.2,1,1435,12,3,0.25,15870,10,3,False,Returning,False
ORD1386352,U160189,2024-04-12 07:52:26,Tier 3,326680,680,870,190,0,Fashion,CoD,Morning,Android,6.4.0,Local_SmallSeller,South,6.5,3,1343,22,1,0.045,18050,10,1,False,Returning,False
ORD1447077,U122538,2024-04-12 08:09:33,Tier 3,683380,550,620,70,0,Beauty,CoD,Morning,iOS,6.2.0,Marketplace_3P,North,6.1,1,279,5,3,0.6,2530,3,2,False,Returning,False
ORD1024774,U149752,2024-04-12 08:32:19,Tier 2,574137,19520,24110,4590,0,Mobiles,Prepaid,Morning,Android,6.3.1,Marketplace_3P,Central,15.1,1,131,2,0,0.0,3020,0,0,False,Returning,False
ORD1214732,U170816,2024-04-12 12:13:20,Tier 2,463336,2360,2490,130,0,Toys,CoD,Afternoon,Android,6.3.1,Marketplace_3P,West,11.1,1,830,12,4,0.333,6300,3,2,False,Returning,False
ORD1265105,U125687,2024-04-12 12:49:06,Tier 2,670233,450,560,110,40,Beauty,CoD,Afternoon,iOS,6.3.1,Marketplace_3P,North,21.9,2,765,6,3,0.5,12730,4,3,False,Returning,False
ORD1434422,U163972,2024-04-12 15:03:49,Tier 1,360037,3850,5180,1330,0,Electronics,Prepaid,Afternoon,Android,6.2.0,Marketplace_3P,West,26.3,1,190,3,0,0.0,1320,2,0,False,Returning,False
ORD1466146,U110136,2024-04-12 15:53:50,Tier 3,804146,1760,1910,150,0,Home & Kitchen,CoD,Afternoon,iOS,6.5.2,Marketplace_3P,Central,15.1,1,415,3,0,0.0,14970,2,0,False,Returning,False
ORD1150213,U112821,2024-04-12 21:47:35,Tier 2,595588,500,630,130,0,Grocery,Prepaid,Evening,iOS,6.3.1,Local_SmallSeller,North,8.4,1,593,9,2,0.222,18980,3,2,False,Returning,False
ORD1363779,U148896,2024-04-12 23:37:37,Tier 1,542910,16540,22210,5670,0,Mobiles,Prepaid,Late_Night,Android,6.2.0,Marketplace_3P,Central,7.3,1,1210,13,2,0.154,4280,3,2,False,Returning,False
ORD1436660,U152984,2024-04-12 23:44:20,Tier 2,418115,9580,11890,2310,0,Electronics,CoD,Late_Night,iOS,6.4.0,Local_SmallSeller,South,13.2,2,291,6,1,0.167,17310,2,1,False,Returning,True
ORD1055542,U127636,2024-04-13 00:25:04,Tier 1,502358,5450,6310,860,0,Electronics,CoD,Late_Night,Android,7.0.0,Local_SmallSeller,Central,6.8,1,394,4,0,0.0,1800,3,0,False,Returning,False
ORD1236105,U202762,2024-04-13 00:26:55,Tier 3,700480,16100,19330,3230,0,Mobiles,CoD,Late_Night,iOS,6.5.2,Marketplace_3P,West,29.2,1,771,13,5,0.385,14600,10,5,False,Returning,False
ORD1290985,U177462,2024-04-13 05:17:04,Tier 1,675821,470,550,80,60,Beauty,Prepaid,Morning,Android,7.0.0,Local_SmallSeller,South,9.5,2,149,3,0,0.0,6740,1,0,False,Returning,False
ORD1036627,U215730,2024-04-13 06:40:58,Tier 3,466908,15660,15690,30,0,Appliances,CoD,Morning,iOS,7.0.0,Flagship_1P,East,15.8,1,779,14,4,0.286,26550,5,4,False,Returning,False
ORD1385801,U116037,2024-04-13 07:13:51,Tier 3,674895,6550,7600,1050,0,Footwear,Prepaid,Morning,Android,7.0.0,Marketplace_3P,North,10.5,2,865,12,5,0.417,27320,11,5,False,Returning,False
ORD1282875,U182434,2024-04-13 10:49:11,Tier 2,263538,15040,15380,340,0,Mobiles,Prepaid,Morning,Android,6.5.2,Flagship_1P,North,11.2,1,459,8,3,0.375,17550,6,3,False,Returning,False
ORD1493390,U211715,2024-04-13 10:51:06,Tier 2,698673,7090,7150,60,0,Mobiles,CoD,Morning,Android,6.2.0,Marketplace_3P,South,10.5,1,1010,11,0,0.0,10600,3,0,False,Returning,False
ORD1473936,U195577,2024-04-13 13:24:41,Tier 2,292752,2620,3040,420,0,Home & Kitchen,Prepaid,Afternoon,Android,6.5.2,Local_SmallSeller,East,5.6,1,236,4,1,0.25,2250,3,1,False,Returning,False
ORD1135814,U159679,2024-04-13 14:22:14,Tier 2,339608,1240,1550,310,0,Home & Kitchen,CoD,Afternoon,Android,6.5.2,Local_SmallSeller,Central,9.1,1,913,12,4,0.333,22630,5,4,False,Returning,False
ORD1059254,U215184,2024-04-13 16:11:01,Tier 1,783110,3350,3410,60,0,Home & Kitchen,Prepaid,Afternoon,iOS,6.3.1,Marketplace_3P,West,9.4,1,1088,13,2,0.154,13130,4,2,False,Returning,False
ORD1013013,U159676,2024-04-13 17:12:13,Tier 1,827680,3150,3740,590,0,Footwear,Prepaid,Evening,Android,6.5.2,Local_SmallSeller,South,10.0,1,1299,16,3,0.188,39920,5,3,False,Returning,False
ORD1068474,U134427,2024-04-13 18:20:56,Tier 1,219223,1850,1950,100,0,Beauty,CoD,Evening,Android,6.2.0,Local_SmallSeller,West,8.4,1,804,10,4,0.4,930,6,4,False,Returning,False
ORD1218933,U131776,2024-04-13 21:03:13,Tier 2,460618,8980,10780,1800,0,Electronics,CoD,Evening,Android,6.3.1,Marketplace_3P,West,11.5,1,1430,23,5,0.217,33150,11,5,False,Returning,False
ORD1274110,U174211,2024-04-13 22:49:48,Tier 2,358172,3290,4010,720,0,Electronics,CoD,Late_Night,Android,6.5.2,Marketplace_3P,West,8.9,1,1331,11,3,0.273,22910,5,3,False,Returning,False
ORD1420750,U147091,2024-04-14 00:36:59,Tier 2,842380,1590,1610,20,0,Home & Kitchen,CoD,Late_Night,iOS,6.3.1,Marketplace_3P,East,13.4,1,312,4,1,0.25,18980,2,1,False,Returning,True
ORD1057420,U153249,2024-04-14 01:40:42,Tier 2,346800,700,760,60,0,Beauty,Prepaid,Late_Night,iOS,6.4.0,Flagship_1P,North,9.7,1,996,12,4,0.333,28210,4,3,False,Returning,False
ORD1365869,U165891,2024-04-14 02:35:03,Tier 2,822653,440,530,90,0,Fashion,CoD,Late_Night,Android,6.5.2,Marketplace_3P,Central,27.8,1,8,1,0,0.0,4900,1,0,True,New,False
ORD1289463,U173971,2024-04-14 05:45:18,Tier 1,158275,3850,4390,540,0,Electronics,Prepaid,Morning,Android,6.4.0,Marketplace_3P,South,12.6,1,730,12,3,0.25,5210,7,3,False,Returning,False
ORD1044418,U124337,2024-04-14 06:14:00,Tier 1,842692,27230,35420,8190,0,Mobiles,Prepaid,Morning,iOS,6.3.1,Marketplace_3P,South,9.5,1,493,8,1,0.125,14790,3,1,False,Returning,False
ORD1226409,U129884,2024-04-14 07:40:03,Tier 1,826212,390,510,120,40,Books,Prepaid,Morning,Android,6.5.2,Local_SmallSeller,North,3.5,3,974,13,2,0.154,18030,11,2,False,Returning,False
ORD1477754,U205132,2024-04-14 12:44:59,Tier 1,661156,8110,10110,2000,0,Mobiles,Prepaid,Afternoon,Android,6.5.2,Local_SmallSeller,Central,20.6,1,1427,16,10,0.625,29570,14,10,False,Returning,False
ORD1173841,U145924,2024-04-14 12:50:07,Tier 2,528117,5690,6700,1010,0,Electronics,CoD,Afternoon,Android,6.5.2,Local_SmallSeller,West,36.7,2,608,8,4,0.5,2600,4,2,False,Returning,False
ORD1059218,U186316,2024-04-14 14:06:23,Tier 2,166600,2140,2320,180,0,Home & Kitchen,CoD,Afternoon,Android,6.2.0,Marketplace_3P,North,36.3,1,556,9,3,0.333,33970,6,3,False,Returning,False
ORD1254462,U168745,2024-04-14 15:10:39,Tier 2,191833,9220,9330,110,0,Mobiles,Prepaid,Afternoon,Android,6.5.2,Flagship_1P,East,6.3,1,859,12,3,0.25,11780,8,3,False,Returning,False
ORD1250563,U180978,2024-04-14 17:26:59,Tier 2,402820,1410,1650,240,0,Toys,CoD,Evening,Android,6.2.0,Flagship_1P,South,16.9,2,164,1,0,0.0,650,1,0,True,New,True
ORD1171303,U125573,2024-04-14 17:29:21,Tier 2,435934,940,1160,220,0,Footwear,CoD,Evening,Android,7.0.0,Local_SmallSeller,South,15.4,1,1287,13,2,0.154,36530,5,2,False,Returning,False
ORD1340229,U214558,2024-04-14 19:23:39,Tier 2,478462,680,690,10,0,Grocery,Prepaid,Evening,Android,6.3.1,Flagship_1P,South,16.2,1,205,4,1,0.25,9290,1,1,False,Returning,False
ORD1375867,U166114,2024-04-14 20:27:04,Tier 3,669205,340,410,70,0,Books,Prepaid,Evening,Android,6.2.0,Local_SmallSeller,North,41.5,1,816,10,0,0.0,26200,3,0,False,Returning,False
ORD1473082,U205501,2024-04-14 21:45:15,Tier 2,420606,9500,10340,840,0,Mobiles,Prepaid,Evening,Android,6.3.1,Local_SmallSeller,East,5.6,1,785,6,2,0.333,14070,4,2,False,Returning,False
ORD1396866,U124005,2024-04-15 01:16:36,Tier 2,854116,3180,3410,230,0,Home & Kitchen,Prepaid,Late_Night,Android,6.2.0,Local_SmallSeller,Central,32.8,1,415,3,1,0.333,2520,2,1,False,Returning,False
ORD1101855,U165392,2024-04-15 01:36:04,Tier 1,680491,1790,2150,360,0,Home & Kitchen,Prepaid,Late_Night,Android,6.2.0,Marketplace_3P,East,11.5,1,1228,11,2,0.182,29860,8,2,False,Returning,False
ORD1150000,U189473,2024-04-15 03:27:52,Tier 1,669112,1180,1260,80,0,Home & Kitchen,Prepaid,Late_Night,Android,6.3.1,Local_SmallSeller,South,3.0,1,565,9,3,0.333,14970,8,3,False,Returning,False
ORD1372287,U213934,2024-04-15 04:07:47,Tier 1,250458,310,330,20,0,Grocery,Prepaid,Late_Night,Android,7.0.0,Marketplace_3P,Central,2.0,1,597,8,1,0.125,5850,5,1,False,Returning,False
ORD1164860,U131113,2024-04-15 05:39:29,Tier 1,556222,1890,2190,300,0,Footwear,CoD,Morning,Android,6.5.2,Flagship_1P,Central,4.9,2,384,5,1,0.2,18310,2,1,False,Returning,False
ORD1212200,U183146,2024-04-15 07:03:22,Tier 2,257605,4810,5150,340,0,Electronics,Prepaid,Morning,iOS,6.5.2,Marketplace_3P,West,16.9,1,1224,11,2,0.182,13550,3,2,False,Returning,False
ORD1440993,U117849,2024-04-15 07:03:30,Tier 2,418254,1330,1510,180,0,Fashion,Prepaid,Morning,Android,6.4.0,Local_SmallSeller,South,25.1,1,927,12,5,0.417,27360,10,5,False,Returning,False
ORD1109864,U147714,2024-04-15 07:38:41,Tier 1,346877,2530,3340,810,0,Electronics,Prepaid,Morning,Android,6.4.0,Flagship_1P,East,16.3,1,699,10,2,0.2,14340,7,2,False,Returning,False
ORD1034016,U135862,2024-04-15 08:37:30,Tier 1,626868,1350,1360,10,0,Fashion,Prepaid,Morning,Android,6.5.2,Marketplace_3P,West,6.3,1,611,12,2,0.167,9140,6,2,False,Returning,False
ORD1488896,U165761,2024-04-15 09:08:48,Tier 2,341045,4130,5210,1080,0,Electronics,CoD,Morning,Android,6.2.0,Marketplace_3P,South,10.4,1,440,6,2,0.333,5880,2,1,False,Returning,False
ORD1256469,U136495,2024-04-15 10:42:39,Tier 3,186867,500,580,80,0,Fashion,Prepaid,Morning,Android,6.4.0,Marketplace_3P,North,15.3,1,1062,10,1,0.1,32140,4,1,False,Returning,False
ORD1278279,U105687,2024-04-15 11:31:01,Tier 1,623437,1090,1250,160,0,Grocery,CoD,Morning,Android,6.3.1,Flagship_1P,Central,5.9,1,368,6,2,0.333,11180,4,2,False,Returning,False
ORD1284679,U187304,2024-04-15 11:52:54,Tier 2,147457,450,590,140,40,Beauty,Prepaid,Morning,Android,6.3.1,Flagship_1P,West,11.4,2,1492,30,6,0.2,44310,23,6,False,Returning,False
ORD1316571,U107115,2024-04-15 13:38:15,Tier 3,655025,1740,1950,210,0,Footwear,CoD,Afternoon,iOS,7.0.0,Local_SmallSeller,East,23.1,1,1388,16,0,0.0,25570,8,0,False,Returning,False
ORD1130020,U169031,2024-04-15 14:16:53,Tier 3,562134,4760,5870,1110,0,Footwear,CoD,Afternoon,Android,7.0.0,Marketplace_3P,Central,47.8,1,259,4,1,0.25,3310,3,1,False,Returning,False
ORD1071161,U117713,2024-04-15 17:49:08,Tier 3,495894,350,380,30,60,Beauty,Prepaid,Evening,Android,6.5.2,Local_SmallSeller,East,21.6,1,19,1,0,0.0,2160,1,0,True,New,False
ORD1436280,U177616,2024-04-15 19:27:03,Tier 1,295973,840,1060,220,0,Toys,Prepaid,Evening,Android,6.3.1,Local_SmallSeller,North,1.4,2,645,8,1,0.125,15310,4,1,False,Returning,False
ORD1278211,U163272,2024-04-15 20:15:50,Tier 2,680147,3480,4610,1130,0,Home & Kitchen,CoD,Evening,Android,6.2.0,Flagship_1P,West,8.4,1,329,6,2,0.333,16650,1,1,False,Returning,False
ORD1288930,U171674,2024-04-15 21:43:57,Tier 1,174726,860,1110,250,0,Beauty,CoD,Evening,Android,6.3.1,Marketplace_3P,East,1.3,2,490,5,2,0.4,15600,2,2,False,Returning,False
ORD1081662,U170502,2024-04-16 01:30:51,Tier 1,646561,17570,18380,810,0,Appliances,Prepaid,Late_Night,iOS,6.2.0,Marketplace_3P,South,5.2,1,791,15,0,0.0,120380,5,0,False,Returning,False
ORD1088205,U198740,2024-04-16 01:39:58,Tier 1,596712,1820,2330,510,0,Toys,Prepaid,Late_Night,iOS,6.3.1,Flagship_1P,Central,0.6,1,580,9,2,0.222,7550,5,2,False,Returning,False
ORD1325057,U125325,2024-04-16 01:55:25,Tier 1,696849,22230,24020,1790,0,Appliances,Prepaid,Late_Night,Android,7.0.0,Marketplace_3P,South,5.4,2,173,2,0,0.0,5200,2,0,False,Returning,False
ORD1240497,U160182,2024-04-16 09:45:49,Tier 2,757465,19900,20480,580,0,Mobiles,Prepaid,Morning,iOS,6.5.2,Flagship_1P,South,32.0,2,1031,17,1,0.059,9080,4,1,False,Returning,False
ORD1386348,U159900,2024-04-16 13:17:59,Tier 2,231400,340,410,70,0,Grocery,Prepaid,Afternoon,Android,6.2.0,Local_SmallSeller,East,2.8,1,791,6,3,0.5,5880,5,3,False,Returning,False
ORD1168868,U127512,2024-04-16 15:01:15,Tier 1,277212,1790,2070,280,0,Fashion,CoD,Afternoon,Android,6.3.1,Marketplace_3P,East,13.8,1,1409,15,4,0.267,18560,7,4,False,Returning,False
ORD1078103,U134434,2024-04-16 15:06:24,Tier 2,632319,850,980,130,0,Toys,Prepaid,Afternoon,Android,6.3.1,Marketplace_3P,North,5.8,1,1233,15,2,0.133,24740,6,2,False,Returning,False
ORD1264048,U134422,2024-04-16 18:53:49,Tier 3,833970,19960,20100,140,0,Mobiles,CoD,Evening,Android,7.0.0,Local_SmallSeller,East,23.0,1,1187,11,2,0.182,41240,5,2,False,Returning,False
ORD1282198,U213041,2024-04-16 22:13:50,Tier 2,243469,1790,2050,260,0,Home & Kitchen,CoD,Late_Night,Android,6.2.0,Local_SmallSeller,West,2.1,1,778,15,2,0.133,25130,12,2,False,Returning,True
ORD1464940,U199652,2024-04-16 23:09:26,Tier 2,389021,1760,2220,460,0,Electronics,CoD,Late_Night,iOS,6.3.1,Marketplace_3P,East,10.9,3,1387,15,1,0.067,9350,12,1,False,Returning,False
ORD1112811,U140684,2024-04-17 01:03:25,Tier 3,320743,960,1180,220,0,Fashion,Prepaid,Late_Night,Android,6.5.2,Marketplace_3P,North,29.7,2,1335,20,6,0.3,72370,15,6,False,Returning,False
ORD1308523,U187129,2024-04-17 04:21:11,Tier 3,826177,1380,1400,20,0,Toys,CoD,Late_Night,Android,6.4.0,Marketplace_3P,Central,6.4,2,29,2,1,0.5,8090,1,1,False,Returning,False
ORD1305980,U129489,2024-04-17 04:31:41,Tier 1,156395,4640,4870,230,0,Home & Kitchen,Prepaid,Late_Night,Android,6.4.0,Local_SmallSeller,East,18.4,1,1243,18,1,0.056,3800,12,1,False,Returning,False
ORD1143004,U199138,2024-04-17 04:38:12,Tier 2,244073,2160,2280,120,0,Fashion,CoD,Late_Night,Android,6.3.1,Marketplace_3P,South,18.6,1,1251,17,0,0.0,28380,11,0,False,Returning,False
ORD1093033,U182427,2024-04-17 08:09:27,Tier 1,434753,420,420,0,0,Toys,Prepaid,Morning,Android,7.0.0,Local_SmallSeller,West,4.2,1,72,1,0,0.0,850,1,0,True,New,False
ORD1166764,U104855,2024-04-17 12:50:48,Tier 1,523419,890,1020,130,0,Toys,Prepaid,Afternoon,iOS,6.2.0,Marketplace_3P,West,9.0,1,1038,12,1,0.083,26100,11,1,False,Returning,False
ORD1390650,U153677,2024-04-17 14:01:27,Tier 3,576859,2190,2690,500,0,Fashion,Prepaid,Afternoon,Android,6.4.0,Flagship_1P,Central,2.1,3,613,7,1,0.143,18330,5,1,False,Returning,False
ORD1067533,U177928,2024-04-17 14:40:33,Tier 2,136464,22470,28130,5660,0,Mobiles,CoD,Afternoon,Android,6.3.1,Marketplace_3P,North,8.5,1,754,10,3,0.3,22450,8,3,False,Returning,False
ORD1015150,U188103,2024-04-17 15:03:18,Tier 2,237449,5390,7260,1870,0,Mobiles,CoD,Afternoon,Android,6.2.0,Flagship_1P,South,4.0,3,1044,11,2,0.182,2820,5,2,False,Returning,False
ORD1049397,U109491,2024-04-17 17:10:38,Tier 3,686425,8200,8560,360,0,Appliances,Prepaid,Evening,Android,6.2.0,Marketplace_3P,Central,22.2,3,788,10,1,0.1,69220,3,1,False,Returning,True
ORD1418990,U188229,2024-04-17 20:39:39,Tier 3,818988,950,1170,220,0,Fashion,Prepaid,Evening,Android,6.4.0,Marketplace_3P,East,8.2,1,1335,15,0,0.0,15450,6,0,False,Returning,False
ORD1125315,U120623,2024-04-17 20:43:29,Tier 3,427896,2190,2640,450,0,Fashion,CoD,Evening,iOS,6.4.0,Marketplace_3P,South,6.0,1,936,13,0,0.0,31970,8,0,False,Returning,False
ORD1286626,U156823,2024-04-17 21:47:26,Tier 1,340379,15100,18910,3810,0,Mobiles,CoD,Evening,Android,6.3.1,Flagship_1P,West,10.8,1,1211,18,1,0.056,4110,7,1,False,Returning,False
ORD1402120,U219642,2024-04-17 22:46:51,Tier 3,454508,430,450,20,60,Books,Prepaid,Late_Night,Android,6.3.1,Marketplace_3P,North,9.9,1,145,2,0,0.0,11970,0,0,False,Returning,False
ORD1009407,U141227,2024-04-18 04:00:29,Tier 2,514361,910,1210,300,0,Fashion,Prepaid,Late_Night,Android,7.0.0,Marketplace_3P,South,18.2,1,785,10,0,0.0,42060,9,0,False,Returning,False
ORD1348264,U194285,2024-04-18 05:16:32,Tier 2,732728,330,380,50,60,Grocery,CoD,Morning,Android,6.4.0,Marketplace_3P,South,8.6,1,129,1,0,0.0,1740,0,0,True,New,False
ORD1396701,U170358,2024-04-18 06:32:33,Tier 2,612734,5030,5730,700,0,Home & Kitchen,CoD,Morning,Android,6.4.0,Local_SmallSeller,South,29.4,2,138,2,0,0.0,5350,0,0,False,Returning,False
ORD1166030,U125321,2024-04-18 13:56:05,Tier 2,178608,1380,1670,290,0,Home & Kitchen,CoD,Afternoon,Android,6.3.1,Local_SmallSeller,West,32.1,2,884,11,3,0.273,4560,3,2,False,Returning,False
ORD1430858,U203407,2024-04-18 15:35:52,Tier 1,537109,1050,1410,360,0,Fashion,Prepaid,Afternoon,Android,6.3.1,Marketplace_3P,North,4.2,1,155,2,1,0.5,9630,1,1,False,Returning,False
ORD1334720,U150611,2024-04-18 17:25:39,Tier 3,439268,1200,1450,250,0,Fashion,CoD,Evening,Android,6.5.2,Flagship_1P,West,8.5,1,1234,13,1,0.077,27380,9,1,False,Returning,True
ORD1375022,U196201,2024-04-18 20:02:57,Tier 2,845524,1310,1670,360,0,Home & Kitchen,Prepaid,Evening,Android,7.0.0,Marketplace_3P,West,56.3,1,786,9,1,0.111,6510,5,1,False,Returning,False
ORD1384725,U106925,2024-04-19 01:43:01,Tier 3,173482,1140,1490,350,0,Toys,CoD,Late_Night,iOS,6.2.0,Local_SmallSeller,Central,62.1,1,11,1,0,0.0,3460,1,0,True,New,False
ORD1033499,U186190,2024-04-19 05:48:24,Tier 1,712711,980,1000,20,0,Fashion,Prepaid,Morning,iOS,6.3.1,Local_SmallSeller,South,21.5,1,169,4,1,0.25,6470,3,1,False,Returning,False
ORD1138496,U110825,2024-04-19 06:07:23,Tier 2,485688,1140,1410,270,0,Beauty,CoD,Morning,Android,6.3.1,Local_SmallSeller,West,8.4,1,890,7,2,0.286,17120,5,2,False,Returning,False
ORD1003444,U117760,2024-04-19 08:01:44,Tier 2,655519,480,620,140,40,Toys,CoD,Morning,Android,6.4.0,Marketplace_3P,North,7.5,2,1083,11,0,0.0,28520,8,0,False,Returning,False
ORD1235744,U117195,2024-04-19 08:53:38,Tier 2,440636,480,640,160,60,Beauty,Prepaid,Morning,Android,6.3.1,Local_SmallSeller,East,9.4,1,988,15,2,0.133,14250,13,2,False,Returning,False
ORD1229215,U214471,2024-04-19 10:08:52,Tier 3,808432,1230,1530,300,0,Fashion,CoD,Morning,Android,6.3.1,Marketplace_3P,North,31.8,1,189,6,0,0.0,10980,2,0,False,Returning,False
ORD1108204,U155626,2024-04-19 10:24:56,Tier 1,246477,900,1180,280,0,Fashion,Prepaid,Morning,Android,6.2.0,Marketplace_3P,North,3.1,1,702,8,2,0.25,5840,5,2,False,Returning,False
ORD1252660,U154184,2024-04-19 13:43:25,Tier 2,310514,600,610,10,0,Fashion,CoD,Afternoon,Android,6.5.2,Local_SmallSeller,Central,10.7,2,1459,15,4,0.267,45110,12,4,False,Returning,False
ORD1480384,U167259,2024-04-19 15:26:50,Tier 1,532610,1110,1380,270,0,Beauty,Prepaid,Afternoon,Android,6.2.0,Flagship_1P,West,5.8,1,1261,14,0,0.0,41290,12,0,False,Returning,False
ORD1335795,U151281,2024-04-19 15:40:09,Tier 3,562602,2140,2430,290,0,Appliances,CoD,Afternoon,Android,6.4.0,Marketplace_3P,Central,13.8,1,793,10,2,0.2,5240,3,2,False,Returning,False
ORD1058192,U127017,2024-04-19 15:41:49,Tier 1,419330,1570,1750,180,0,Footwear,Prepaid,Afternoon,Android,6.3.1,Marketplace_3P,East,11.3,1,427,4,0,0.0,23590,2,0,False,Returning,False
ORD1492522,U158492,2024-04-19 22:21:54,Tier 2,465380,480,560,80,40,Beauty,CoD,Late_Night,Android,6.3.1,Marketplace_3P,South,13.0,1,1190,12,5,0.417,20890,5,5,False,Returning,False
ORD1040613,U109881,2024-04-19 23:29:50,Tier 1,543118,1700,2270,570,0,Fashion,CoD,Late_Night,Android,7.0.0,Flagship_1P,West,1.0,1,573,8,4,0.5,4520,5,3,False,Returning,False
ORD1110985,U145267,2024-04-20 01:54:50,Tier 2,631179,6890,7120,230,0,Home & Kitchen,CoD,Late_Night,Android,6.5.2,Marketplace_3P,South,1.6,1,143,2,0,0.0,2550,2,0,False,Returning,False
ORD1015330,U172530,2024-04-20 03:17:04,Tier 1,762143,2450,3270,820,0,Footwear,Prepaid,Late_Night,iOS,6.4.0,Flagship_1P,Central,1.0,1,163,4,0,0.0,2840,3,0,False,Returning,True
ORD1121894,U105544,2024-04-20 03:47:23,Tier 1,510314,1600,1850,250,0,Beauty,Prepaid,Late_Night,iOS,7.0.0,Local_SmallSeller,Central,1.4,1,329,2,1,0.5,2100,1,1,False,Returning,False
ORD1431552,U174494,2024-04-20 04:06:07,Tier 1,331196,1280,1320,40,0,Fashion,Prepaid,Late_Night,Android,6.2.0,Local_SmallSeller,North,9.3,1,25,3,0,0.0,13030,1,0,False,Returning,False
ORD1412329,U180647,2024-04-20 04:26:52,Tier 1,481295,930,1120,190,0,Fashion,Prepaid,Late_Night,Android,6.5.2,Marketplace_3P,East,7.0,1,153,3,0,0.0,4230,1,0,False,Returning,False
ORD1126893,U142053,2024-04-20 05:36:45,Tier 2,732033,5230,5290,60,0,Electronics,Prepaid,Morning,Android,6.2.0,Marketplace_3P,Central,26.8,1,670,10,4,0.4,6560,4,3,False,Returning,False
ORD1094419,U122211,2024-04-20 05:54:52,Tier 1,800086,1080,1220,140,0,Beauty,CoD,Morning,Android,6.2.0,Local_SmallSeller,South,9.6,1,241,7,1,0.143,12840,2,1,False,Returning,False
ORD1262284,U210725,2024-04-20 06:55:24,Tier 1,355686,1480,1950,470,0,Footwear,Prepaid,Morning,iOS,6.5.2,Flagship_1P,South,3.5,1,591,11,7,0.636,9780,10,6,False,Returning,False
ORD1411697,U160990,2024-04-20 09:52:58,Tier 3,682566,1600,1860,260,0,Footwear,CoD,Morning,Android,7.0.0,Local_SmallSeller,Central,34.9,1,690,8,0,0.0,24730,6,0,False,Returning,False
ORD1216389,U175483,2024-04-20 12:49:02,Tier 1,442258,2360,2720,360,0,Fashion,Prepaid,Afternoon,Android,6.4.0,Local_SmallSeller,South,15.7,1,501,7,1,0.143,15090,5,1,False,Returning,False
ORD1304101,U111607,2024-04-20 14:22:45,Tier 1,621780,25490,30590,5100,0,Mobiles,CoD,Afternoon,Android,6.5.2,Flagship_1P,South,3.2,1,923,13,4,0.308,2950,9,4,False,Returning,False
ORD1433771,U142510,2024-04-20 15:05:22,Tier 3,585139,9260,9660,400,0,Electronics,CoD,Afternoon,Android,7.0.0,Marketplace_3P,West,23.5,2,180,1,1,1.0,1240,1,1,True,New,True
ORD1012273,U213337,2024-04-20 15:06:37,Tier 3,468673,2530,2890,360,0,Fashion,Prepaid,Afternoon,Android,6.2.0,Flagship_1P,North,9.8,3,994,12,6,0.5,5010,6,4,False,Returning,False
ORD1048309,U191291,2024-04-20 16:52:52,Tier 1,769575,1860,2370,510,0,Fashion,Prepaid,Afternoon,Android,6.3.1,Marketplace_3P,West,14.1,1,336,4,1,0.25,3970,3,1,False,Returning,False
ORD1469085,U154061,2024-04-20 18:26:53,Tier 2,139770,830,1000,170,0,Fashion,CoD,Evening,Android,6.3.1,Marketplace_3P,South,5.9,1,88,1,0,0.0,1700,1,0,True,New,False
ORD1425036,U200309,2024-04-20 23:00:57,Tier 1,220047,2650,3440,790,0,Footwear,Prepaid,Late_Night,iOS,6.5.2,Marketplace_3P,South,15.6,1,211,5,2,0.4,4690,3,2,False,Returning,False
ORD1024059,U182193,2024-04-20 23:40:50,Tier 1,637364,2920,3150,230,0,Fashion,CoD,Late_Night,Android,6.5.2,Flagship_1P,South,7.8,1,422,7,0,0.0,2800,4,0,False,Returning,False
ORD1367089,U141728,2024-04-21 00:05:38,Tier 1,204611,1500,1600,100,0,Fashion,CoD,Late_Night,Android,6.2.0,Local_SmallSeller,West,6.5,2,187,3,0,0.0,11330,2,0,False,Returning,False
ORD1481430,U110521,2024-04-21 00:37:41,Tier 3,725457,1290,1490,200,0,Footwear,CoD,Late_Night,iOS,6.2.0,Flagship_1P,North,16.1,2,495,6,1,0.167,24030,5,1,False,Returning,True
ORD1208935,U136408,2024-04-21 02:14:45,Tier 3,430936,970,1040,70,0,Beauty,CoD,Late_Night,iOS,6.2.0,Marketplace_3P,North,20.4,2,20,1,0,0.0,1020,1,0,True,New,False
ORD1023972,U151928,2024-04-21 05:43:57,Tier 1,579297,4090,5390,1300,0,Electronics,CoD,Morning,Android,7.0.0,Marketplace_3P,West,5.0,2,1071,8,1,0.125,3480,3,1,False,Returning,False
ORD1468618,U183416,2024-04-21 06:51:23,Tier 2,142087,810,940,130,0,Toys,Prepaid,Morning,Android,7.0.0,Marketplace_3P,East,25.2,1,291,7,2,0.286,10340,3,2,False,Returning,False
ORD1176541,U177155,2024-04-21 09:15:46,Tier 3,791879,520,630,110,0,Beauty,Prepaid,Morning,iOS,7.0.0,Flagship_1P,East,25.5,1,814,8,3,0.375,17720,3,3,False,Returning,False
ORD1495036,U148149,2024-04-21 11:11:39,Tier 1,586617,590,670,80,0,Grocery,Prepaid,Morning,Android,6.3.1,Marketplace_3P,West,1.6,1,668,12,4,0.333,8600,4,4,False,Returning,False
ORD1349062,U191302,2024-04-21 12:30:19,Tier 2,714396,500,630,130,0,Toys,Prepaid,Afternoon,Android,6.5.2,Flagship_1P,Central,3.8,1,45,1,1,1.0,2170,0,0,True,New,False
ORD1440822,U207193,2024-04-21 18:49:53,Tier 2,584557,4490,5590,1100,0,Electronics,CoD,Evening,iOS,6.4.0,Marketplace_3P,West,27.2,1,318,7,0,0.0,9630,5,0,False,Returning,False
ORD1016227,U138982,2024-04-22 03:07:22,Tier 1,397321,7420,8140,720,0,Electronics,CoD,Late_Night,Android,7.0.0,Local_SmallSeller,West,2.8,2,1205,7,0,0.0,2280,5,0,False,Returning,True
ORD1009388,U150279,2024-04-22 06:41:52,Tier 1,517554,14280,17420,3140,0,Mobiles,Prepaid,Morning,Android,7.0.0,Marketplace_3P,East,5.6,1,938,11,4,0.364,5750,8,4,False,Returning,False
ORD1119267,U107324,2024-04-22 10:51:20,Tier 1,116686,1210,1430,220,0,Footwear,Prepaid,Morning,iOS,6.3.1,Local_SmallSeller,Central,9.1,1,715,8,3,0.375,17300,4,3,False,Returning,False
ORD1148939,U112196,2024-04-22 12:21:48,Tier 2,149575,1020,1040,20,0,Beauty,CoD,Afternoon,Android,6.4.0,Marketplace_3P,West,24.8,1,957,9,0,0.0,30170,5,0,False,Returning,False
ORD1253003,U192157,2024-04-22 15:56:34,Tier 3,659560,2380,3050,670,0,Fashion,CoD,Afternoon,Android,7.0.0,Marketplace_3P,West,28.8,2,75,1,0,0.0,2590,1,0,True,New,False
ORD1177091,U183673,2024-04-22 16:28:40,Tier 3,402381,5910,5970,60,0,Electronics,CoD,Afternoon,Android,6.3.1,Marketplace_3P,Central,24.4,1,1200,13,0,0.0,6450,11,0,False,Returning,False
ORD1157900,U198993,2024-04-22 17:05:34,Tier 1,175544,680,760,80,0,Grocery,Prepaid,Evening,Android,6.3.1,Local_SmallSeller,North,11.3,1,410,6,3,0.5,9640,3,2,False,Returning,False
ORD1060455,U170483,2024-04-22 17:26:28,Tier 1,634404,830,950,120,0,Footwear,Prepaid,Evening,iOS,7.0.0,Flagship_1P,East,4.2,1,487,4,1,0.25,1610,2,1,False,Returning,True
ORD1150800,U151848,2024-04-22 18:29:18,Tier 2,725332,380,420,40,40,Toys,CoD,Evening,Android,6.4.0,Marketplace_3P,North,15.9,2,617,6,2,0.333,4990,4,2,False,Returning,False
ORD1217982,U111653,2024-04-22 20:01:02,Tier 1,536995,590,610,20,0,Grocery,CoD,Evening,Android,6.2.0,Flagship_1P,West,9.6,1,1092,14,4,0.286,44370,6,4,False,Returning,False
ORD1238860,U219055,2024-04-22 21:00:58,Tier 2,398281,320,430,110,40,Books,CoD,Evening,Android,6.2.0,Marketplace_3P,North,18.5,1,590,10,0,0.0,6010,8,0,False,Returning,False
ORD1005760,U135365,2024-04-22 21:34:44,Tier 2,169698,1610,1770,160,0,Electronics,Prepaid,Evening,Android,6.3.1,Marketplace_3P,North,19.4,1,291,2,0,0.0,200,1,0,False,Returning,False
ORD1199262,U207419,2024-04-22 23:13:48,Tier 2,221653,620,810,190,0,Grocery,Prepaid,Late_Night,Android,6.5.2,Flagship_1P,Central,9.2,2,29,2,1,0.5,650,2,1,False,Returning,False
ORD1291237,U128548,2024-04-23 00:19:32,Tier 1,348419,1490,1640,150,0,Beauty,CoD,Late_Night,Android,6.5.2,Flagship_1P,West,5.3,3,605,6,1,0.167,3350,5,1,False,Returning,False
ORD1407321,U169988,2024-04-23 01:10:48,Tier 2,704163,330,440,110,40,Toys,CoD,Late_Night,Android,6.3.1,Marketplace_3P,West,11.3,1,732,8,0,0.0,28950,2,0,False,Returning,False
ORD1258560,U159719,2024-04-23 02:27:31,Tier 2,211722,4580,5710,1130,0,Electronics,CoD,Late_Night,Android,6.5.2,Flagship_1P,Central,2.4,1,1053,12,2,0.167,22210,8,2,False,Returning,False
ORD1066427,U154091,2024-04-23 06:46:06,Tier 1,264136,5570,5860,290,0,Electronics,Prepaid,Morning,Android,6.2.0,Flagship_1P,East,6.5,1,1382,15,6,0.4,9170,3,3,False,Returning,False
ORD1064356,U205341,2024-04-23 07:09:09,Tier 1,413985,6360,7400,1040,0,Home & Kitchen,Prepaid,Morning,Android,6.2.0,Local_SmallSeller,West,7.4,1,992,11,1,0.091,26790,6,1,False,Returning,False
ORD1471520,U114002,2024-04-23 07:18:31,Tier 1,695120,2170,2830,660,0,Footwear,Prepaid,Morning,Android,6.5.2,Marketplace_3P,Central,4.6,2,1352,23,1,0.043,25550,12,1,False,Returning,False
ORD1173853,U192918,2024-04-23 07:48:12,Tier 1,419158,4360,5140,780,0,Electronics,CoD,Morning,iOS,6.5.2,Marketplace_3P,South,10.2,1,61,3,1,0.333,3450,2,1,False,Returning,False
ORD1420646,U158344,2024-04-23 08:56:42,Tier 1,528831,1480,1560,80,0,Home & Kitchen,CoD,Morning,Android,6.3.1,Flagship_1P,North,3.9,1,717,17,0,0.0,9960,14,0,False,Returning,False
ORD1463034,U204119,2024-04-23 10:14:58,Tier 3,636664,770,770,0,0,Grocery,CoD,Morning,Android,6.4.0,Marketplace_3P,South,47.7,1,159,3,1,0.333,5990,2,1,False,Returning,True
ORD1344444,U156371,2024-04-23 10:17:09,Tier 3,201724,690,840,150,0,Toys,CoD,Morning,Android,6.5.2,Local_SmallSeller,Central,21.4,1,1005,10,3,0.3,1760,8,3,False,Returning,False
ORD1337656,U120728,2024-04-23 12:39:39,Tier 2,186430,640,830,190,0,Beauty,CoD,Afternoon,Android,6.3.1,Marketplace_3P,South,38.0,1,116,3,2,0.667,5790,3,2,False,Returning,False
ORD1031255,U123061,2024-04-23 13:24:24,Tier 3,544615,1010,1040,30,0,Fashion,Prepaid,Afternoon,Android,6.5.2,Marketplace_3P,Central,8.7,1,1156,5,0,0.0,10040,4,0,False,Returning,False
ORD1026760,U168900,2024-04-23 18:00:54,Tier 2,786600,150,200,50,40,Books,Prepaid,Evening,Android,7.0.0,Flagship_1P,West,17.2,1,427,6,0,0.0,10160,4,0,False,Returning,False
ORD1001415,U121071,2024-04-23 18:26:21,Tier 2,213298,820,870,50,0,Fashion,Prepaid,Evening,Android,6.5.2,Flagship_1P,South,5.5,1,255,4,0,0.0,2830,1,0,False,Returning,False
ORD1310430,U109219,2024-04-23 21:33:31,Tier 2,280554,1270,1580,310,0,Footwear,Prepaid,Evening,Android,7.0.0,Marketplace_3P,South,4.8,1,230,5,1,0.2,7850,4,1,False,Returning,False
ORD1422015,U201021,2024-04-23 21:46:07,Tier 3,474518,24910,30290,5380,0,Mobiles,CoD,Evening,Android,6.2.0,Marketplace_3P,Central,14.2,1,588,4,1,0.25,2560,2,1,False,Returning,False
ORD1385989,U173745,2024-04-24 01:11:08,Tier 1,354436,1520,1630,110,0,Fashion,CoD,Late_Night,Android,6.3.1,Marketplace_3P,West,2.8,1,1369,19,2,0.105,62290,10,2,False,Returning,False
ORD1173494,U143133,2024-04-24 04:18:55,Tier 2,829711,1380,1520,140,0,Fashion,CoD,Late_Night,Android,6.5.2,Local_SmallSeller,East,4.4,1,1378,16,3,0.188,55160,4,3,False,Returning,False
ORD1289008,U178948,2024-04-24 06:55:43,Tier 1,473742,4340,5350,1010,0,Electronics,Prepaid,Morning,Android,7.0.0,Local_SmallSeller,East,3.5,2,790,7,1,0.143,9020,4,1,False,Returning,False
ORD1487838,U116942,2024-04-24 07:55:31,Tier 2,673057,2370,3190,820,0,Home & Kitchen,CoD,Morning,iOS,6.4.0,Local_SmallSeller,Central,41.4,2,1203,14,3,0.214,16100,7,3,False,Returning,False
ORD1109100,U108404,2024-04-24 08:39:49,Tier 1,475419,2310,2470,160,0,Footwear,CoD,Morning,Android,6.5.2,Local_SmallSeller,East,12.2,3,159,1,0,0.0,6670,1,0,True,New,False
ORD1068745,U122012,2024-04-24 10:24:23,Tier 3,645833,1580,2080,500,0,Home & Kitchen,CoD,Morning,Android,6.5.2,Marketplace_3P,North,41.9,1,1211,16,0,0.0,30150,11,0,False,Returning,False
ORD1126619,U111643,2024-04-24 11:06:08,Tier 3,251184,2700,3540,840,0,Fashion,Prepaid,Morning,Android,6.2.0,Marketplace_3P,North,26.3,1,719,7,4,0.571,19620,2,1,False,Returning,False
ORD1233846,U138516,2024-04-24 12:55:31,Tier 2,780857,5150,5690,540,0,Appliances,CoD,Afternoon,Android,6.3.1,Marketplace_3P,South,22.2,1,1393,15,4,0.267,1160,6,4,False,Returning,False
ORD1155370,U146947,2024-04-24 13:55:29,Tier 2,424367,700,860,160,0,Toys,CoD,Afternoon,Android,7.0.0,Marketplace_3P,South,11.4,1,258,5,3,0.6,3630,2,1,False,Returning,False
ORD1418723,U129342,2024-04-24 15:31:14,Tier 3,174311,11530,12680,1150,0,Electronics,CoD,Afternoon,Android,6.5.2,Flagship_1P,Central,13.3,1,293,2,2,1.0,2210,0,0,False,Returning,True
ORD1468604,U148852,2024-04-24 19:28:21,Tier 3,743790,7230,7930,700,0,Mobiles,CoD,Evening,iOS,6.4.0,Marketplace_3P,South,9.9,1,277,3,0,0.0,4510,2,0,False,Returning,False
ORD1110870,U190535,2024-04-24 22:43:27,Tier 1,350675,6310,6980,670,0,Mobiles,Prepaid,Late_Night,Android,6.5.2,Local_SmallSeller,Central,7.0,1,331,4,1,0.25,3970,2,1,False,Returning,False
ORD1211498,U126788,2024-04-24 23:24:51,Tier 2,816993,5610,6280,670,0,Electronics,CoD,Late_Night,Android,7.0.0,Marketplace_3P,West,10.6,1,98,1,0,0.0,510,0,0,True,New,True
ORD1470123,U214509,2024-04-24 23:53:19,Tier 1,140785,1570,2000,430,0,Home & Kitchen,Prepaid,Late_Night,Android,6.2.0,Flagship_1P,North,0.3,1,1051,7,3,0.429,11400,2,2,False,Returning,False
ORD1433621,U179766,2024-04-25 01:55:19,Tier 1,303832,11320,14050,2730,0,Electronics,Prepaid,Late_Night,Android,6.2.0,Marketplace_3P,West,7.6,1,1031,14,1,0.071,27470,6,1,False,Returning,False
ORD1088973,U168848,2024-04-25 03:56:21,Tier 1,141385,3070,3470,400,0,Home & Kitchen,Prepaid,Late_Night,Android,6.5.2,Marketplace_3P,West,1.9,1,361,2,0,0.0,230,1,0,False,Returning,False
ORD1356444,U193992,2024-04-25 08:46:13,Tier 1,174028,1060,1410,350,0,Fashion,Prepaid,Morning,Android,7.0.0,Marketplace_3P,North,5.1,1,1366,18,9,0.5,35400,9,9,False,Returning,False
ORD1146704,U199288,2024-04-25 09:08:41,Tier 2,567379,1490,1820,330,0,Fashion,Prepaid,Morning,Android,6.2.0,Marketplace_3P,Central,14.9,3,186,3,1,0.333,2420,3,1,False,Returning,False
ORD1351949,U185364,2024-04-25 11:59:02,Tier 2,159361,290,300,10,60,Grocery,Prepaid,Morning,iOS,6.5.2,Marketplace_3P,Central,41.5,1,303,3,1,0.333,1900,1,1,False,Returning,True
ORD1427640,U119518,2024-04-25 12:09:45,Tier 1,401268,5090,5640,550,0,Appliances,CoD,Afternoon,iOS,6.2.0,Marketplace_3P,West,1.9,1,367,8,2,0.25,18180,7,2,False,Returning,False
ORD1465613,U196045,2024-04-25 12:27:49,Tier 3,683928,3630,3880,250,0,Footwear,CoD,Afternoon,Android,7.0.0,Marketplace_3P,South,33.0,1,422,7,1,0.143,9910,5,1,False,Returning,False
ORD1063152,U166316,2024-04-25 13:00:11,Tier 2,252013,4810,5650,840,0,Appliances,CoD,Afternoon,iOS,6.3.1,Flagship_1P,West,18.3,3,272,5,0,0.0,7480,4,0,False,Returning,False
ORD1099337,U160034,2024-04-25 14:32:02,Tier 2,209014,2380,3210,830,0,Home & Kitchen,CoD,Afternoon,Android,6.3.1,Marketplace_3P,South,4.6,1,75,3,0,0.0,1220,1,0,False,Returning,False
ORD1154922,U144609,2024-04-25 14:36:09,Tier 1,318386,510,550,40,0,Toys,CoD,Afternoon,Android,7.0.0,Local_SmallSeller,Central,5.1,1,1491,19,7,0.368,56080,8,4,False,Returning,False
ORD1374187,U180976,2024-04-25 16:50:14,Tier 2,336099,1270,1490,220,0,Fashion,CoD,Afternoon,Android,7.0.0,Marketplace_3P,East,21.1,1,656,7,0,0.0,22300,5,0,False,Returning,False
ORD1384658,U109153,2024-04-25 16:59:32,Tier 3,754517,1480,1880,400,0,Footwear,CoD,Afternoon,Android,6.2.0,Local_SmallSeller,Central,10.2,1,1375,18,6,0.333,13910,5,5,False,Returning,False
ORD1231483,U102787,2024-04-25 17:41:06,Tier 2,560699,9740,9840,100,0,Electronics,CoD,Evening,Android,6.3.1,Marketplace_3P,South,4.7,1,90,1,1,1.0,320,1,1,True,New,False
ORD1251836,U181181,2024-04-25 18:09:02,Tier 1,842882,1250,1660,410,0,Toys,Prepaid,Evening,iOS,6.5.2,Marketplace_3P,West,5.5,1,616,10,5,0.5,7830,5,4,False,Returning,True
ORD1082936,U112524,2024-04-25 18:45:50,Tier 3,824202,12920,12960,40,0,Mobiles,CoD,Evening,iOS,6.3.1,Marketplace_3P,South,34.4,1,82,1,1,1.0,1380,1,1,True,New,False
ORD1374403,U205245,2024-04-25 18:49:14,Tier 1,137650,200,220,20,40,Books,Prepaid,Evening,Android,6.3.1,Marketplace_3P,East,3.1,1,403,6,2,0.333,11200,4,2,False,Returning,False
ORD1385246,U195988,2024-04-25 19:17:12,Tier 2,633790,500,510,10,0,Toys,CoD,Evening,Android,6.5.2,Marketplace_3P,Central,13.0,1,1233,16,0,0.0,2850,3,0,False,Returning,False
ORD1087791,U164227,2024-04-25 19:40:34,Tier 1,238110,1120,1120,0,0,Beauty,Prepaid,Evening,Android,6.2.0,Marketplace_3P,North,22.4,2,869,12,0,0.0,19640,5,0,False,Returning,False
ORD1429803,U178415,2024-04-25 22:46:56,Tier 3,218356,20300,25020,4720,0,Electronics,Prepaid,Late_Night,Android,6.4.0,Marketplace_3P,Central,10.8,1,15,1,0,0.0,870,0,0,True,New,False
ORD1019770,U184068,2024-04-26 00:14:11,Tier 3,851230,4390,5150,760,0,Fashion,CoD,Late_Night,iOS,6.4.0,Local_SmallSeller,West,17.9,1,718,8,0,0.0,8770,6,0,False,Returning,False
ORD1014850,U127819,2024-04-26 03:28:00,Tier 2,361571,1330,1550,220,0,Fashion,Prepaid,Late_Night,iOS,6.4.0,Flagship_1P,Central,12.0,1,572,7,1,0.143,8920,2,1,False,Returning,False
ORD1499519,U162597,2024-04-26 04:10:04,Tier 2,396363,1570,1820,250,0,Home & Kitchen,CoD,Late_Night,Android,7.0.0,Local_SmallSeller,South,1.4,2,472,5,2,0.4,8710,3,2,False,Returning,False
ORD1209427,U210700,2024-04-26 04:21:32,Tier 1,147823,4610,4810,200,0,Electronics,Prepaid,Late_Night,Android,7.0.0,Marketplace_3P,South,2.8,1,527,6,0,0.0,6380,5,0,False,Returning,False
ORD1467277,U122473,2024-04-26 07:05:24,Tier 1,778929,620,800,180,0,Grocery,Prepaid,Morning,iOS,6.3.1,Flagship_1P,East,1.6,2,59,2,0,0.0,3640,2,0,False,Returning,False
ORD1496023,U163253,2024-04-26 07:05:53,Tier 3,112352,5840,7290,1450,0,Electronics,CoD,Morning,Android,6.3.1,Marketplace_3P,Central,4.7,1,1270,17,10,0.588,11100,9,6,False,Returning,False
ORD1495029,U202692,2024-04-26 09:46:47,Tier 1,473306,1360,1810,450,0,Beauty,Prepaid,Morning,Android,6.3.1,Marketplace_3P,North,30.8,2,1364,18,1,0.056,18770,8,1,False,Returning,False
ORD1473077,U133542,2024-04-26 17:11:49,Tier 2,849128,7430,8790,1360,0,Electronics,CoD,Evening,Android,6.5.2,Flagship_1P,West,7.1,1,1399,17,0,0.0,92320,11,0,False,Returning,False
ORD1321877,U118802,2024-04-26 18:14:50,Tier 2,269112,880,980,100,0,Grocery,CoD,Evening,Android,7.0.0,Marketplace_3P,Central,13.0,1,993,13,0,0.0,22480,9,0,False,Returning,False
ORD1325603,U119539,2024-04-26 19:11:18,Tier 2,601562,1620,1660,40,0,Footwear,Prepaid,Evening,iOS,6.3.1,Flagship_1P,South,6.4,1,1306,14,5,0.357,2730,9,5,False,Returning,False
ORD1434175,U199360,2024-04-26 22:49:48,Tier 2,807190,12540,15650,3110,0,Appliances,Prepaid,Late_Night,Android,6.5.2,Flagship_1P,East,24.9,1,842,11,1,0.091,8930,3,1,False,Returning,False
ORD1011696,U163483,2024-04-26 23:42:02,Tier 3,159609,330,370,40,60,Grocery,Prepaid,Late_Night,Android,6.3.1,Marketplace_3P,West,36.4,1,1459,18,0,0.0,39990,16,0,False,Returning,False
ORD1136473,U103169,2024-04-27 01:56:59,Tier 1,125052,6150,7210,1060,0,Electronics,Prepaid,Late_Night,Android,7.0.0,Local_SmallSeller,South,1.6,1,909,8,1,0.125,3650,2,1,False,Returning,False
ORD1316039,U165392,2024-04-27 03:02:34,Tier 1,560663,610,690,80,0,Beauty,Prepaid,Late_Night,Android,6.4.0,Marketplace_3P,Central,4.1,1,1228,11,2,0.182,29860,8,2,False,Returning,False
ORD1465380,U166896,2024-04-27 06:58:42,Tier 1,333711,630,770,140,0,Books,CoD,Morning,Android,6.2.0,Marketplace_3P,East,10.6,3,181,3,0,0.0,3220,1,0,False,Returning,False
ORD1051158,U135222,2024-04-27 08:29:12,Tier 2,506592,1090,1200,110,0,Footwear,Prepaid,Morning,Android,6.3.1,Marketplace_3P,West,6.5,2,804,8,1,0.125,9900,6,1,False,Returning,False
ORD1361803,U170770,2024-04-27 11:25:30,Tier 1,173932,10730,12720,1990,0,Mobiles,CoD,Morning,iOS,6.2.0,Marketplace_3P,Central,6.6,2,562,9,3,0.333,5590,7,3,False,Returning,False
ORD1431634,U141196,2024-04-27 11:56:19,Tier 2,143801,4470,5250,780,0,Electronics,Prepaid,Morning,Android,6.3.1,Local_SmallSeller,West,12.2,1,1171,20,5,0.25,11540,10,5,False,Returning,True
ORD1269681,U177625,2024-04-27 18:07:53,Tier 2,479910,630,650,20,0,Grocery,CoD,Evening,Android,6.5.2,Marketplace_3P,North,14.4,1,137,1,0,0.0,1290,1,0,True,New,False
ORD1055727,U135733,2024-04-27 20:52:14,Tier 2,142308,2150,2720,570,0,Footwear,Prepaid,Evening,Android,6.2.0,Local_SmallSeller,North,32.7,1,2,1,0,0.0,2050,1,0,True,New,False
ORD1023713,U143816,2024-04-28 00:38:41,Tier 1,312466,540,620,80,0,Home & Kitchen,CoD,Late_Night,Android,6.2.0,Marketplace_3P,East,4.0,2,964,9,3,0.333,7120,6,3,False,Returning,False
ORD1404800,U217201,2024-04-28 02:24:37,Tier 1,667616,270,340,70,40,Books,Prepaid,Late_Night,Android,6.5.2,Marketplace_3P,North,17.0,2,1223,16,6,0.375,18780,12,6,False,Returning,False
ORD1329101,U166946,2024-04-28 02:46:16,Tier 2,427842,480,610,130,0,Fashion,CoD,Late_Night,Android,6.2.0,Local_SmallSeller,West,15.3,1,936,8,0,0.0,6680,5,0,False,Returning,False
ORD1071354,U193706,2024-04-28 04:30:47,Tier 2,766836,2040,2750,710,0,Footwear,CoD,Late_Night,iOS,6.5.2,Marketplace_3P,East,13.0,1,695,12,3,0.25,16180,9,3,False,Returning,False
ORD1186209,U130437,2024-04-28 05:03:29,Tier 3,540398,890,1140,250,0,Fashion,CoD,Morning,iOS,6.5.2,Marketplace_3P,East,5.0,1,948,18,0,0.0,25300,10,0,False,Returning,False
ORD1176688,U182727,2024-04-28 05:48:59,Tier 1,577641,1160,1490,330,0,Fashion,CoD,Morning,Android,6.3.1,Local_SmallSeller,West,15.9,1,902,5,1,0.2,12390,1,1,False,Returning,False
ORD1039713,U136102,2024-04-28 08:16:21,Tier 3,842572,2590,3090,500,0,Beauty,Prepaid,Morning,Android,6.3.1,Marketplace_3P,North,43.2,1,394,6,1,0.167,2770,3,1,False,Returning,False
ORD1446432,U118739,2024-04-28 08:52:57,Tier 2,562486,3330,3540,210,0,Home & Kitchen,CoD,Morning,Android,6.4.0,Flagship_1P,South,16.6,1,310,1,0,0.0,1050,0,0,True,New,False
ORD1129476,U163304,2024-04-28 10:40:27,Tier 1,295228,11660,14550,2890,0,Electronics,Prepaid,Morning,Android,6.3.1,Flagship_1P,West,25.5,1,921,5,1,0.2,5160,2,1,False,Returning,True
ORD1286936,U110698,2024-04-28 15:13:19,Tier 1,831359,450,500,50,60,Toys,CoD,Afternoon,Android,6.5.2,Marketplace_3P,West,16.8,2,306,3,1,0.333,8060,1,1,False,Returning,False
ORD1250087,U110994,2024-04-28 21:01:50,Tier 3,290898,910,1100,190,0,Fashion,Prepaid,Evening,Android,6.4.0,Local_SmallSeller,North,29.3,1,460,9,3,0.333,9220,7,3,False,Returning,False
ORD1342028,U207521,2024-04-28 22:07:48,Tier 2,222920,450,490,40,40,Beauty,CoD,Late_Night,Android,6.3.1,Marketplace_3P,South,15.2,1,653,8,1,0.125,5300,6,1,False,Returning,False
ORD1120998,U140026,2024-04-29 03:14:48,Tier 3,605880,400,520,120,60,Grocery,CoD,Late_Night,Android,6.5.2,Flagship_1P,Central,10.8,2,756,10,1,0.1,12570,5,1,False,Returning,False
ORD1194810,U136108,2024-04-29 03:27:13,Tier 3,818654,3120,3400,280,0,Electronics,CoD,Late_Night,iOS,6.5.2,Local_SmallSeller,East,24.4,1,178,2,0,0.0,1440,1,0,False,Returning,True
ORD1219017,U141685,2024-04-29 03:47:52,Tier 1,408813,1980,2150,170,0,Fashion,Prepaid,Late_Night,Android,6.5.2,Local_SmallSeller,East,2.1,3,112,1,0,0.0,840,1,0,True,New,False
ORD1297118,U134890,2024-04-29 08:10:42,Tier 2,494629,9260,11890,2630,0,Mobiles,Prepaid,Morning,Android,7.0.0,Flagship_1P,West,36.3,1,616,11,0,0.0,23890,6,0,False,Returning,False
ORD1280175,U181828,2024-04-29 08:39:02,Tier 3,544362,590,720,130,0,Beauty,Prepaid,Morning,iOS,6.3.1,Marketplace_3P,East,22.3,2,574,11,6,0.545,19160,4,4,False,Returning,True
ORD1432077,U105784,2024-04-29 09:13:00,Tier 3,222773,860,1150,290,0,Footwear,Prepaid,Morning,Android,6.2.0,Flagship_1P,North,26.0,1,854,11,5,0.455,31990,6,3,False,Returning,False
ORD1115723,U143383,2024-04-29 10:51:29,Tier 3,619325,1030,1370,340,0,Fashion,CoD,Morning,iOS,6.4.0,Marketplace_3P,West,18.0,1,282,1,0,0.0,1130,1,0,True,New,False
ORD1434463,U114276,2024-04-29 11:11:42,Tier 3,236775,840,1080,240,0,Toys,CoD,Morning,Android,7.0.0,Flagship_1P,South,17.8,1,1067,12,1,0.083,17180,3,1,False,Returning,False
ORD1100470,U214397,2024-04-29 13:48:01,Tier 3,239877,610,670,60,0,Toys,CoD,Afternoon,Android,7.0.0,Marketplace_3P,North,38.4,1,451,4,1,0.25,3370,3,1,False,Returning,False
ORD1100139,U152590,2024-04-29 14:44:14,Tier 1,248539,1230,1240,10,0,Footwear,Prepaid,Afternoon,Android,7.0.0,Marketplace_3P,Central,24.5,1,1073,13,3,0.231,4950,9,3,False,Returning,False
ORD1023884,U150297,2024-04-29 16:07:38,Tier 3,397960,5660,6080,420,0,Home & Kitchen,CoD,Afternoon,iOS,6.4.0,Marketplace_3P,West,18.0,1,1289,20,3,0.15,43360,18,3,False,Returning,False
ORD1156322,U130996,2024-04-29 17:21:58,Tier 2,689057,1010,1320,310,0,Toys,Prepaid,Evening,Android,7.0.0,Flagship_1P,Central,15.7,1,528,7,4,0.571,25250,3,2,False,Returning,True
ORD1381039,U115859,2024-04-29 20:27:36,Tier 1,174438,430,450,20,60,Grocery,CoD,Evening,Android,6.5.2,Flagship_1P,South,11.7,1,1191,21,3,0.143,49860,14,3,False,Returning,True
ORD1011500,U179173,2024-04-29 20:42:41,Tier 2,257998,2620,3430,810,0,Fashion,Prepaid,Evening,Android,6.5.2,Marketplace_3P,Central,5.8,1,445,6,2,0.333,10030,2,2,False,Returning,False
ORD1484526,U132916,2024-04-29 23:10:28,Tier 2,790100,2990,3140,150,0,Fashion,CoD,Late_Night,Android,6.5.2,Flagship_1P,East,21.0,1,1328,17,3,0.176,11350,13,3,False,Returning,False
ORD1250626,U146570,2024-04-30 02:34:58,Tier 1,179986,6220,8190,1970,0,Home & Kitchen,Prepaid,Late_Night,iOS,6.2.0,Marketplace_3P,East,3.8,1,261,5,0,0.0,8480,4,0,False,Returning,False
ORD1496971,U126944,2024-04-30 05:25:18,Tier 2,380136,750,800,50,0,Footwear,CoD,Morning,Android,6.4.0,Local_SmallSeller,West,4.9,1,78,1,0,0.0,1410,0,0,True,New,False
ORD1163493,U116938,2024-04-30 10:29:08,Tier 2,292739,3400,3630,230,0,Home & Kitchen,Prepaid,Morning,Android,6.3.1,Marketplace_3P,South,10.3,1,541,6,5,0.833,16080,3,2,False,Returning,False
ORD1190030,U180040,2024-04-30 11:45:20,Tier 2,692308,3710,4540,830,0,Electronics,CoD,Morning,Android,6.3.1,Local_SmallSeller,North,29.8,2,284,1,0,0.0,1390,0,0,True,New,False
ORD1097447,U126454,2024-04-30 11:58:31,Tier 2,777266,2050,2210,160,0,Beauty,CoD,Morning,Android,6.5.2,Flagship_1P,East,15.0,1,822,13,3,0.231,7260,5,3,False,Returning,False
ORD1050617,U134757,2024-04-30 13:22:04,Tier 1,673297,1880,2330,450,0,Fashion,CoD,Afternoon,Android,6.4.0,Marketplace_3P,North,3.2,1,23,1,0,0.0,3390,0,0,True,New,False
ORD1411588,U112593,2024-04-30 13:44:17,Tier 2,154329,950,1010,60,0,Home & Kitchen,Prepaid,Afternoon,Android,6.3.1,Local_SmallSeller,East,20.9,1,1402,15,0,0.0,24500,4,0,False,Returning,False
ORD1008228,U114399,2024-04-30 18:41:38,Tier 1,496872,19240,19930,690,0,Mobiles,Prepaid,Evening,Android,6.5.2,Local_SmallSeller,East,14.7,2,136,4,0,0.0,3600,3,0,False,Returning,False
ORD1244264,U143471,2024-04-30 20:32:08,Tier 1,572772,780,820,40,0,Grocery,Prepaid,Evening,Android,6.5.2,Flagship_1P,South,3.3,2,1179,12,3,0.25,19590,5,3,False,Returning,False
ORD1382629,U181107,2024-04-30 22:32:44,Tier 1,794044,3040,3630,590,0,Electronics,CoD,Late_Night,Android,7.0.0,Local_SmallSeller,East,13.3,2,1129,16,6,0.375,12110,8,6,False,Returning,False
ORD1200239,U103181,2024-04-30 22:46:58,Tier 1,596738,1050,1110,60,0,Footwear,CoD,Late_Night,Android,7.0.0,Marketplace_3P,Central,7.3,1,293,3,0,0.0,4250,2,0,False,Returning,False
ORD1387204,U205131,2024-04-30 23:09:51,Tier 2,253196,920,1120,200,0,Fashion,CoD,Late_Night,Android,6.3.1,Marketplace_3P,South,24.4,1,1105,9,1,0.111,2320,8,1,False,Returning,False
ORD1433653,U105827,2024-04-30 23:57:28,Tier 1,158642,940,1190,250,0,Toys,Prepaid,Late_Night,Android,6.2.0,Marketplace_3P,North,3.8,1,1010,13,2,0.154,32620,8,2,False,Returning,False
ORD1061746,U120325,2024-05-01 02:50:07,Tier 3,831027,14050,15100,1050,0,Mobiles,CoD,Late_Night,Android,6.2.0,Marketplace_3P,West,14.9,1,764,14,2,0.143,11170,10,2,False,Returning,False
ORD1427029,U122168,2024-05-01 02:52:19,Tier 1,226142,9010,10300,1290,0,Mobiles,Prepaid,Late_Night,iOS,6.3.1,Marketplace_3P,North,1.1,1,467,4,0,0.0,16260,3,0,False,Returning,True
ORD1379175,U211097,2024-05-01 04:38:00,Tier 3,808116,750,910,160,0,Fashion,Prepaid,Late_Night,Android,6.5.2,Marketplace_3P,West,4.1,1,1324,20,7,0.35,43060,18,7,False,Returning,False
ORD1297642,U183786,2024-05-01 07:16:15,Tier 1,794805,7800,8670,870,0,Mobiles,CoD,Morning,Android,7.0.0,Marketplace_3P,West,26.1,1,159,2,0,0.0,4700,2,0,False,Returning,False
ORD1262337,U184400,2024-05-01 09:58:08,Tier 1,667788,2140,2340,200,0,Fashion,Prepaid,Morning,Android,6.2.0,Flagship_1P,North,6.0,1,57,4,2,0.5,7510,3,2,False,Returning,False
ORD1084209,U101093,2024-05-01 10:15:22,Tier 2,458824,1190,1340,150,0,Beauty,Prepaid,Morning,Android,6.3.1,Local_SmallSeller,East,15.2,1,589,6,2,0.333,1280,2,1,False,Returning,False
ORD1027215,U162257,2024-05-01 11:30:21,Tier 1,297351,1860,2140,280,0,Fashion,CoD,Morning,Android,6.2.0,Local_SmallSeller,Central,16.1,1,1094,12,3,0.25,55050,10,3,False,Returning,False
ORD1170556,U172180,2024-05-01 13:14:11,Tier 1,399919,940,1020,80,0,Toys,Prepaid,Afternoon,Android,7.0.0,Local_SmallSeller,North,2.0,1,623,8,0,0.0,4620,3,0,False,Returning,False
ORD1128313,U131600,2024-05-01 14:30:59,Tier 3,415822,6810,7730,920,0,Footwear,CoD,Afternoon,Android,7.0.0,Marketplace_3P,East,4.3,1,1077,12,1,0.083,29170,4,1,False,Returning,False
ORD1426263,U162909,2024-05-01 18:13:20,Tier 3,578257,2960,3420,460,0,Electronics,CoD,Evening,Android,7.0.0,Flagship_1P,West,17.0,1,497,4,0,0.0,6490,2,0,False,Returning,False
ORD1147128,U217599,2024-05-01 20:21:12,Tier 1,279519,240,240,0,0,Books,Prepaid,Evening,Android,6.3.1,Local_SmallSeller,East,6.6,1,754,11,0,0.0,30840,3,0,False,Returning,False
ORD1315235,U134309,2024-05-01 20:24:35,Tier 2,599533,930,1090,160,0,Books,Prepaid,Evening,Android,6.2.0,Marketplace_3P,West,14.3,2,6,1,0,0.0,2170,1,0,True,New,False
ORD1462921,U105600,2024-05-01 23:12:52,Tier 1,313590,6750,8920,2170,0,Appliances,CoD,Late_Night,Android,6.2.0,Marketplace_3P,North,4.7,1,506,9,3,0.333,44120,4,3,False,Returning,False
ORD1230517,U109122,2024-05-01 23:53:45,Tier 2,619796,11860,11960,100,0,Mobiles,CoD,Late_Night,Android,7.0.0,Marketplace_3P,North,8.1,1,364,5,1,0.2,9270,3,1,False,Returning,False
ORD1244781,U105841,2024-05-02 02:48:33,Tier 1,457760,14780,15820,1040,0,Electronics,Prepaid,Late_Night,Android,6.2.0,Marketplace_3P,South,19.0,2,1499,13,4,0.308,25620,4,3,False,Returning,False
ORD1009389,U164499,2024-05-02 05:03:18,Tier 1,287427,12450,13290,840,0,Mobiles,Prepaid,Morning,Android,6.3.1,Local_SmallSeller,East,8.1,3,1135,11,3,0.273,16740,8,3,False,Returning,False
ORD1363692,U195749,2024-05-02 05:05:37,Tier 2,238993,16910,18910,2000,0,Appliances,CoD,Morning,Android,6.4.0,Marketplace_3P,North,13.2,1,1250,15,4,0.267,3870,9,4,False,Returning,False
ORD1129753,U199119,2024-05-02 05:22:55,Tier 1,737811,11170,11280,110,0,Mobiles,CoD,Morning,Android,6.4.0,Marketplace_3P,East,15.5,1,1072,12,1,0.083,5860,10,1,False,Returning,False
ORD1139186,U106586,2024-05-02 06:21:25,Tier 2,788638,610,760,150,0,Beauty,Prepaid,Morning,Android,6.4.0,Marketplace_3P,Central,9.2,1,818,9,0,0.0,18770,3,0,False,Returning,False
ORD1256744,U206783,2024-05-02 07:47:13,Tier 2,522775,2990,3430,440,0,Fashion,Prepaid,Morning,Android,6.3.1,Marketplace_3P,Central,13.5,1,33,2,0,0.0,3190,2,0,False,Returning,False
ORD1320872,U197009,2024-05-02 11:25:53,Tier 2,723663,830,1030,200,0,Toys,CoD,Morning,Android,6.3.1,Marketplace_3P,South,8.4,1,19,1,0,0.0,4040,1,0,True,New,False
ORD1327169,U185860,2024-05-02 17:06:56,Tier 3,403734,1760,2290,530,0,Fashion,CoD,Evening,Android,7.0.0,Marketplace_3P,North,16.4,2,477,4,0,0.0,6480,2,0,False,Returning,False
ORD1028894,U135775,2024-05-02 19:35:01,Tier 1,446270,1450,1900,450,0,Footwear,Prepaid,Evening,Android,6.3.1,Local_SmallSeller,West,16.6,1,970,10,4,0.4,24750,5,4,False,Returning,False
ORD1190965,U209999,2024-05-02 21:37:10,Tier 3,285452,8230,10730,2500,0,Electronics,CoD,Evening,Android,6.3.1,Marketplace_3P,Central,20.4,1,1084,12,2,0.167,26350,8,2,False,Returning,False
ORD1202539,U174322,2024-05-02 21:56:08,Tier 2,140858,8140,8380,240,0,Mobiles,CoD,Evening,Android,6.2.0,Marketplace_3P,North,15.1,1,228,5,1,0.2,3770,2,1,False,Returning,False
ORD1446082,U156857,2024-05-02 22:43:20,Tier 2,119823,17190,20470,3280,0,Mobiles,CoD,Late_Night,iOS,6.2.0,Marketplace_3P,East,10.9,1,1054,12,1,0.083,14700,8,1,False,Returning,False
ORD1115355,U104196,2024-05-02 22:48:27,Tier 2,516398,10310,10860,550,0,Appliances,Prepaid,Late_Night,Android,6.2.0,Flagship_1P,North,15.0,1,830,9,2,0.222,7300,5,2,False,Returning,False
ORD1430835,U138700,2024-05-03 00:03:01,Tier 1,855042,1190,1580,390,0,Footwear,Prepaid,Late_Night,Android,6.5.2,Local_SmallSeller,East,6.0,1,343,5,0,0.0,8580,2,0,False,Returning,False
ORD1333029,U194593,2024-05-03 04:48:00,Tier 1,744791,1310,1510,200,0,Beauty,Prepaid,Late_Night,Android,6.3.1,Local_SmallSeller,North,4.5,1,788,12,1,0.083,22190,7,1,False,Returning,False
ORD1155778,U139981,2024-05-03 05:25:30,Tier 2,235312,23880,31750,7870,0,Mobiles,Prepaid,Morning,iOS,6.4.0,Marketplace_3P,Central,18.3,1,664,2,0,0.0,2440,1,0,False,Returning,False
ORD1250631,U184741,2024-05-03 07:24:00,Tier 1,117425,1210,1580,370,0,Books,Prepaid,Morning,Android,6.4.0,Local_SmallSeller,North,8.8,3,737,9,3,0.333,21040,2,2,False,Returning,False
ORD1345317,U131939,2024-05-03 10:07:55,Tier 3,591371,1930,2260,330,0,Home & Kitchen,CoD,Morning,iOS,6.3.1,Local_SmallSeller,North,52.0,1,755,10,3,0.3,7640,6,3,False,Returning,False
ORD1416250,U158969,2024-05-03 10:40:11,Tier 2,652364,5130,6040,910,0,Electronics,Prepaid,Morning,Android,6.4.0,Marketplace_3P,Central,11.6,1,1148,15,3,0.2,9280,9,3,False,Returning,False
ORD1435680,U216710,2024-05-03 12:35:52,Tier 1,503242,1190,1480,290,0,Toys,Prepaid,Afternoon,Android,6.4.0,Marketplace_3P,South,11.5,1,263,2,0,0.0,2930,1,0,False,Returning,False
ORD1210480,U196396,2024-05-03 13:05:05,Tier 1,458787,2810,3670,860,0,Home & Kitchen,CoD,Afternoon,Android,6.2.0,Marketplace_3P,Central,2.8,1,973,15,5,0.333,27120,6,5,False,Returning,False
ORD1349872,U210840,2024-05-03 17:47:46,Tier 2,422086,1080,1200,120,0,Home & Kitchen,CoD,Evening,Android,6.4.0,Local_SmallSeller,North,21.9,2,1280,15,2,0.133,7990,4,2,False,Returning,True
ORD1204227,U169536,2024-05-04 00:37:05,Tier 1,718330,380,480,100,60,Fashion,Prepaid,Late_Night,Android,7.0.0,Flagship_1P,North,8.0,1,1242,12,0,0.0,61340,6,0,False,Returning,False
ORD1038373,U107657,2024-05-04 01:38:34,Tier 1,346510,760,940,180,0,Beauty,Prepaid,Late_Night,Android,7.0.0,Marketplace_3P,West,3.3,2,953,14,3,0.214,51670,6,3,False,Returning,False
ORD1104957,U166641,2024-05-04 03:18:38,Tier 1,409291,4670,5710,1040,0,Electronics,Prepaid,Late_Night,Android,7.0.0,Marketplace_3P,West,3.6,2,1107,9,2,0.222,20210,2,2,False,Returning,False
ORD1095483,U139416,2024-05-04 04:31:24,Tier 2,269125,1240,1440,200,0,Toys,CoD,Late_Night,Android,7.0.0,Marketplace_3P,West,6.1,1,496,6,1,0.167,7670,2,1,False,Returning,False
ORD1407606,U126224,2024-05-04 08:24:17,Tier 1,184165,5290,6000,710,0,Electronics,CoD,Morning,iOS,7.0.0,Marketplace_3P,Central,10.0,1,79,1,0,0.0,800,1,0,True,New,True
ORD1044532,U210743,2024-05-04 08:29:47,Tier 1,602582,870,1010,140,0,Footwear,Prepaid,Morning,iOS,6.5.2,Local_SmallSeller,North,2.6,1,420,4,0,0.0,3760,2,0,False,Returning,False
ORD1342503,U203285,2024-05-04 09:13:19,Tier 3,307162,2990,3170,180,0,Toys,CoD,Morning,Android,6.3.1,Flagship_1P,Central,31.6,1,6,2,0,0.0,3940,2,0,False,Returning,False
ORD1166291,U157500,2024-05-04 10:42:03,Tier 2,241921,750,770,20,0,Grocery,Prepaid,Morning,Android,7.0.0,Local_SmallSeller,North,6.1,1,507,6,0,0.0,9560,2,0,False,Returning,False
ORD1269635,U212003,2024-05-04 13:26:02,Tier 2,389847,7640,10010,2370,0,Electronics,CoD,Afternoon,Android,7.0.0,Marketplace_3P,South,4.8,1,73,2,1,0.5,3490,1,1,False,Returning,False
ORD1365679,U115951,2024-05-04 13:39:18,Tier 1,535721,1030,1260,230,0,Beauty,CoD,Afternoon,Android,6.2.0,Marketplace_3P,East,18.0,1,1222,14,1,0.071,31410,8,1,False,Returning,False
ORD1065352,U205125,2024-05-04 14:05:53,Tier 1,792474,7300,9230,1930,0,Electronics,Prepaid,Afternoon,Android,6.2.0,Marketplace_3P,Central,11.4,1,410,6,1,0.167,10440,5,1,False,Returning,True
ORD1128598,U188240,2024-05-04 16:33:39,Tier 1,475947,1870,2450,580,0,Fashion,Prepaid,Afternoon,Android,6.4.0,Local_SmallSeller,North,4.3,1,795,8,1,0.125,6260,2,1,False,Returning,False
ORD1143444,U175603,2024-05-04 16:39:49,Tier 1,382568,21750,26360,4610,0,Mobiles,CoD,Afternoon,Android,6.2.0,Local_SmallSeller,East,3.1,2,365,3,0,0.0,6180,2,0,False,Returning,True
ORD1074217,U199323,2024-05-04 17:04:25,Tier 3,642379,620,820,200,0,Beauty,CoD,Evening,Android,6.4.0,Flagship_1P,Central,11.2,1,1324,17,2,0.118,57400,8,2,False,Returning,False
ORD1188141,U166960,2024-05-04 19:02:18,Tier 2,186061,280,360,80,0,Grocery,Prepaid,Evening,Android,6.4.0,Marketplace_3P,East,12.9,1,594,7,2,0.286,11310,6,2,False,Returning,False
ORD1192930,U202762,2024-05-04 20:35:11,Tier 1,487853,29140,31010,1870,0,Mobiles,Prepaid,Evening,iOS,6.3.1,Flagship_1P,East,3.8,1,771,13,5,0.385,14600,10,5,False,Returning,True
ORD1338823,U133186,2024-05-04 23:10:25,Tier 1,553131,15310,16130,820,0,Mobiles,Prepaid,Late_Night,Android,6.2.0,Marketplace_3P,North,1.3,1,337,2,0,0.0,2790,1,0,False,Returning,False
ORD1440144,U133215,2024-05-04 23:49:09,Tier 1,615005,10660,13200,2540,0,Appliances,CoD,Late_Night,Android,6.3.1,Local_SmallSeller,South,1.1,2,415,6,2,0.333,1330,3,2,False,Returning,False
ORD1176575,U201301,2024-05-05 00:12:06,Tier 2,447577,5930,6940,1010,0,Appliances,Prepaid,Late_Night,iOS,6.2.0,Marketplace_3P,South,26.4,1,1330,16,1,0.062,57740,3,1,False,Returning,False
ORD1443955,U144433,2024-05-05 00:12:44,Tier 1,674810,1360,1700,340,0,Beauty,Prepaid,Late_Night,Android,6.5.2,Flagship_1P,West,8.2,1,252,6,0,0.0,11450,5,0,False,Returning,False
ORD1135296,U113022,2024-05-05 01:19:33,Tier 2,195741,3520,4070,550,0,Electronics,CoD,Late_Night,Android,6.2.0,Local_SmallSeller,West,17.9,1,223,3,0,0.0,5120,2,0,False,Returning,False
ORD1467476,U196330,2024-05-05 02:43:16,Tier 1,731091,660,860,200,0,Fashion,Prepaid,Late_Night,Android,7.0.0,Marketplace_3P,East,4.6,1,145,2,0,0.0,2530,1,0,False,Returning,False
ORD1015440,U104436,2024-05-05 10:20:29,Tier 1,309277,3220,4050,830,0,Electronics,CoD,Morning,Android,6.2.0,Marketplace_3P,West,2.7,1,982,13,3,0.231,13360,3,2,False,Returning,False
ORD1207444,U142921,2024-05-05 10:33:38,Tier 3,230871,2120,2390,270,0,Fashion,CoD,Morning,Android,6.2.0,Marketplace_3P,East,53.4,1,764,15,7,0.467,25470,12,7,False,Returning,False
ORD1158693,U171785,2024-05-05 11:37:28,Tier 1,695671,4450,5250,800,0,Footwear,Prepaid,Morning,Android,6.3.1,Flagship_1P,Central,35.9,1,440,4,0,0.0,8330,2,0,False,Returning,True
ORD1220963,U217678,2024-05-05 16:29:26,Tier 3,450432,10150,12690,2540,0,Appliances,CoD,Afternoon,Android,6.2.0,Marketplace_3P,West,26.5,1,39,1,0,0.0,750,0,0,True,New,False
ORD1305807,U186736,2024-05-05 17:29:02,Tier 1,845610,3150,3800,650,0,Footwear,Prepaid,Evening,Android,6.2.0,Marketplace_3P,West,9.4,2,62,2,1,0.5,2390,1,1,False,Returning,False
ORD1328651,U124525,2024-05-05 18:36:38,Tier 1,183073,1040,1200,160,0,Fashion,CoD,Evening,Android,6.5.2,Local_SmallSeller,West,7.3,1,591,7,1,0.143,22390,6,1,False,Returning,False
ORD1362042,U158381,2024-05-05 18:59:29,Tier 3,503396,420,540,120,0,Toys,CoD,Evening,Android,6.4.0,Local_SmallSeller,East,26.6,1,871,4,2,0.5,4190,3,2,False,Returning,False
ORD1119268,U202627,2024-05-05 20:53:59,Tier 2,817992,2260,2990,730,0,Electronics,CoD,Evening,Android,6.3.1,Local_SmallSeller,North,10.5,2,684,6,2,0.333,4060,4,2,False,Returning,False
ORD1213603,U162597,2024-05-05 21:26:06,Tier 2,757503,12060,13940,1880,0,Appliances,CoD,Evening,Android,6.2.0,Marketplace_3P,North,2.4,3,472,5,2,0.4,8710,3,2,False,Returning,False
ORD1206410,U144356,2024-05-05 21:44:00,Tier 1,794443,10210,13590,3380,0,Mobiles,CoD,Evening,Android,6.4.0,Local_SmallSeller,Central,15.3,2,265,5,0,0.0,8900,3,0,False,Returning,False
ORD1215590,U110106,2024-05-05 23:53:08,Tier 1,456580,30120,32740,2620,0,Appliances,Prepaid,Late_Night,Android,7.0.0,Flagship_1P,East,7.8,2,181,2,0,0.0,2620,1,0,False,Returning,False
ORD1413360,U186542,2024-05-06 00:13:00,Tier 2,206016,780,1050,270,0,Beauty,Prepaid,Late_Night,Android,6.4.0,Marketplace_3P,South,8.8,1,398,6,0,0.0,3330,5,0,False,Returning,False
ORD1275721,U132302,2024-05-06 00:55:04,Tier 3,315276,6370,8060,1690,0,Mobiles,CoD,Late_Night,Android,6.4.0,Local_SmallSeller,East,53.1,1,176,4,1,0.25,9670,3,1,False,Returning,False
ORD1191843,U200596,2024-05-06 03:05:17,Tier 1,206083,900,970,70,0,Toys,Prepaid,Late_Night,Android,7.0.0,Marketplace_3P,Central,3.8,1,119,2,0,0.0,2540,1,0,False,Returning,False
ORD1263362,U151363,2024-05-06 07:01:35,Tier 2,475498,1030,1240,210,0,Toys,CoD,Morning,Android,6.4.0,Marketplace_3P,West,6.2,3,520,12,6,0.5,10490,3,2,False,Returning,False
ORD1138050,U129303,2024-05-06 07:22:41,Tier 2,256503,1390,1710,320,0,Beauty,Prepaid,Morning,Android,6.5.2,Marketplace_3P,East,6.5,1,1249,9,2,0.222,17400,3,2,False,Returning,False
ORD1419875,U200107,2024-05-06 08:53:42,Tier 1,645757,890,960,70,0,Beauty,Prepaid,Morning,Android,6.3.1,Local_SmallSeller,North,17.8,1,278,6,1,0.167,3180,4,1,False,Returning,False
ORD1047055,U155713,2024-05-06 10:08:48,Tier 2,554464,920,970,50,0,Beauty,Prepaid,Morning,Android,6.4.0,Marketplace_3P,Central,10.2,1,1393,18,6,0.333,51470,7,6,False,Returning,False
ORD1348308,U115108,2024-05-06 11:44:58,Tier 1,745800,1470,1770,300,0,Home & Kitchen,Prepaid,Morning,Android,6.5.2,Marketplace_3P,East,9.1,1,1024,11,3,0.273,13120,7,3,False,Returning,False
ORD1446653,U192415,2024-05-06 12:48:38,Tier 3,178181,1080,1150,70,0,Grocery,CoD,Afternoon,Android,6.3.1,Flagship_1P,East,25.4,1,623,7,2,0.286,6950,6,2,False,Returning,False
ORD1075898,U123300,2024-05-06 13:46:13,Tier 2,388917,18010,18070,60,0,Mobiles,CoD,Afternoon,Android,6.5.2,Flagship_1P,East,10.6,1,633,11,3,0.273,33360,9,3,False,Returning,False
ORD1333551,U138068,2024-05-06 15:29:06,Tier 2,340147,4920,5100,180,0,Mobiles,CoD,Afternoon,Android,6.5.2,Local_SmallSeller,East,9.8,2,1480,23,10,0.435,43990,20,10,False,Returning,False
ORD1006038,U213430,2024-05-06 15:51:32,Tier 2,825998,6610,8510,1900,0,Fashion,Prepaid,Afternoon,Android,6.4.0,Flagship_1P,South,25.6,1,726,7,2,0.286,4120,3,2,False,Returning,False
ORD1361847,U155209,2024-05-06 16:13:11,Tier 1,668409,12220,15270,3050,0,Mobiles,CoD,Afternoon,Android,6.4.0,Marketplace_3P,West,4.0,2,893,9,0,0.0,5800,4,0,False,Returning,True
ORD1072085,U154165,2024-05-06 17:01:21,Tier 3,756854,3820,4350,530,0,Electronics,CoD,Evening,iOS,7.0.0,Marketplace_3P,West,19.3,2,1110,18,3,0.167,86990,12,3,False,Returning,False
ORD1470520,U124548,2024-05-07 01:09:47,Tier 3,211174,1610,2030,420,0,Fashion,Prepaid,Late_Night,Android,6.5.2,Flagship_1P,North,23.8,1,1103,14,5,0.357,40070,6,5,False,Returning,False
ORD1385973,U189361,2024-05-07 01:49:22,Tier 2,194512,7460,8530,1070,0,Appliances,CoD,Late_Night,Android,6.5.2,Local_SmallSeller,South,18.5,2,505,12,0,0.0,9470,6,0,False,Returning,False
ORD1107913,U207863,2024-05-07 02:23:04,Tier 2,386972,1380,1850,470,0,Footwear,Prepaid,Late_Night,Android,6.2.0,Flagship_1P,West,15.8,1,218,5,1,0.2,2070,3,1,False,Returning,False
ORD1408824,U112950,2024-05-07 05:13:05,Tier 2,136157,2310,2860,550,0,Footwear,CoD,Morning,iOS,7.0.0,Marketplace_3P,South,41.8,3,69,2,0,0.0,1750,0,0,False,Returning,True
ORD1348520,U134799,2024-05-07 06:01:20,Tier 1,258676,5410,5970,560,0,Home & Kitchen,Prepaid,Morning,Android,6.2.0,Local_SmallSeller,Central,3.2,3,320,2,1,0.5,3680,1,1,False,Returning,False
ORD1156239,U108411,2024-05-07 07:57:46,Tier 2,655543,27080,28150,1070,0,Appliances,CoD,Morning,Android,7.0.0,Local_SmallSeller,North,8.0,1,346,9,0,0.0,17330,8,0,False,Returning,True
ORD1025392,U159027,2024-05-07 08:40:44,Tier 2,805884,8000,8320,320,0,Appliances,Prepaid,Morning,iOS,7.0.0,Local_SmallSeller,South,17.5,1,1083,13,2,0.154,17380,4,2,False,Returning,False
ORD1280107,U181157,2024-05-07 08:47:09,Tier 1,511738,11200,14840,3640,0,Mobiles,Prepaid,Morning,iOS,6.3.1,Marketplace_3P,East,11.5,1,470,5,1,0.2,13340,4,1,False,Returning,False
ORD1348282,U209243,2024-05-07 10:07:32,Tier 3,548449,10060,12640,2580,0,Appliances,CoD,Morning,Android,7.0.0,Flagship_1P,South,15.1,1,465,8,2,0.25,4080,5,2,False,Returning,False
ORD1305401,U153764,2024-05-07 10:10:21,Tier 2,246042,570,740,170,0,Grocery,CoD,Morning,Android,6.3.1,Local_SmallSeller,North,7.5,1,1148,15,0,0.0,29200,13,0,False,Returning,False
ORD1483054,U169463,2024-05-07 10:17:12,Tier 2,159744,9130,9220,90,0,Appliances,Prepaid,Morning,iOS,6.3.1,Marketplace_3P,West,17.6,1,1220,17,1,0.059,111820,5,1,False,Returning,False
ORD1119223,U218838,2024-05-07 17:42:57,Tier 2,641552,1200,1460,260,0,Grocery,Prepaid,Evening,Android,6.3.1,Marketplace_3P,East,21.7,2,115,1,1,1.0,1350,0,0,True,New,False
ORD1069511,U128315,2024-05-07 20:10:34,Tier 2,411611,1060,1250,190,0,Toys,Prepaid,Evening,Android,6.4.0,Marketplace_3P,Central,10.5,1,636,8,3,0.375,7950,4,3,False,Returning,False
ORD1042946,U112821,2024-05-07 21:14:04,Tier 1,730050,8740,11430,2690,0,Mobiles,CoD,Evening,Android,6.4.0,Flagship_1P,North,3.6,1,593,9,2,0.222,18980,3,2,False,Returning,True
ORD1473615,U164184,2024-05-08 01:44:36,Tier 3,666318,2200,2830,630,0,Home & Kitchen,CoD,Late_Night,iOS,6.4.0,Marketplace_3P,North,21.8,2,1427,21,6,0.286,63790,4,3,False,Returning,False
ORD1155947,U181802,2024-05-08 02:00:42,Tier 3,315286,1590,1650,60,0,Toys,CoD,Late_Night,Android,6.5.2,Flagship_1P,North,13.2,1,51,3,0,0.0,14770,2,0,False,Returning,False
ORD1248005,U186172,2024-05-08 02:43:04,Tier 1,547601,700,820,120,0,Books,Prepaid,Late_Night,Android,6.5.2,Marketplace_3P,East,5.6,1,1127,14,0,0.0,25120,5,0,False,Returning,False
ORD1489002,U206059,2024-05-08 04:42:46,Tier 3,722214,1600,1760,160,0,Fashion,CoD,Late_Night,Android,6.4.0,Marketplace_3P,Central,11.7,2,917,10,7,0.7,14360,2,2,False,Returning,False
ORD1301734,U213273,2024-05-08 07:50:51,Tier 2,780725,2660,3440,780,0,Home & Kitchen,CoD,Morning,Android,6.2.0,Marketplace_3P,West,10.4,1,1322,11,2,0.182,11000,8,2,False,Returning,False
ORD1423182,U111823,2024-05-08 08:07:25,Tier 2,796838,260,290,30,60,Books,CoD,Morning,Android,6.3.1,Flagship_1P,North,15.7,1,830,9,4,0.444,2700,7,4,False,Returning,False
ORD1102175,U174209,2024-05-08 08:26:49,Tier 3,708306,3030,4080,1050,0,Fashion,CoD,Morning,Android,6.2.0,Local_SmallSeller,West,23.3,1,530,7,2,0.286,10880,6,2,False,Returning,False
ORD1494902,U149818,2024-05-08 10:53:25,Tier 3,584519,2160,2410,250,0,Fashion,Prepaid,Morning,Android,6.5.2,Marketplace_3P,North,6.8,1,76,3,1,0.333,1350,2,1,False,Returning,False
ORD1124901,U174919,2024-05-08 14:28:32,Tier 3,638749,1270,1320,50,0,Footwear,CoD,Afternoon,Android,6.5.2,Marketplace_3P,Central,29.8,1,257,7,2,0.286,2860,5,2,False,Returning,False
ORD1476774,U135788,2024-05-08 15:53:49,Tier 1,610916,2240,2420,180,0,Fashion,Prepaid,Afternoon,Android,7.0.0,Marketplace_3P,South,5.6,1,262,4,0,0.0,13040,3,0,False,Returning,False
ORD1473948,U109993,2024-05-08 21:00:36,Tier 3,755638,2430,2530,100,0,Home & Kitchen,CoD,Evening,Android,6.4.0,Marketplace_3P,East,2.8,2,1439,16,4,0.25,58550,3,2,False,Returning,True
ORD1475561,U152744,2024-05-08 21:54:01,Tier 3,135235,910,1200,290,0,Grocery,CoD,Evening,iOS,6.3.1,Marketplace_3P,North,26.1,2,1056,13,1,0.077,34880,4,1,False,Returning,False
ORD1473090,U191998,2024-05-08 22:49:33,Tier 2,852585,1890,1900,10,0,Toys,Prepaid,Late_Night,Android,6.5.2,Flagship_1P,Central,8.9,1,75,2,0,0.0,700,1,0,False,Returning,False
ORD1161463,U176803,2024-05-09 01:49:10,Tier 1,643244,430,440,10,0,Beauty,Prepaid,Late_Night,Android,7.0.0,Flagship_1P,West,2.1,2,736,11,2,0.182,6860,6,2,False,Returning,False
ORD1351586,U126639,2024-05-09 05:24:40,Tier 2,111412,590,710,120,0,Fashion,Prepaid,Morning,Android,7.0.0,Flagship_1P,West,3.0,1,115,1,0,0.0,1460,1,0,True,New,False
ORD1456799,U140594,2024-05-09 09:03:49,Tier 3,521016,1520,1920,400,0,Fashion,CoD,Morning,Android,6.4.0,Marketplace_3P,Central,18.4,2,1391,16,7,0.438,12810,11,6,False,Returning,True
ORD1228698,U109838,2024-05-09 11:47:47,Tier 3,635741,3540,3770,230,0,Electronics,CoD,Morning,Android,6.3.1,Marketplace_3P,East,31.1,1,612,7,2,0.286,7710,5,2,False,Returning,False
ORD1153433,U150286,2024-05-09 14:29:28,Tier 3,791166,11210,12520,1310,0,Electronics,CoD,Afternoon,Android,6.4.0,Flagship_1P,Central,8.4,1,869,12,3,0.25,32120,4,2,False,Returning,False
ORD1278137,U183664,2024-05-09 16:20:42,Tier 2,774874,5850,5990,140,0,Mobiles,CoD,Afternoon,Android,6.5.2,Marketplace_3P,South,3.2,2,986,12,4,0.333,37620,6,4,False,Returning,True
ORD1289587,U117843,2024-05-09 20:38:35,Tier 1,540519,180,240,60,40,Books,Prepaid,Evening,iOS,6.3.1,Local_SmallSeller,North,13.0,1,414,5,3,0.6,3660,4,2,False,Returning,False
ORD1314463,U146354,2024-05-09 21:29:49,Tier 2,114766,440,490,50,40,Grocery,Prepaid,Evening,Android,7.0.0,Local_SmallSeller,West,20.5,1,524,6,1,0.167,3150,2,1,False,Returning,False
ORD1015926,U132851,2024-05-09 21:37:30,Tier 2,663034,1240,1530,290,0,Fashion,CoD,Evening,Android,6.5.2,Local_SmallSeller,North,31.7,1,1209,14,4,0.286,33730,11,4,False,Returning,False
ORD1363088,U189748,2024-05-10 00:52:19,Tier 1,494597,910,1200,290,0,Beauty,CoD,Late_Night,Android,7.0.0,Marketplace_3P,East,15.6,1,950,11,3,0.273,16660,7,3,False,Returning,False
ORD1433609,U217545,2024-05-10 01:07:07,Tier 2,368738,20730,27230,6500,0,Electronics,Prepaid,Late_Night,Android,6.5.2,Marketplace_3P,West,14.7,1,144,1,0,0.0,1130,1,0,True,New,False
ORD1395440,U167753,2024-05-10 03:25:30,Tier 1,824429,1130,1310,180,0,Grocery,CoD,Late_Night,Android,6.5.2,Flagship_1P,Central,7.7,1,792,7,1,0.143,15550,5,1,False,Returning,False
ORD1439225,U187184,2024-05-10 05:56:05,Tier 3,269199,7980,8070,90,0,Home & Kitchen,Prepaid,Morning,iOS,6.4.0,Flagship_1P,Central,15.6,1,145,1,0,0.0,1930,1,0,True,New,False
ORD1137374,U218600,2024-05-10 09:18:06,Tier 1,751306,2370,3020,650,0,Home & Kitchen,Prepaid,Morning,Android,6.4.0,Flagship_1P,Central,2.8,2,107,3,1,0.333,880,1,1,False,Returning,False
ORD1468933,U171164,2024-05-10 09:44:04,Tier 1,343522,1870,2160,290,0,Fashion,Prepaid,Morning,Android,6.2.0,Marketplace_3P,South,16.4,2,715,14,2,0.143,17710,12,2,False,Returning,False
ORD1004525,U217107,2024-05-10 11:10:47,Tier 2,851145,1970,2630,660,0,Home & Kitchen,Prepaid,Morning,Android,6.2.0,Marketplace_3P,West,12.8,2,1337,9,6,0.667,6450,3,2,False,Returning,False
ORD1136380,U193236,2024-05-10 11:25:01,Tier 1,575496,1330,1510,180,0,Fashion,Prepaid,Morning,Android,6.3.1,Flagship_1P,East,6.9,2,834,5,1,0.2,11450,4,1,False,Returning,False
ORD1089013,U217227,2024-05-10 11:36:01,Tier 2,428436,1000,1150,150,0,Beauty,CoD,Morning,iOS,6.4.0,Marketplace_3P,North,17.3,1,607,8,2,0.25,13210,5,2,False,Returning,False
ORD1121272,U146650,2024-05-10 15:01:03,Tier 3,576810,870,1020,150,0,Fashion,Prepaid,Afternoon,Android,6.3.1,Flagship_1P,Central,15.5,1,586,8,4,0.5,20380,2,1,False,Returning,False
ORD1272876,U168149,2024-05-10 19:19:47,Tier 2,810974,4750,5680,930,0,Mobiles,CoD,Evening,Android,7.0.0,Marketplace_3P,North,13.5,1,888,17,2,0.118,1970,5,2,False,Returning,False
ORD1309808,U149413,2024-05-10 19:48:34,Tier 2,441491,440,490,50,0,Toys,Prepaid,Evening,Android,6.5.2,Marketplace_3P,East,16.6,1,633,7,1,0.143,9120,5,1,False,Returning,False
ORD1023318,U219640,2024-05-10 19:52:37,Tier 2,160871,430,430,0,60,Beauty,Prepaid,Evening,Android,6.2.0,Local_SmallSeller,West,10.3,1,410,5,0,0.0,3080,3,0,False,Returning,False
ORD1129515,U100422,2024-05-11 03:51:56,Tier 2,510552,19190,19740,550,0,Mobiles,CoD,Late_Night,Android,7.0.0,Local_SmallSeller,North,5.8,1,1149,15,2,0.133,17610,11,2,False,Returning,True
ORD1279543,U143715,2024-05-11 04:18:11,Tier 1,229841,2300,2670,370,0,Beauty,Prepaid,Late_Night,Android,6.4.0,Local_SmallSeller,West,15.3,1,94,2,0,0.0,4140,1,0,False,Returning,False
ORD1316280,U131630,2024-05-11 04:23:16,Tier 2,535862,13930,14760,830,0,Electronics,CoD,Late_Night,Android,6.2.0,Marketplace_3P,North,16.0,1,1165,14,4,0.286,27010,6,4,False,Returning,True
ORD1351565,U132784,2024-05-11 05:01:58,Tier 1,746083,2020,2380,360,0,Home & Kitchen,Prepaid,Morning,Android,7.0.0,Flagship_1P,South,2.5,1,723,9,6,0.667,14240,7,6,False,Returning,False
ORD1007956,U104427,2024-05-11 05:28:15,Tier 1,207075,7380,7400,20,0,Electronics,CoD,Morning,Android,6.5.2,Marketplace_3P,Central,3.9,1,724,6,1,0.167,10430,5,1,False,Returning,False
ORD1099692,U146839,2024-05-11 05:58:12,Tier 2,542815,510,640,130,0,Grocery,Prepaid,Morning,Android,6.3.1,Local_SmallSeller,North,5.8,2,244,6,0,0.0,4890,4,0,False,Returning,False
ORD1034203,U116595,2024-05-11 08:18:05,Tier 2,293995,3820,3970,150,0,Footwear,CoD,Morning,iOS,6.5.2,Flagship_1P,South,5.0,2,1406,14,2,0.143,19750,12,2,False,Returning,False
ORD1044078,U151653,2024-05-11 09:17:22,Tier 3,619049,1400,1480,80,0,Footwear,CoD,Morning,Android,6.3.1,Marketplace_3P,North,9.5,1,396,7,0,0.0,4280,6,0,False,Returning,False
ORD1312128,U125292,2024-05-11 10:49:40,Tier 2,443968,8360,10510,2150,0,Appliances,CoD,Morning,Android,7.0.0,Flagship_1P,Central,4.8,1,203,5,1,0.2,4040,4,1,False,Returning,False
ORD1337928,U153488,2024-05-11 11:00:25,Tier 1,833998,9180,12090,2910,0,Mobiles,Prepaid,Morning,Android,6.3.1,Marketplace_3P,North,2.0,1,990,8,1,0.125,11000,7,1,False,Returning,False
ORD1190918,U116701,2024-05-11 13:27:03,Tier 3,540159,8010,10060,2050,0,Mobiles,Prepaid,Afternoon,Android,7.0.0,Marketplace_3P,North,29.7,1,615,8,2,0.25,21390,3,2,False,Returning,False
ORD1030750,U154591,2024-05-11 14:50:48,Tier 3,519447,870,1050,180,0,Toys,CoD,Afternoon,Android,6.5.2,Marketplace_3P,South,12.8,1,923,13,1,0.077,2490,5,1,False,Returning,False
ORD1208234,U219396,2024-05-11 16:28:47,Tier 2,358231,3060,3440,380,0,Fashion,Prepaid,Afternoon,Android,6.5.2,Marketplace_3P,Central,19.4,1,560,6,2,0.333,4690,1,1,False,Returning,False
ORD1118323,U194832,2024-05-11 16:39:32,Tier 2,811350,6820,8550,1730,0,Electronics,CoD,Afternoon,Android,6.2.0,Flagship_1P,North,1.2,1,601,6,0,0.0,3000,4,0,False,Returning,False
ORD1061729,U150028,2024-05-11 19:46:04,Tier 2,111098,1030,1320,290,0,Fashion,Prepaid,Evening,Android,6.3.1,Local_SmallSeller,West,16.7,1,111,2,0,0.0,3290,2,0,False,Returning,False
ORD1395645,U176815,2024-05-11 20:11:39,Tier 1,140856,7200,9430,2230,0,Electronics,Prepaid,Evening,Android,7.0.0,Flagship_1P,South,6.0,1,153,3,1,0.333,2830,1,1,False,Returning,False
ORD1204188,U195085,2024-05-11 23:10:45,Tier 2,677674,12550,13380,830,0,Electronics,Prepaid,Late_Night,Android,6.5.2,Flagship_1P,Central,10.1,1,731,9,1,0.111,18710,4,1,False,Returning,False
ORD1123240,U170483,2024-05-12 02:14:35,Tier 3,133987,2340,2610,270,0,Home & Kitchen,CoD,Late_Night,Android,6.5.2,Marketplace_3P,South,27.3,1,487,4,1,0.25,1610,2,1,False,Returning,False
ORD1479503,U165963,2024-05-12 02:30:06,Tier 3,209789,11480,14680,3200,0,Mobiles,CoD,Late_Night,Android,7.0.0,Marketplace_3P,West,13.3,1,895,10,2,0.2,21070,4,2,False,Returning,False
ORD1127433,U186813,2024-05-12 02:32:25,Tier 1,355016,3840,4990,1150,0,Electronics,CoD,Late_Night,Android,6.3.1,Flagship_1P,South,8.4,1,550,7,2,0.286,2340,3,2,False,Returning,False
ORD1245206,U215505,2024-05-12 02:59:27,Tier 3,199507,3430,3810,380,0,Home & Kitchen,CoD,Late_Night,Android,6.2.0,Marketplace_3P,North,31.4,2,1149,22,2,0.091,75180,9,2,False,Returning,False
ORD1094312,U169963,2024-05-12 03:55:20,Tier 3,309213,3320,3990,670,0,Home & Kitchen,CoD,Late_Night,Android,6.3.1,Flagship_1P,East,27.8,1,165,2,1,0.5,1590,0,0,False,Returning,False
ORD1445012,U165392,2024-05-12 04:55:20,Tier 1,172546,6620,6850,230,0,Electronics,Prepaid,Late_Night,Android,6.2.0,Local_SmallSeller,East,2.8,2,1228,11,2,0.182,29860,8,2,False,Returning,False
ORD1080946,U112773,2024-05-12 07:32:24,Tier 2,299359,2210,2320,110,0,Fashion,Prepaid,Morning,Android,7.0.0,Local_SmallSeller,North,12.5,2,215,4,0,0.0,7290,2,0,False,Returning,False
ORD1046032,U164981,2024-05-12 10:30:42,Tier 2,301425,700,940,240,0,Books,CoD,Morning,Android,6.4.0,Local_SmallSeller,West,25.2,1,438,6,2,0.333,11510,4,2,False,Returning,False
ORD1477373,U133241,2024-05-12 11:26:47,Tier 2,243167,500,520,20,0,Beauty,Prepaid,Morning,Android,6.3.1,Local_SmallSeller,West,9.2,1,314,6,2,0.333,10520,3,2,False,Returning,False
ORD1371715,U103973,2024-05-12 11:46:08,Tier 3,424152,2420,3190,770,0,Electronics,CoD,Morning,Android,6.4.0,Marketplace_3P,South,12.5,2,387,6,0,0.0,30580,3,0,False,Returning,True
ORD1137149,U193108,2024-05-12 11:48:32,Tier 1,232345,5540,7060,1520,0,Electronics,Prepaid,Morning,Android,6.2.0,Marketplace_3P,North,12.9,1,421,5,2,0.4,8480,2,1,False,Returning,False
ORD1220592,U126758,2024-05-12 13:00:02,Tier 2,541086,5090,5260,170,0,Home & Kitchen,CoD,Afternoon,Android,6.2.0,Marketplace_3P,North,7.5,2,1296,17,1,0.059,40900,10,1,False,Returning,False
ORD1017518,U177877,2024-05-12 17:13:28,Tier 1,211094,800,830,30,0,Footwear,Prepaid,Evening,Android,6.3.1,Marketplace_3P,Central,14.4,2,1061,14,4,0.286,31410,9,4,False,Returning,False
ORD1136427,U158140,2024-05-12 17:33:08,Tier 1,746163,480,540,60,0,Beauty,CoD,Evening,Android,7.0.0,Marketplace_3P,North,21.6,2,1396,21,5,0.238,6730,16,5,False,Returning,False
ORD1147106,U119592,2024-05-12 22:40:35,Tier 1,412707,2610,2730,120,0,Toys,CoD,Late_Night,Android,6.2.0,Flagship_1P,North,5.0,1,27,1,0,0.0,1540,0,0,True,New,False
ORD1099390,U172602,2024-05-13 00:40:38,Tier 1,321330,1280,1330,50,0,Beauty,CoD,Late_Night,Android,6.2.0,Marketplace_3P,Central,9.8,1,915,8,2,0.25,11120,7,2,False,Returning,False
ORD1464853,U168280,2024-05-13 00:44:38,Tier 3,715657,1140,1490,350,0,Fashion,CoD,Late_Night,iOS,6.2.0,Marketplace_3P,East,26.8,1,351,3,1,0.333,990,1,1,False,Returning,False
ORD1162394,U113743,2024-05-13 03:36:12,Tier 1,490630,1280,1380,100,0,Grocery,CoD,Late_Night,Android,6.5.2,Marketplace_3P,East,9.9,1,479,8,2,0.25,2400,5,2,False,Returning,False
ORD1150257,U114503,2024-05-13 04:02:39,Tier 1,829587,600,650,50,0,Fashion,CoD,Late_Night,Android,6.5.2,Marketplace_3P,Central,1.4,3,439,6,0,0.0,33580,2,0,False,Returning,True
ORD1306472,U168733,2024-05-13 06:23:27,Tier 1,665537,530,680,150,0,Grocery,CoD,Morning,Android,6.5.2,Marketplace_3P,South,2.9,2,1084,8,4,0.5,14340,5,4,False,Returning,False
ORD1052975,U113908,2024-05-13 07:14:39,Tier 1,590739,1670,2030,360,0,Fashion,Prepaid,Morning,Android,6.3.1,Flagship_1P,Central,8.7,2,1075,17,4,0.235,10570,12,4,False,Returning,False
ORD1140512,U152423,2024-05-13 07:28:01,Tier 1,483382,11190,14470,3280,0,Electronics,Prepaid,Morning,Android,6.4.0,Marketplace_3P,South,5.8,2,1410,10,7,0.7,14060,2,1,False,Returning,False
ORD1483512,U106335,2024-05-13 09:31:23,Tier 1,750027,1290,1720,430,0,Grocery,Prepaid,Morning,iOS,7.0.0,Marketplace_3P,Central,10.5,1,283,7,2,0.286,5630,4,2,False,Returning,False
ORD1355763,U118373,2024-05-13 10:04:42,Tier 2,565719,640,840,200,0,Grocery,CoD,Morning,Android,6.2.0,Marketplace_3P,West,21.4,2,1166,10,2,0.2,8890,7,2,False,Returning,False
ORD1340033,U209915,2024-05-13 11:06:52,Tier 2,783694,2100,2290,190,0,Electronics,CoD,Morning,Android,6.4.0,Flagship_1P,Central,3.9,1,1074,15,4,0.267,8100,7,4,False,Returning,False
ORD1024370,U219520,2024-05-13 11:22:44,Tier 1,465445,2920,3570,650,0,Appliances,Prepaid,Morning,Android,7.0.0,Marketplace_3P,Central,4.2,1,224,2,0,0.0,2160,1,0,False,Returning,False
ORD1152531,U157959,2024-05-13 12:27:04,Tier 2,121162,1120,1210,90,0,Grocery,CoD,Afternoon,Android,6.2.0,Marketplace_3P,West,8.9,1,1471,23,8,0.348,65420,18,8,False,Returning,False
ORD1228651,U209764,2024-05-13 12:35:52,Tier 3,722806,10090,10310,220,0,Electronics,CoD,Afternoon,iOS,6.2.0,Marketplace_3P,North,24.1,1,833,10,2,0.2,21240,8,2,False,Returning,False
ORD1372261,U106374,2024-05-13 14:31:47,Tier 1,182682,770,800,30,0,Grocery,Prepaid,Afternoon,Android,6.2.0,Marketplace_3P,North,13.0,2,219,4,2,0.5,17370,3,2,False,Returning,False
ORD1342903,U153594,2024-05-13 15:12:45,Tier 2,295368,9110,9500,390,0,Electronics,Prepaid,Afternoon,Android,6.2.0,Flagship_1P,South,24.5,3,64,1,0,0.0,1990,1,0,True,New,False
ORD1276982,U217697,2024-05-13 15:28:49,Tier 3,560617,7870,8420,550,0,Electronics,CoD,Afternoon,iOS,6.3.1,Marketplace_3P,East,35.5,2,1075,20,4,0.2,19760,17,4,False,Returning,False
ORD1373183,U205779,2024-05-13 17:09:00,Tier 3,694350,530,600,70,0,Fashion,CoD,Evening,Android,6.3.1,Local_SmallSeller,Central,43.9,2,221,5,2,0.4,7440,4,2,False,Returning,True
ORD1432412,U143994,2024-05-13 18:34:42,Tier 2,782875,1190,1250,60,0,Fashion,Prepaid,Evening,Android,6.2.0,Local_SmallSeller,South,21.8,3,712,13,10,0.769,20440,9,8,False,Returning,False
ORD1470006,U201903,2024-05-14 04:01:27,Tier 2,852425,690,750,60,0,Books,CoD,Late_Night,Android,6.3.1,Marketplace_3P,East,22.3,3,1138,8,2,0.25,7530,6,2,False,Returning,False
ORD1347362,U100514,2024-05-14 04:02:06,Tier 3,243380,2340,2870,530,0,Home & Kitchen,CoD,Late_Night,iOS,6.5.2,Marketplace_3P,North,14.8,1,1438,16,2,0.125,25130,6,2,False,Returning,False
ORD1194897,U140646,2024-05-14 04:57:31,Tier 1,681877,3830,4570,740,0,Electronics,CoD,Late_Night,Android,6.3.1,Marketplace_3P,West,0.6,2,671,9,1,0.111,3450,3,1,False,Returning,False
ORD1377841,U187804,2024-05-14 06:33:12,Tier 3,429914,1080,1340,260,0,Footwear,CoD,Morning,iOS,7.0.0,Local_SmallSeller,North,15.2,1,1336,17,6,0.353,19970,5,3,False,Returning,False
ORD1352384,U102403,2024-05-14 13:50:01,Tier 1,382768,500,540,40,0,Fashion,CoD,Afternoon,Android,6.4.0,Local_SmallSeller,East,7.3,1,826,9,4,0.444,9930,6,4,False,Returning,False
ORD1479866,U178707,2024-05-14 15:30:03,Tier 1,812768,810,1060,250,0,Grocery,CoD,Afternoon,Android,6.3.1,Local_SmallSeller,North,10.0,1,1344,11,4,0.364,16760,3,2,False,Returning,False
ORD1051398,U127051,2024-05-14 15:52:03,Tier 2,175204,1750,2200,450,0,Fashion,Prepaid,Afternoon,Android,6.4.0,Local_SmallSeller,West,9.6,1,903,10,0,0.0,20560,7,0,False,Returning,False
ORD1458367,U178597,2024-05-14 18:14:04,Tier 1,678664,1460,1960,500,0,Fashion,CoD,Evening,iOS,7.0.0,Marketplace_3P,Central,13.1,1,1086,17,2,0.118,22810,9,2,False,Returning,False
ORD1103027,U209207,2024-05-14 18:37:00,Tier 1,299504,19660,25100,5440,0,Electronics,CoD,Evening,Android,6.5.2,Flagship_1P,South,2.3,3,612,6,0,0.0,17930,5,0,False,Returning,False
ORD1037891,U174337,2024-05-14 22:20:59,Tier 2,221016,13520,16610,3090,0,Electronics,CoD,Late_Night,Android,7.0.0,Local_SmallSeller,North,1.0,1,969,9,0,0.0,19190,7,0,False,Returning,False
ORD1444706,U209735,2024-05-15 04:18:04,Tier 2,239667,780,1040,260,0,Footwear,CoD,Late_Night,Android,6.2.0,Local_SmallSeller,Central,4.7,1,30,1,1,1.0,550,0,0,True,New,False
ORD1160493,U197426,2024-05-15 08:00:23,Tier 3,476287,1340,1370,30,0,Footwear,CoD,Morning,Android,6.3.1,Marketplace_3P,South,37.3,1,628,4,1,0.25,16630,1,1,False,Returning,False
ORD1219354,U191490,2024-05-15 11:31:44,Tier 2,413378,700,770,70,0,Books,Prepaid,Morning,Android,6.4.0,Marketplace_3P,South,5.1,1,776,9,1,0.111,28390,4,1,False,Returning,False
ORD1162937,U214080,2024-05-15 12:03:48,Tier 3,769569,3590,4130,540,0,Home & Kitchen,Prepaid,Afternoon,Android,6.2.0,Flagship_1P,East,17.5,1,1346,23,4,0.174,16050,6,4,False,Returning,False
ORD1298871,U215691,2024-05-15 12:08:57,Tier 3,606970,920,1110,190,0,Grocery,CoD,Afternoon,Android,7.0.0,Flagship_1P,Central,28.5,1,503,9,0,0.0,25440,7,0,False,Returning,False
ORD1133042,U184904,2024-05-15 13:37:48,Tier 1,557207,1890,2410,520,0,Fashion,Prepaid,Afternoon,Android,7.0.0,Flagship_1P,South,10.5,1,583,5,0,0.0,4790,4,0,False,Returning,False
ORD1456960,U161982,2024-05-15 15:48:27,Tier 1,450299,15620,17900,2280,0,Mobiles,CoD,Afternoon,Android,6.5.2,Marketplace_3P,West,7.1,1,320,6,0,0.0,10530,5,0,False,Returning,False
ORD1212004,U114244,2024-05-15 15:56:28,Tier 1,407527,2070,2570,500,0,Fashion,CoD,Afternoon,Android,6.3.1,Marketplace_3P,North,7.1,1,1433,17,2,0.118,10230,6,2,False,Returning,False
ORD1014514,U169651,2024-05-15 16:28:31,Tier 3,787202,9420,11880,2460,0,Electronics,CoD,Afternoon,Android,6.3.1,Marketplace_3P,Central,24.8,2,34,2,0,0.0,3020,1,0,False,Returning,False
ORD1395764,U151166,2024-05-15 23:14:40,Tier 1,635986,300,370,70,40,Books,CoD,Late_Night,Android,6.5.2,Flagship_1P,East,23.3,1,179,2,0,0.0,900,0,0,False,Returning,False
ORD1059524,U123714,2024-05-16 00:37:54,Tier 2,160038,870,1130,260,0,Beauty,CoD,Late_Night,Android,6.5.2,Marketplace_3P,East,6.5,1,819,9,4,0.444,31030,5,4,False,Returning,False
ORD1061111,U186495,2024-05-16 00:57:44,Tier 2,261425,1080,1400,320,0,Beauty,CoD,Late_Night,Android,6.5.2,Marketplace_3P,Central,21.1,1,402,6,1,0.167,12910,4,1,False,Returning,False
ORD1116815,U165628,2024-05-16 03:07:08,Tier 2,663083,13070,13740,670,0,Mobiles,CoD,Late_Night,iOS,6.3.1,Local_SmallSeller,East,16.4,2,599,3,1,0.333,2290,2,1,False,Returning,False
ORD1401786,U139509,2024-05-16 07:11:58,Tier 1,387114,1530,1940,410,0,Grocery,CoD,Morning,Android,7.0.0,Marketplace_3P,North,13.8,1,267,5,2,0.4,4590,3,2,False,Returning,False
ORD1328607,U140366,2024-05-16 10:54:18,Tier 1,827758,1100,1110,10,0,Fashion,Prepaid,Morning,Android,6.2.0,Marketplace_3P,Central,21.4,2,1350,19,1,0.053,18870,10,1,False,Returning,False
ORD1162467,U192229,2024-05-16 14:33:39,Tier 2,293525,690,900,210,0,Beauty,Prepaid,Afternoon,Android,6.2.0,Local_SmallSeller,South,14.1,2,878,15,1,0.067,13750,8,1,False,Returning,False
ORD1103441,U106374,2024-05-16 15:33:57,Tier 1,210212,1630,2180,550,0,Fashion,Prepaid,Afternoon,iOS,6.3.1,Marketplace_3P,East,13.9,1,219,4,2,0.5,17370,3,2,False,Returning,False
ORD1176501,U207356,2024-05-16 16:39:58,Tier 2,553346,30290,30420,130,0,Electronics,Prepaid,Afternoon,Android,7.0.0,Marketplace_3P,West,13.9,1,1056,16,0,0.0,13090,9,0,False,Returning,False
ORD1103009,U171682,2024-05-16 17:29:33,Tier 1,516942,850,870,20,0,Toys,CoD,Evening,Android,6.2.0,Marketplace_3P,South,8.0,1,765,9,0,0.0,19960,3,0,False,Returning,False
ORD1029413,U159798,2024-05-16 20:43:29,Tier 2,696155,2060,2170,110,0,Footwear,Prepaid,Evening,iOS,6.5.2,Flagship_1P,North,23.6,1,1158,18,0,0.0,38100,14,0,False,Returning,False
ORD1134976,U151589,2024-05-16 22:48:56,Tier 3,170464,640,850,210,0,Fashion,Prepaid,Late_Night,iOS,6.2.0,Flagship_1P,Central,4.5,2,897,12,2,0.167,19940,3,2,False,Returning,False
ORD1373512,U215718,2024-05-16 23:23:37,Tier 2,243755,7760,8370,610,0,Appliances,CoD,Late_Night,Android,6.4.0,Marketplace_3P,West,7.6,1,1045,13,2,0.154,34570,12,2,False,Returning,False
ORD1485289,U202890,2024-05-17 00:49:55,Tier 1,513716,2980,3410,430,0,Fashion,CoD,Late_Night,Android,6.4.0,Marketplace_3P,North,2.4,2,29,1,0,0.0,3030,1,0,True,New,False
ORD1060816,U152847,2024-05-17 04:53:36,Tier 1,472722,6420,7270,850,0,Electronics,Prepaid,Late_Night,iOS,6.5.2,Flagship_1P,Central,7.6,2,153,3,1,0.333,450,1,1,False,Returning,False
ORD1369948,U206124,2024-05-17 04:58:57,Tier 3,391911,1570,1570,0,0,Footwear,CoD,Late_Night,Android,6.4.0,Flagship_1P,Central,19.5,1,962,10,1,0.1,7930,6,1,False,Returning,True
ORD1305872,U188952,2024-05-17 05:16:13,Tier 1,433437,2020,2670,650,0,Footwear,CoD,Morning,Android,6.3.1,Local_SmallSeller,North,7.0,1,129,3,1,0.333,9780,1,1,False,Returning,False
ORD1084997,U200854,2024-05-17 06:00:55,Tier 2,592455,3230,3530,300,0,Fashion,Prepaid,Morning,iOS,7.0.0,Flagship_1P,North,2.2,1,817,12,9,0.75,7900,3,3,False,Returning,False
ORD1123196,U197892,2024-05-17 09:52:02,Tier 1,846294,9650,12440,2790,0,Mobiles,Prepaid,Morning,Android,6.2.0,Marketplace_3P,West,5.4,2,691,15,4,0.267,26520,13,4,False,Returning,False
ORD1023533,U139305,2024-05-17 11:04:22,Tier 1,609530,690,930,240,0,Beauty,Prepaid,Morning,Android,6.4.0,Flagship_1P,East,3.0,1,299,4,0,0.0,4900,3,0,False,Returning,False
ORD1005635,U122985,2024-05-17 11:09:50,Tier 1,533755,6030,6790,760,0,Mobiles,Prepaid,Morning,Android,6.2.0,Marketplace_3P,South,2.6,1,1463,16,3,0.188,25020,7,3,False,Returning,False
ORD1126582,U179327,2024-05-17 12:19:27,Tier 2,167575,6300,6870,570,0,Electronics,Prepaid,Afternoon,Android,6.4.0,Marketplace_3P,Central,5.7,1,46,3,0,0.0,2620,2,0,False,Returning,False
ORD1202682,U120169,2024-05-17 13:01:34,Tier 1,732768,9250,9990,740,0,Electronics,Prepaid,Afternoon,Android,6.2.0,Marketplace_3P,East,11.4,2,771,10,0,0.0,3890,6,0,False,Returning,False
ORD1352600,U162597,2024-05-17 14:49:13,Tier 2,256557,1010,1330,320,0,Footwear,CoD,Afternoon,Android,6.2.0,Marketplace_3P,North,10.4,2,472,5,2,0.4,8710,3,2,False,Returning,False
ORD1037397,U206622,2024-05-17 15:00:44,Tier 1,315679,2010,2080,70,0,Beauty,CoD,Afternoon,Android,6.5.2,Marketplace_3P,East,4.5,1,494,6,1,0.167,960,5,1,False,Returning,False
ORD1256438,U201031,2024-05-17 18:16:08,Tier 3,615996,2090,2580,490,0,Home & Kitchen,CoD,Evening,iOS,6.2.0,Marketplace_3P,East,21.8,1,219,4,1,0.25,8270,3,1,False,Returning,False
ORD1024836,U191067,2024-05-17 18:55:36,Tier 3,245043,710,920,210,0,Beauty,CoD,Evening,Android,6.5.2,Marketplace_3P,East,13.3,1,707,5,3,0.6,11450,4,2,False,Returning,False
ORD1389328,U195819,2024-05-17 20:04:50,Tier 3,389719,9730,11710,1980,0,Mobiles,CoD,Evening,Android,6.3.1,Flagship_1P,West,5.4,1,846,14,5,0.357,27740,10,5,False,Returning,False
ORD1439575,U154949,2024-05-17 20:49:28,Tier 1,664602,1100,1450,350,0,Beauty,CoD,Evening,iOS,6.5.2,Marketplace_3P,West,3.2,1,315,3,0,0.0,1710,2,0,False,Returning,False
ORD1013926,U184472,2024-05-17 22:25:51,Tier 2,635868,920,1060,140,0,Grocery,Prepaid,Late_Night,Android,7.0.0,Flagship_1P,South,10.3,1,1099,18,1,0.056,50790,13,1,False,Returning,True
ORD1058327,U148189,2024-05-18 00:35:20,Tier 1,565940,1590,1690,100,0,Footwear,Prepaid,Late_Night,Android,6.2.0,Marketplace_3P,North,2.6,1,1444,9,1,0.111,23440,2,1,False,Returning,False
ORD1028071,U111912,2024-05-18 01:07:28,Tier 2,588407,1630,2130,500,0,Beauty,Prepaid,Late_Night,Android,6.2.0,Marketplace_3P,North,1.0,2,819,13,5,0.385,22600,6,4,False,Returning,False
ORD1373427,U210130,2024-05-18 02:06:04,Tier 2,361580,2510,3250,740,0,Footwear,CoD,Late_Night,Android,7.0.0,Marketplace_3P,West,5.5,1,577,6,1,0.167,14630,2,1,False,Returning,False
ORD1433985,U147658,2024-05-18 02:48:14,Tier 1,205685,990,1320,330,0,Fashion,CoD,Late_Night,Android,7.0.0,Marketplace_3P,West,4.6,1,70,2,0,0.0,3120,1,0,False,Returning,False
ORD1425945,U197989,2024-05-18 03:09:15,Tier 3,611255,970,1250,280,0,Beauty,CoD,Late_Night,Android,6.2.0,Marketplace_3P,North,19.5,1,817,13,2,0.154,78580,8,2,False,Returning,False
ORD1050647,U171073,2024-05-18 05:48:28,Tier 2,264936,5390,5930,540,0,Appliances,Prepaid,Morning,Android,6.5.2,Local_SmallSeller,North,17.7,1,1047,16,2,0.125,27610,12,2,False,Returning,False
ORD1227971,U112021,2024-05-18 06:41:33,Tier 1,376910,5270,6350,1080,0,Home & Kitchen,Prepaid,Morning,Android,6.5.2,Local_SmallSeller,East,2.0,1,1455,14,6,0.429,6710,3,3,False,Returning,False
ORD1012912,U112675,2024-05-18 06:43:46,Tier 3,777777,2650,2830,180,0,Fashion,CoD,Morning,Android,6.4.0,Marketplace_3P,West,4.5,1,690,8,1,0.125,10300,4,1,False,Returning,False
ORD1444829,U200065,2024-05-18 07:15:39,Tier 3,283723,2470,2940,470,0,Fashion,CoD,Morning,Android,6.3.1,Local_SmallSeller,Central,11.7,1,759,10,4,0.4,6730,6,4,False,Returning,False
ORD1269457,U106374,2024-05-18 09:47:46,Tier 3,138500,2760,3310,550,0,Footwear,CoD,Morning,Android,6.4.0,Local_SmallSeller,North,12.7,1,219,4,2,0.5,17370,3,2,False,Returning,False
ORD1186358,U154736,2024-05-18 12:08:40,Tier 2,528404,1680,2260,580,0,Footwear,CoD,Afternoon,Android,6.5.2,Marketplace_3P,Central,9.8,1,835,12,0,0.0,7360,5,0,False,Returning,False
ORD1304364,U169890,2024-05-18 15:49:31,Tier 3,693006,3890,5230,1340,0,Fashion,Prepaid,Afternoon,iOS,6.5.2,Marketplace_3P,West,17.9,1,1088,13,1,0.077,24400,11,1,False,Returning,False
ORD1097265,U109580,2024-05-18 19:35:47,Tier 2,676985,2660,2970,310,0,Home & Kitchen,Prepaid,Evening,Android,6.5.2,Local_SmallSeller,Central,11.5,2,737,6,0,0.0,5770,2,0,False,Returning,False
ORD1247219,U152379,2024-05-18 21:18:30,Tier 1,709399,7130,9280,2150,0,Mobiles,CoD,Evening,Android,6.5.2,Marketplace_3P,West,7.4,1,605,8,5,0.625,2610,2,2,False,Returning,False
ORD1181532,U131701,2024-05-18 22:23:19,Tier 1,841295,310,330,20,40,Books,CoD,Late_Night,Android,6.4.0,Flagship_1P,East,8.4,1,1413,18,9,0.5,28460,11,6,False,Returning,False
ORD1344733,U126267,2024-05-18 23:58:33,Tier 2,308830,1130,1300,170,0,Grocery,Prepaid,Late_Night,Android,6.2.0,Local_SmallSeller,West,10.1,1,272,7,2,0.286,12120,5,2,False,Returning,False
ORD1336740,U100128,2024-05-19 04:56:31,Tier 3,292718,2450,3290,840,0,Home & Kitchen,Prepaid,Late_Night,Android,7.0.0,Flagship_1P,East,45.7,1,862,21,10,0.476,14400,11,10,False,Returning,False
ORD1359781,U202628,2024-05-19 07:01:56,Tier 3,845168,19720,21670,1950,0,Appliances,CoD,Morning,Android,6.5.2,Local_SmallSeller,East,11.7,3,1466,20,4,0.2,20130,14,4,False,Returning,False
ORD1265594,U214121,2024-05-19 09:33:39,Tier 3,605184,6380,7980,1600,0,Mobiles,CoD,Morning,Android,6.3.1,Marketplace_3P,South,36.0,3,1239,13,2,0.154,37080,10,2,False,Returning,False
ORD1219261,U210537,2024-05-19 09:38:39,Tier 1,381446,2990,3540,550,0,Fashion,CoD,Morning,Android,6.2.0,Marketplace_3P,North,4.4,3,18,1,0,0.0,5690,1,0,True,New,False
ORD1199136,U210959,2024-05-19 10:04:46,Tier 1,300156,16070,16820,750,0,Appliances,Prepaid,Morning,Android,6.4.0,Marketplace_3P,East,9.2,1,1013,11,0,0.0,36780,7,0,False,Returning,False
ORD1033309,U176458,2024-05-19 11:30:29,Tier 3,265744,6960,7780,820,0,Mobiles,CoD,Morning,iOS,7.0.0,Marketplace_3P,West,12.3,2,586,7,2,0.286,4290,6,2,False,Returning,False
ORD1311731,U204132,2024-05-19 12:47:13,Tier 2,734695,1280,1520,240,0,Footwear,CoD,Afternoon,Android,6.3.1,Flagship_1P,Central,5.7,1,360,12,5,0.417,6800,2,2,False,Returning,False
ORD1211421,U100906,2024-05-19 14:14:15,Tier 1,822479,1320,1720,400,0,Footwear,Prepaid,Afternoon,Android,6.4.0,Local_SmallSeller,South,6.5,1,617,7,2,0.286,13430,6,2,False,Returning,False
ORD1369355,U140515,2024-05-19 16:07:59,Tier 1,357258,3320,4220,900,0,Electronics,CoD,Afternoon,Android,7.0.0,Marketplace_3P,North,20.3,1,675,5,0,0.0,1610,2,0,False,Returning,False
ORD1204452,U171317,2024-05-19 17:15:31,Tier 1,842515,740,950,210,0,Fashion,Prepaid,Evening,Android,6.4.0,Marketplace_3P,Central,2.5,2,180,1,1,1.0,760,1,1,True,New,False
ORD1361750,U192426,2024-05-19 17:56:33,Tier 3,686113,17200,21980,4780,0,Mobiles,CoD,Evening,iOS,6.3.1,Marketplace_3P,East,43.4,1,692,6,1,0.167,11720,5,1,False,Returning,False
ORD1179749,U204759,2024-05-19 18:10:12,Tier 3,136365,25110,28800,3690,0,Mobiles,Prepaid,Evening,Android,6.4.0,Marketplace_3P,North,15.6,1,533,8,0,0.0,11980,2,0,False,Returning,False
ORD1296453,U128443,2024-05-19 18:56:57,Tier 3,169116,14740,15350,610,0,Electronics,Prepaid,Evening,Android,6.5.2,Marketplace_3P,Central,24.0,1,380,3,1,0.333,12580,1,1,False,Returning,True
ORD1369629,U197245,2024-05-19 19:14:06,Tier 2,627579,1600,1770,170,0,Toys,CoD,Evening,Android,6.2.0,Marketplace_3P,West,3.7,1,797,8,0,0.0,5120,2,0,False,Returning,False
ORD1055908,U169323,2024-05-19 20:36:04,Tier 1,675934,320,360,40,0,Grocery,Prepaid,Evening,Android,6.3.1,Marketplace_3P,South,27.5,2,860,10,0,0.0,5610,5,0,False,Returning,False
ORD1350996,U214693,2024-05-19 20:42:25,Tier 1,565460,2250,2720,470,0,Electronics,Prepaid,Evening,Android,7.0.0,Local_SmallSeller,South,22.5,1,1489,21,1,0.048,11120,10,1,False,Returning,False
ORD1352308,U117637,2024-05-20 00:40:42,Tier 2,261549,530,630,100,0,Beauty,Prepaid,Late_Night,Android,6.2.0,Marketplace_3P,East,6.0,1,1098,12,4,0.333,16310,10,4,False,Returning,False
ORD1010040,U127095,2024-05-20 04:00:02,Tier 2,352577,530,700,170,0,Beauty,Prepaid,Late_Night,Android,6.5.2,Local_SmallSeller,North,8.3,1,169,1,1,1.0,1590,0,0,True,New,False
ORD1218484,U167619,2024-05-20 04:22:01,Tier 1,676186,540,560,20,0,Beauty,Prepaid,Late_Night,iOS,6.2.0,Marketplace_3P,South,13.5,2,483,4,0,0.0,11080,3,0,False,Returning,False
ORD1139756,U174183,2024-05-20 06:39:33,Tier 1,305733,520,690,170,0,Toys,Prepaid,Morning,Android,6.3.1,Marketplace_3P,West,4.6,2,1396,12,0,0.0,26940,9,0,False,Returning,False
ORD1364782,U169978,2024-05-20 07:09:42,Tier 1,478116,560,630,70,0,Toys,Prepaid,Morning,iOS,6.3.1,Marketplace_3P,East,1.4,1,1493,18,3,0.167,9360,6,3,False,Returning,False
ORD1318702,U144913,2024-05-20 08:06:39,Tier 3,599859,1040,1230,190,0,Beauty,CoD,Morning,Android,7.0.0,Marketplace_3P,North,10.6,1,1334,14,2,0.143,6940,11,2,False,Returning,False
ORD1045557,U195506,2024-05-20 08:42:20,Tier 1,702130,2710,2950,240,0,Footwear,Prepaid,Morning,Android,7.0.0,Flagship_1P,East,4.7,1,1039,16,0,0.0,33940,6,0,False,Returning,False
ORD1220391,U169230,2024-05-20 08:56:27,Tier 3,117246,1180,1530,350,0,Fashion,CoD,Morning,Android,6.3.1,Marketplace_3P,North,32.3,1,1473,19,3,0.158,62290,4,2,False,Returning,False
ORD1021147,U116848,2024-05-20 09:30:01,Tier 2,233405,730,900,170,0,Fashion,Prepaid,Morning,iOS,7.0.0,Marketplace_3P,West,5.5,1,514,8,1,0.125,23010,4,1,False,Returning,False
ORD1151289,U153472,2024-05-20 10:21:18,Tier 1,432315,310,380,70,40,Grocery,Prepaid,Morning,Android,6.4.0,Local_SmallSeller,West,8.9,1,1012,16,1,0.062,8210,12,1,False,Returning,False
ORD1038231,U146354,2024-05-20 15:43:37,Tier 1,296020,630,650,20,0,Grocery,CoD,Afternoon,Android,6.3.1,Marketplace_3P,West,2.5,1,524,6,1,0.167,3150,2,1,False,Returning,False
ORD1297963,U188638,2024-05-20 16:42:46,Tier 1,768541,3360,4120,760,0,Home & Kitchen,Prepaid,Afternoon,Android,6.2.0,Marketplace_3P,West,5.7,1,385,4,1,0.25,6050,1,1,False,Returning,False
ORD1494581,U184212,2024-05-20 16:51:20,Tier 2,198485,1130,1430,300,0,Fashion,Prepaid,Afternoon,Android,6.5.2,Flagship_1P,East,53.9,2,1356,20,1,0.05,8940,15,1,False,Returning,False
ORD1349236,U134589,2024-05-20 18:50:11,Tier 2,469235,950,1130,180,0,Beauty,Prepaid,Evening,iOS,6.5.2,Marketplace_3P,West,8.9,1,310,6,0,0.0,5140,3,0,False,Returning,False
ORD1488249,U130971,2024-05-20 19:55:29,Tier 2,844016,8050,9330,1280,0,Electronics,CoD,Evening,iOS,7.0.0,Marketplace_3P,North,9.4,1,465,8,1,0.125,2310,7,1,False,Returning,False
ORD1011168,U179506,2024-05-20 22:08:30,Tier 1,759899,3610,3790,180,0,Home & Kitchen,Prepaid,Late_Night,Android,6.4.0,Marketplace_3P,South,16.4,1,124,3,0,0.0,6150,2,0,False,Returning,False
ORD1226392,U214961,2024-05-21 00:05:29,Tier 1,377116,6840,7120,280,0,Electronics,CoD,Late_Night,iOS,6.5.2,Flagship_1P,Central,7.2,1,1404,17,3,0.176,21550,4,3,False,Returning,False
ORD1387523,U190460,2024-05-21 00:25:06,Tier 3,347318,1100,1310,210,0,Home & Kitchen,CoD,Late_Night,Android,6.4.0,Flagship_1P,Central,25.0,1,717,11,2,0.182,7930,6,2,False,Returning,False
ORD1080191,U147065,2024-05-21 00:46:27,Tier 3,213366,390,500,110,0,Beauty,CoD,Late_Night,Android,6.4.0,Marketplace_3P,North,7.9,2,350,3,1,0.333,4720,2,1,False,Returning,False
ORD1062844,U125280,2024-05-21 03:04:58,Tier 3,254716,12800,16250,3450,0,Electronics,CoD,Late_Night,Android,6.5.2,Local_SmallSeller,West,21.8,1,854,7,3,0.429,22030,5,3,False,Returning,True
ORD1089590,U185546,2024-05-21 04:46:22,Tier 2,366362,510,610,100,0,Footwear,CoD,Late_Night,Android,6.2.0,Marketplace_3P,South,5.1,1,1419,18,5,0.278,16440,10,5,False,Returning,False
ORD1214309,U218958,2024-05-21 05:55:19,Tier 3,548473,930,1020,90,0,Fashion,CoD,Morning,iOS,6.3.1,Marketplace_3P,North,22.0,1,1094,17,2,0.118,41590,4,2,False,Returning,False
ORD1201569,U116778,2024-05-21 08:12:04,Tier 1,561889,930,1220,290,0,Beauty,Prepaid,Morning,iOS,7.0.0,Marketplace_3P,East,5.8,3,849,12,2,0.167,18180,9,2,False,Returning,False
ORD1098866,U169670,2024-05-21 10:26:46,Tier 2,645825,1280,1480,200,0,Fashion,Prepaid,Morning,Android,6.4.0,Marketplace_3P,East,7.7,1,832,7,4,0.571,19190,5,3,False,Returning,False
ORD1428403,U153583,2024-05-21 11:47:40,Tier 2,181118,940,970,30,0,Beauty,Prepaid,Morning,Android,6.5.2,Marketplace_3P,East,34.5,3,452,7,1,0.143,13910,5,1,False,Returning,False
ORD1149490,U145271,2024-05-21 12:30:34,Tier 2,513004,460,500,40,60,Grocery,CoD,Afternoon,iOS,7.0.0,Marketplace_3P,West,8.1,2,956,9,3,0.333,17120,6,3,False,Returning,False
ORD1426117,U177212,2024-05-21 13:49:46,Tier 2,367362,10170,12960,2790,0,Electronics,CoD,Afternoon,Android,7.0.0,Local_SmallSeller,Central,7.0,1,1273,14,3,0.214,4820,10,3,False,Returning,False
ORD1478889,U178151,2024-05-21 13:52:22,Tier 1,416391,8110,9140,1030,0,Electronics,Prepaid,Afternoon,Android,6.5.2,Marketplace_3P,West,2.8,1,1222,12,0,0.0,38940,7,0,False,Returning,False
ORD1100399,U109765,2024-05-21 15:30:07,Tier 1,502557,23180,31080,7900,0,Mobiles,CoD,Afternoon,Android,6.5.2,Marketplace_3P,West,8.5,1,533,4,0,0.0,3920,3,0,False,Returning,False
ORD1266561,U145763,2024-05-21 15:42:49,Tier 3,155877,2260,2720,460,0,Footwear,CoD,Afternoon,iOS,6.4.0,Flagship_1P,North,11.3,1,1445,22,3,0.136,20670,18,3,False,Returning,False
ORD1417784,U213849,2024-05-21 16:07:31,Tier 1,167852,8200,9500,1300,0,Home & Kitchen,CoD,Afternoon,Android,6.4.0,Marketplace_3P,North,6.7,1,823,13,4,0.308,17930,10,4,False,Returning,False
ORD1419145,U105346,2024-05-21 19:26:35,Tier 1,184609,4050,4630,580,0,Home & Kitchen,Prepaid,Evening,Android,6.4.0,Local_SmallSeller,East,4.2,1,747,8,1,0.125,4330,4,1,False,Returning,False
ORD1135141,U143514,2024-05-21 20:27:25,Tier 2,423052,1260,1360,100,0,Footwear,Prepaid,Evening,Android,6.4.0,Marketplace_3P,South,6.3,1,728,4,1,0.25,6660,1,1,False,Returning,False
ORD1191922,U169161,2024-05-21 20:50:18,Tier 1,514792,2450,2540,90,0,Fashion,Prepaid,Evening,Android,6.2.0,Local_SmallSeller,South,6.4,1,925,12,8,0.667,5380,5,4,False,Returning,False
ORD1153177,U107992,2024-05-21 21:34:27,Tier 2,399329,1380,1480,100,0,Grocery,Prepaid,Evening,iOS,7.0.0,Flagship_1P,West,8.1,1,143,2,0,0.0,2550,2,0,False,Returning,False
ORD1241090,U163050,2024-05-22 02:29:17,Tier 3,321902,710,880,170,0,Home & Kitchen,CoD,Late_Night,Android,6.3.1,Local_SmallSeller,East,27.8,1,836,15,2,0.133,27060,13,2,False,Returning,True
ORD1233209,U149190,2024-05-22 02:47:26,Tier 2,737155,1470,1900,430,0,Home & Kitchen,CoD,Late_Night,Android,6.4.0,Marketplace_3P,West,12.9,1,1009,16,3,0.188,28430,11,3,False,Returning,False
ORD1427219,U154770,2024-05-22 03:58:19,Tier 3,738557,1660,1770,110,0,Footwear,CoD,Late_Night,Android,7.0.0,Marketplace_3P,South,30.2,1,194,4,0,0.0,14220,1,0,False,Returning,False
ORD1299254,U158068,2024-05-22 04:19:41,Tier 1,794672,1210,1580,370,0,Fashion,CoD,Late_Night,Android,6.2.0,Local_SmallSeller,South,2.5,1,911,12,4,0.333,17300,4,4,False,Returning,True
ORD1465894,U169084,2024-05-22 05:57:17,Tier 1,604560,1100,1340,240,0,Beauty,CoD,Morning,Android,6.5.2,Marketplace_3P,South,8.5,2,1409,16,2,0.125,62020,5,2,False,Returning,False
ORD1206280,U172271,2024-05-22 07:38:15,Tier 1,600838,360,460,100,60,Grocery,Prepaid,Morning,Android,6.3.1,Local_SmallSeller,East,7.1,1,1319,17,7,0.412,26760,7,5,False,Returning,False
ORD1064189,U215618,2024-05-22 10:01:45,Tier 2,125733,5510,6850,1340,0,Electronics,CoD,Morning,Android,7.0.0,Marketplace_3P,Central,3.0,1,146,2,0,0.0,1140,2,0,False,Returning,False
ORD1479736,U113872,2024-05-22 15:12:59,Tier 2,328592,3390,4110,720,0,Electronics,CoD,Afternoon,iOS,6.4.0,Marketplace_3P,West,17.9,1,1358,17,1,0.059,17990,12,1,False,Returning,False
ORD1109533,U200572,2024-05-22 18:48:58,Tier 1,819799,10060,13400,3340,0,Electronics,Prepaid,Evening,Android,7.0.0,Marketplace_3P,East,2.1,1,231,3,2,0.667,4080,1,1,False,Returning,False
ORD1069776,U112950,2024-05-22 21:38:48,Tier 2,627266,540,710,170,0,Grocery,CoD,Evening,Android,6.3.1,Marketplace_3P,Central,7.0,1,69,2,0,0.0,1750,0,0,False,Returning,False
ORD1357833,U173004,2024-05-23 00:16:26,Tier 2,334764,890,1030,140,0,Fashion,CoD,Late_Night,Android,6.4.0,Local_SmallSeller,North,35.9,3,154,4,0,0.0,14880,2,0,False,Returning,False
ORD1391685,U184056,2024-05-23 00:34:56,Tier 3,296514,1550,1950,400,0,Footwear,CoD,Late_Night,Android,7.0.0,Marketplace_3P,North,17.6,1,479,5,0,0.0,8930,4,0,False,Returning,False
ORD1136075,U195203,2024-05-23 00:39:22,Tier 2,114512,2960,3870,910,0,Fashion,Prepaid,Late_Night,Android,6.5.2,Marketplace_3P,South,1.6,1,21,1,0,0.0,170,0,0,True,New,False
ORD1484661,U124500,2024-05-23 02:13:17,Tier 1,405769,820,880,60,0,Home & Kitchen,Prepaid,Late_Night,Android,7.0.0,Marketplace_3P,South,5.3,1,129,1,0,0.0,3590,1,0,True,New,False
ORD1476992,U145253,2024-05-23 03:12:16,Tier 1,434801,350,360,10,0,Grocery,Prepaid,Late_Night,Android,6.3.1,Marketplace_3P,South,6.2,1,247,3,1,0.333,4690,2,1,False,Returning,False
ORD1383735,U138690,2024-05-23 03:24:57,Tier 1,457186,2780,3340,560,0,Home & Kitchen,Prepaid,Late_Night,iOS,6.4.0,Marketplace_3P,East,4.5,1,652,7,3,0.429,490,4,3,False,Returning,False
ORD1383595,U114345,2024-05-23 03:52:32,Tier 1,808313,400,510,110,0,Toys,Prepaid,Late_Night,Android,6.2.0,Flagship_1P,West,3.4,2,283,3,0,0.0,7310,1,0,False,Returning,False
ORD1134025,U192702,2024-05-23 11:43:59,Tier 2,629904,3280,3290,10,0,Home & Kitchen,CoD,Morning,Android,6.4.0,Flagship_1P,West,26.5,2,1487,16,2,0.125,23170,7,2,False,Returning,False
ORD1014702,U175921,2024-05-23 13:04:33,Tier 2,401678,2460,2780,320,0,Footwear,Prepaid,Afternoon,Android,7.0.0,Marketplace_3P,North,5.5,1,103,1,0,0.0,4530,1,0,True,New,False
ORD1212586,U176222,2024-05-23 15:43:23,Tier 1,169558,2720,3540,820,0,Fashion,Prepaid,Afternoon,Android,6.4.0,Marketplace_3P,East,2.1,1,897,9,1,0.111,20770,8,1,False,Returning,False
ORD1174419,U191003,2024-05-23 19:11:14,Tier 1,638830,1300,1440,140,0,Footwear,Prepaid,Evening,Android,7.0.0,Marketplace_3P,North,7.7,2,16,1,0,0.0,2900,1,0,True,New,False
ORD1002749,U163949,2024-05-23 19:13:27,Tier 1,550925,1910,2240,330,0,Home & Kitchen,CoD,Evening,Android,7.0.0,Marketplace_3P,North,5.1,1,1125,14,2,0.143,29210,7,2,False,Returning,False
ORD1384149,U167107,2024-05-23 22:03:18,Tier 2,253716,4450,4730,280,0,Home & Kitchen,CoD,Late_Night,Android,6.4.0,Flagship_1P,West,11.5,1,591,7,0,0.0,2200,1,0,False,Returning,False
ORD1327375,U164076,2024-05-23 23:44:07,Tier 2,684760,1450,1800,350,0,Fashion,Prepaid,Late_Night,Android,6.4.0,Local_SmallSeller,West,11.6,1,1021,10,2,0.2,5360,5,2,False,Returning,False
ORD1474153,U183923,2024-05-24 00:32:13,Tier 2,248139,310,380,70,60,Books,CoD,Late_Night,iOS,6.3.1,Flagship_1P,West,12.6,1,398,6,1,0.167,5080,3,1,False,Returning,False
ORD1076776,U150727,2024-05-24 00:54:54,Tier 2,199722,2040,2200,160,0,Home & Kitchen,Prepaid,Late_Night,Android,6.5.2,Flagship_1P,East,7.9,1,1151,11,7,0.636,3230,8,7,False,Returning,True
ORD1431178,U164358,2024-05-24 04:20:21,Tier 2,551259,1210,1260,50,0,Toys,Prepaid,Late_Night,Android,7.0.0,Marketplace_3P,Central,9.7,1,1446,13,2,0.154,19260,11,2,False,Returning,False
ORD1121956,U105403,2024-05-24 04:23:48,Tier 3,793641,4380,5840,1460,0,Electronics,Prepaid,Late_Night,Android,6.2.0,Marketplace_3P,East,40.4,1,799,7,1,0.143,21200,4,1,False,Returning,False
ORD1320604,U200082,2024-05-24 04:33:37,Tier 3,347498,31620,42480,10860,0,Mobiles,CoD,Late_Night,Android,7.0.0,Marketplace_3P,South,14.0,2,1395,11,0,0.0,64280,8,0,False,Returning,False
ORD1325045,U115301,2024-05-24 06:12:40,Tier 2,483774,3340,3900,560,0,Footwear,CoD,Morning,Android,7.0.0,Marketplace_3P,South,9.1,1,1263,13,2,0.154,36590,5,2,False,Returning,False
ORD1382523,U164048,2024-05-24 08:06:16,Tier 2,116610,6160,7970,1810,0,Electronics,CoD,Morning,Android,6.2.0,Local_SmallSeller,East,23.3,2,676,11,4,0.364,4510,9,4,False,Returning,True
ORD1094311,U123364,2024-05-24 09:38:08,Tier 3,149393,3220,3850,630,0,Home & Kitchen,Prepaid,Morning,Android,6.5.2,Marketplace_3P,East,19.3,1,1301,14,5,0.357,19660,9,5,False,Returning,False
ORD1233375,U171019,2024-05-24 14:21:13,Tier 1,741705,1130,1520,390,0,Toys,CoD,Afternoon,Android,7.0.0,Marketplace_3P,Central,11.5,1,1054,16,5,0.312,33450,7,5,False,Returning,False
ORD1369294,U209672,2024-05-24 17:06:27,Tier 1,295021,200,220,20,0,Grocery,Prepaid,Evening,Android,7.0.0,Local_SmallSeller,North,12.8,3,1438,11,1,0.091,19540,6,1,False,Returning,False
ORD1012144,U133914,2024-05-24 17:17:19,Tier 3,531046,1530,1940,410,0,Home & Kitchen,CoD,Evening,Android,6.3.1,Marketplace_3P,Central,2.5,2,711,10,1,0.1,9320,5,1,False,Returning,False
ORD1045719,U196714,2024-05-24 19:15:13,Tier 1,624160,1340,1620,280,0,Fashion,CoD,Evening,Android,7.0.0,Marketplace_3P,South,9.9,1,895,10,0,0.0,6170,6,0,False,Returning,False
ORD1414019,U105672,2024-05-24 19:55:44,Tier 3,146083,1800,2390,590,0,Fashion,Prepaid,Evening,Android,6.2.0,Marketplace_3P,South,33.5,1,1429,22,5,0.227,22400,16,5,False,Returning,False
ORD1186273,U145873,2024-05-24 20:11:40,Tier 2,564670,690,920,230,0,Toys,CoD,Evening,Android,6.3.1,Marketplace_3P,West,5.3,1,714,5,0,0.0,10350,3,0,False,Returning,False
ORD1483622,U166425,2024-05-24 21:34:12,Tier 2,603090,410,480,70,40,Grocery,CoD,Evening,iOS,6.4.0,Local_SmallSeller,East,12.2,2,1,1,0,0.0,2260,1,0,True,New,False
ORD1059055,U158369,2024-05-24 21:45:48,Tier 1,357738,1230,1280,50,0,Toys,CoD,Evening,Android,6.3.1,Flagship_1P,South,7.9,1,167,2,0,0.0,4930,1,0,False,Returning,False
ORD1373787,U155236,2024-05-25 01:11:59,Tier 1,588340,8850,11150,2300,0,Electronics,Prepaid,Late_Night,iOS,6.4.0,Local_SmallSeller,South,10.2,1,61,1,0,0.0,190,1,0,True,New,False
ORD1391391,U185774,2024-05-25 02:26:47,Tier 1,444706,2710,2850,140,0,Home & Kitchen,Prepaid,Late_Night,Android,6.5.2,Marketplace_3P,South,15.0,1,483,5,1,0.2,4140,3,1,False,Returning,False
ORD1368668,U125000,2024-05-25 02:42:24,Tier 3,683002,2760,3600,840,0,Home & Kitchen,Prepaid,Late_Night,Android,6.2.0,Marketplace_3P,North,21.7,1,1104,9,0,0.0,6090,2,0,False,Returning,False
ORD1134191,U106374,2024-05-25 04:36:47,Tier 3,750247,12690,13820,1130,0,Appliances,CoD,Late_Night,Android,6.2.0,Marketplace_3P,South,11.1,1,219,4,2,0.5,17370,3,2,False,Returning,True
ORD1283407,U212752,2024-05-25 08:54:27,Tier 2,435510,530,560,30,0,Books,Prepaid,Morning,iOS,6.3.1,Marketplace_3P,South,32.2,1,1387,18,10,0.556,13330,6,4,False,Returning,False
ORD1028800,U144654,2024-05-25 13:20:22,Tier 3,573225,7850,9890,2040,0,Appliances,CoD,Afternoon,Android,6.3.1,Marketplace_3P,South,12.8,2,1313,16,2,0.125,49770,4,2,False,Returning,False
ORD1108840,U142780,2024-05-25 13:24:28,Tier 1,336204,2840,3330,490,0,Fashion,Prepaid,Afternoon,Android,6.3.1,Local_SmallSeller,South,6.3,1,465,5,3,0.6,11260,4,3,False,Returning,False
ORD1225389,U103214,2024-05-25 16:43:46,Tier 3,691939,2530,3340,810,0,Home & Kitchen,CoD,Afternoon,Android,6.3.1,Marketplace_3P,North,8.3,2,842,11,6,0.545,4240,4,3,False,Returning,False
ORD1028964,U119177,2024-05-25 17:33:34,Tier 2,553990,14900,15490,590,0,Mobiles,CoD,Evening,Android,7.0.0,Marketplace_3P,South,24.4,1,1497,18,3,0.167,61280,11,3,False,Returning,False
ORD1478156,U211028,2024-05-25 18:12:33,Tier 2,368913,1180,1480,300,0,Beauty,Prepaid,Evening,Android,7.0.0,Local_SmallSeller,West,5.6,1,151,3,0,0.0,7470,3,0,False,Returning,False
ORD1217984,U171999,2024-05-25 18:42:56,Tier 2,430613,1880,2050,170,0,Beauty,CoD,Evening,Android,6.2.0,Marketplace_3P,North,2.7,1,1380,15,2,0.133,24220,12,2,False,Returning,False
ORD1072157,U193110,2024-05-25 18:47:57,Tier 2,427492,960,1090,130,0,Grocery,Prepaid,Evening,Android,6.4.0,Local_SmallSeller,Central,3.3,1,859,12,3,0.25,3150,5,3,False,Returning,False
ORD1281074,U184478,2024-05-25 23:25:40,Tier 1,459921,360,360,0,40,Beauty,Prepaid,Late_Night,Android,6.5.2,Flagship_1P,South,14.1,1,252,3,0,0.0,7700,1,0,False,Returning,False
ORD1070222,U207974,2024-05-26 00:14:17,Tier 2,261655,10310,11970,1660,0,Mobiles,Prepaid,Late_Night,Android,7.0.0,Marketplace_3P,East,3.0,1,38,1,0,0.0,1610,1,0,True,New,False
ORD1036592,U173788,2024-05-26 01:23:18,Tier 1,241694,7420,8630,1210,0,Mobiles,CoD,Late_Night,Android,6.5.2,Marketplace_3P,North,2.0,1,982,13,0,0.0,25130,8,0,False,Returning,False
ORD1489222,U161983,2024-05-26 03:03:06,Tier 2,801057,940,1160,220,0,Grocery,CoD,Late_Night,Android,6.3.1,Marketplace_3P,South,4.3,1,510,5,2,0.4,7030,3,2,False,Returning,False
ORD1143333,U131748,2024-05-26 03:04:57,Tier 1,619030,2470,3100,630,0,Home & Kitchen,Prepaid,Late_Night,Android,6.4.0,Marketplace_3P,West,6.1,1,1448,18,8,0.444,14340,15,8,False,Returning,False
ORD1296815,U104787,2024-05-26 04:00:31,Tier 3,485012,3470,3780,310,0,Home & Kitchen,CoD,Late_Night,iOS,6.3.1,Marketplace_3P,West,32.3,1,17,1,0,0.0,1630,0,0,True,New,False
ORD1180111,U106797,2024-05-26 06:42:55,Tier 1,158878,19670,22230,2560,0,Appliances,Prepaid,Morning,Android,6.3.1,Marketplace_3P,Central,19.3,3,1038,13,1,0.077,32070,8,1,False,Returning,False
ORD1363150,U101121,2024-05-26 07:05:53,Tier 2,380337,470,610,140,60,Books,CoD,Morning,Android,6.2.0,Marketplace_3P,West,8.0,1,127,1,0,0.0,1380,1,0,True,New,False
ORD1004878,U153434,2024-05-26 08:35:42,Tier 2,601001,750,930,180,0,Toys,Prepaid,Morning,Android,6.5.2,Marketplace_3P,East,14.6,1,4,1,0,0.0,360,0,0,True,New,False
ORD1169091,U151791,2024-05-26 08:47:47,Tier 1,670309,1790,2050,260,0,Grocery,Prepaid,Morning,iOS,6.3.1,Local_SmallSeller,East,8.5,2,105,2,0,0.0,3770,1,0,False,Returning,False
ORD1437835,U214722,2024-05-26 09:47:11,Tier 2,409871,400,420,20,40,Books,Prepaid,Morning,Android,6.2.0,Marketplace_3P,South,9.0,2,1170,16,5,0.312,15920,3,2,False,Returning,False
ORD1067290,U186434,2024-05-26 09:51:51,Tier 3,539872,1320,1390,70,0,Toys,CoD,Morning,Android,6.5.2,Marketplace_3P,East,12.1,1,870,13,1,0.077,24170,5,1,False,Returning,False
ORD1259567,U102648,2024-05-26 10:23:28,Tier 3,721292,1170,1360,190,0,Toys,CoD,Morning,Android,7.0.0,Local_SmallSeller,South,13.1,1,1404,20,3,0.15,57160,15,3,False,Returning,False
ORD1241718,U129050,2024-05-26 10:49:49,Tier 3,709466,9120,11530,2410,0,Appliances,CoD,Morning,iOS,6.4.0,Marketplace_3P,South,6.3,1,942,12,5,0.417,32640,8,5,False,Returning,False
ORD1199636,U155522,2024-05-26 11:14:23,Tier 2,204684,420,490,70,40,Fashion,CoD,Morning,Android,6.5.2,Marketplace_3P,Central,3.1,2,496,5,1,0.2,12670,1,1,False,Returning,False
ORD1206102,U168012,2024-05-26 12:31:47,Tier 1,329011,360,380,20,0,Grocery,CoD,Afternoon,Android,6.5.2,Local_SmallSeller,West,3.8,3,49,1,1,1.0,1380,1,1,True,New,False
ORD1279044,U129036,2024-05-26 13:29:39,Tier 3,394912,2100,2650,550,0,Home & Kitchen,Prepaid,Afternoon,Android,7.0.0,Marketplace_3P,North,11.7,2,134,1,0,0.0,4440,0,0,True,New,False
ORD1400606,U190882,2024-05-26 13:36:52,Tier 3,400170,560,620,60,0,Fashion,Prepaid,Afternoon,Android,7.0.0,Marketplace_3P,South,28.9,1,839,7,1,0.143,21400,3,1,False,Returning,False
ORD1077112,U153092,2024-05-26 14:03:25,Tier 3,373221,790,1020,230,0,Fashion,CoD,Afternoon,Android,6.2.0,Local_SmallSeller,South,17.6,1,459,4,2,0.5,3000,1,1,False,Returning,False
ORD1023100,U204948,2024-05-26 16:36:49,Tier 2,442671,2070,2600,530,0,Home & Kitchen,Prepaid,Afternoon,Android,6.3.1,Marketplace_3P,West,11.8,1,1009,14,2,0.143,39910,11,2,False,Returning,False
ORD1429224,U101563,2024-05-26 17:29:56,Tier 3,429190,3990,5310,1320,0,Electronics,Prepaid,Evening,iOS,6.5.2,Marketplace_3P,South,9.4,1,1378,10,0,0.0,2920,3,0,False,Returning,True
ORD1438849,U198777,2024-05-26 21:13:44,Tier 3,299467,550,640,90,0,Home & Kitchen,CoD,Evening,Android,6.5.2,Flagship_1P,South,44.1,3,651,7,0,0.0,23450,3,0,False,Returning,False
ORD1234843,U143324,2024-05-27 01:49:10,Tier 1,299483,9510,10590,1080,0,Mobiles,CoD,Late_Night,iOS,6.4.0,Marketplace_3P,Central,4.5,1,894,12,1,0.083,12160,4,1,False,Returning,False
ORD1205592,U131178,2024-05-27 05:14:32,Tier 2,444612,860,940,80,0,Footwear,Prepaid,Morning,Android,6.5.2,Marketplace_3P,West,13.4,1,1196,8,2,0.25,7610,7,2,False,Returning,False
ORD1163043,U200128,2024-05-27 06:58:20,Tier 3,355071,470,520,50,40,Beauty,CoD,Morning,iOS,6.3.1,Marketplace_3P,West,21.9,1,745,13,5,0.385,260,5,3,False,Returning,False
ORD1365437,U191288,2024-05-27 07:30:57,Tier 2,303304,910,1210,300,0,Fashion,CoD,Morning,Android,6.3.1,Local_SmallSeller,Central,25.4,1,561,5,2,0.4,20980,2,1,False,Returning,True
ORD1145939,U180066,2024-05-27 07:33:28,Tier 1,648131,850,1000,150,0,Books,Prepaid,Morning,Android,6.3.1,Marketplace_3P,South,0.7,1,1323,14,4,0.286,41380,7,4,False,Returning,False
ORD1093506,U195526,2024-05-27 08:01:30,Tier 1,298565,1580,1990,410,0,Beauty,CoD,Morning,Android,6.5.2,Local_SmallSeller,South,7.8,2,1479,19,3,0.158,41930,5,3,False,Returning,False
ORD1235223,U103273,2024-05-27 15:04:00,Tier 2,659246,12700,16560,3860,0,Mobiles,CoD,Afternoon,Android,7.0.0,Marketplace_3P,South,18.5,2,605,8,1,0.125,14570,6,1,False,Returning,False
ORD1472032,U142773,2024-05-27 16:44:13,Tier 3,298135,350,430,80,40,Toys,CoD,Afternoon,Android,6.3.1,Local_SmallSeller,South,78.8,1,730,12,3,0.25,19870,4,3,False,Returning,True
ORD1382571,U194387,2024-05-27 17:51:34,Tier 2,672878,190,190,0,40,Books,CoD,Evening,Android,6.5.2,Local_SmallSeller,Central,5.1,1,455,5,0,0.0,11060,2,0,False,Returning,False
ORD1276350,U204703,2024-05-27 19:09:17,Tier 3,149916,2270,2660,390,0,Footwear,CoD,Evening,Android,6.3.1,Marketplace_3P,North,42.7,1,134,2,1,0.5,1490,1,1,False,Returning,True
ORD1347825,U209702,2024-05-27 22:45:58,Tier 3,770067,2140,2540,400,0,Footwear,CoD,Late_Night,Android,6.2.0,Local_SmallSeller,West,16.2,2,958,12,3,0.25,24700,9,3,False,Returning,False
ORD1443408,U160654,2024-05-27 23:08:01,Tier 3,840244,20730,27880,7150,0,Mobiles,Prepaid,Late_Night,Android,6.3.1,Local_SmallSeller,North,19.9,1,799,10,0,0.0,38390,5,0,False,Returning,False
ORD1328208,U148380,2024-05-28 03:26:28,Tier 3,694422,8650,10360,1710,0,Electronics,Prepaid,Late_Night,iOS,7.0.0,Marketplace_3P,East,25.9,2,1152,16,0,0.0,60270,5,0,False,Returning,True
ORD1020369,U195918,2024-05-28 03:39:11,Tier 1,309262,1770,1820,50,0,Fashion,CoD,Late_Night,Android,6.2.0,Flagship_1P,South,11.3,1,487,7,1,0.143,14370,4,1,False,Returning,False
ORD1245035,U197892,2024-05-28 04:10:41,Tier 2,531340,780,920,140,0,Toys,Prepaid,Late_Night,Android,6.3.1,Marketplace_3P,North,25.2,1,691,15,4,0.267,26520,13,4,False,Returning,True
ORD1391719,U115201,2024-05-28 07:49:18,Tier 1,742715,3160,3270,110,0,Fashion,Prepaid,Morning,iOS,6.3.1,Marketplace_3P,East,6.9,2,153,1,0,0.0,770,1,0,True,New,False
ORD1248642,U132100,2024-05-28 09:08:50,Tier 1,835831,2130,2250,120,0,Home & Kitchen,Prepaid,Morning,Android,7.0.0,Flagship_1P,East,23.0,1,1077,9,1,0.111,13710,8,1,False,Returning,False
ORD1052455,U202476,2024-05-28 09:16:14,Tier 2,322290,770,940,170,0,Beauty,Prepaid,Morning,Android,6.3.1,Local_SmallSeller,South,24.4,1,822,8,1,0.125,9260,4,1,False,Returning,False
ORD1296909,U213596,2024-05-28 10:31:30,Tier 2,700608,980,1100,120,0,Fashion,Prepaid,Morning,Android,6.3.1,Marketplace_3P,Central,4.9,1,1363,8,3,0.375,4840,6,3,False,Returning,False
ORD1275594,U112837,2024-05-28 12:07:54,Tier 2,226976,560,590,30,0,Toys,Prepaid,Afternoon,iOS,7.0.0,Marketplace_3P,Central,20.6,3,921,8,0,0.0,24830,3,0,False,Returning,False
ORD1460720,U104855,2024-05-28 12:47:30,Tier 2,706530,690,740,50,0,Toys,CoD,Afternoon,Android,6.5.2,Flagship_1P,West,31.3,2,1038,12,1,0.083,26100,11,1,False,Returning,False
ORD1045270,U146286,2024-05-28 13:05:45,Tier 1,816072,1090,1290,200,0,Footwear,Prepaid,Afternoon,Android,6.5.2,Marketplace_3P,South,10.6,1,714,16,0,0.0,47940,10,0,False,Returning,False
ORD1023254,U161771,2024-05-28 15:55:17,Tier 1,205765,2820,2910,90,0,Home & Kitchen,Prepaid,Afternoon,Android,6.3.1,Flagship_1P,South,4.8,1,1398,10,1,0.1,9440,8,1,False,Returning,False
ORD1366781,U162597,2024-05-28 18:32:33,Tier 1,516346,1600,1630,30,0,Fashion,Prepaid,Evening,Android,7.0.0,Local_SmallSeller,South,12.1,1,472,5,2,0.4,8710,3,2,False,Returning,False
ORD1296093,U160805,2024-05-28 18:58:54,Tier 2,347343,3350,3790,440,0,Electronics,Prepaid,Evening,Android,6.2.0,Marketplace_3P,West,36.1,2,519,11,3,0.273,8710,3,3,False,Returning,False
ORD1460959,U171629,2024-05-28 20:00:56,Tier 2,569688,720,830,110,0,Beauty,CoD,Evening,Android,6.3.1,Marketplace_3P,West,22.5,1,283,3,0,0.0,7800,1,0,False,Returning,False
ORD1329629,U194020,2024-05-28 23:07:52,Tier 2,353289,630,840,210,0,Books,Prepaid,Late_Night,Android,6.5.2,Marketplace_3P,East,13.9,1,764,11,3,0.273,10920,8,3,False,Returning,False
ORD1081735,U137993,2024-05-28 23:08:26,Tier 3,695430,28330,29810,1480,0,Appliances,CoD,Late_Night,Android,6.3.1,Flagship_1P,West,12.1,3,1051,14,4,0.286,22680,7,4,False,Returning,True
ORD1392862,U130152,2024-05-28 23:38:30,Tier 3,380157,3160,4090,930,0,Fashion,CoD,Late_Night,Android,7.0.0,Local_SmallSeller,North,9.7,2,845,11,2,0.182,27240,5,2,False,Returning,False
ORD1195052,U178125,2024-05-29 00:19:05,Tier 3,702578,6730,7370,640,0,Electronics,Prepaid,Late_Night,iOS,6.5.2,Marketplace_3P,Central,11.9,2,1135,12,2,0.167,26290,8,2,False,Returning,False
ORD1075444,U155691,2024-05-29 01:47:45,Tier 1,515400,4860,6120,1260,0,Footwear,Prepaid,Late_Night,Android,6.2.0,Marketplace_3P,East,4.3,3,1382,22,12,0.545,27310,11,6,False,Returning,False
ORD1180521,U197747,2024-05-29 03:09:06,Tier 2,775145,2250,2460,210,0,Appliances,Prepaid,Late_Night,Android,6.3.1,Marketplace_3P,South,1.3,2,99,3,0,0.0,9330,1,0,False,Returning,False
ORD1207434,U138006,2024-05-29 04:06:02,Tier 1,504787,2670,3040,370,0,Home & Kitchen,Prepaid,Late_Night,iOS,6.3.1,Local_SmallSeller,Central,9.6,1,422,9,0,0.0,7610,2,0,False,Returning,False
ORD1198033,U195799,2024-05-29 11:29:11,Tier 1,755604,10500,13120,2620,0,Electronics,Prepaid,Morning,Android,7.0.0,Marketplace_3P,West,6.0,1,434,3,0,0.0,3960,1,0,False,Returning,False
ORD1265313,U151550,2024-05-29 15:54:15,Tier 2,357491,5400,5810,410,0,Electronics,Prepaid,Afternoon,iOS,6.5.2,Marketplace_3P,Central,11.6,3,1015,10,7,0.7,2450,8,5,False,Returning,False
ORD1232968,U136117,2024-05-29 16:08:47,Tier 1,296244,5370,6710,1340,0,Appliances,CoD,Afternoon,Android,6.3.1,Marketplace_3P,South,1.5,1,1255,16,7,0.438,10390,10,7,False,Returning,False
ORD1471099,U116758,2024-05-29 19:31:47,Tier 3,242512,1440,1630,190,0,Home & Kitchen,Prepaid,Evening,Android,6.3.1,Local_SmallSeller,Central,8.3,1,635,8,0,0.0,50340,7,0,False,Returning,False
ORD1189364,U216415,2024-05-29 23:52:23,Tier 2,484679,600,800,200,0,Footwear,Prepaid,Late_Night,Android,6.5.2,Marketplace_3P,East,9.1,1,396,4,2,0.5,2610,3,2,False,Returning,False
ORD1152606,U194546,2024-05-30 01:17:01,Tier 2,140492,2960,3080,120,0,Fashion,CoD,Late_Night,Android,6.4.0,Flagship_1P,Central,16.3,3,1462,19,6,0.316,37690,13,6,False,Returning,False
ORD1001950,U154057,2024-05-30 02:47:09,Tier 2,411400,1870,2250,380,0,Fashion,Prepaid,Late_Night,iOS,6.4.0,Local_SmallSeller,South,16.0,2,730,6,3,0.5,14780,1,1,False,Returning,False
ORD1114281,U141505,2024-05-30 03:05:39,Tier 1,709492,3910,5270,1360,0,Home & Kitchen,Prepaid,Late_Night,iOS,6.3.1,Marketplace_3P,West,20.6,3,358,5,3,0.6,5540,1,1,False,Returning,False
ORD1078648,U137482,2024-05-30 03:14:08,Tier 2,233496,1580,2010,430,0,Fashion,CoD,Late_Night,Android,6.3.1,Marketplace_3P,West,7.3,1,43,2,0,0.0,2830,2,0,False,Returning,False
ORD1172026,U168733,2024-05-30 04:06:05,Tier 1,254800,640,730,90,0,Books,CoD,Late_Night,Android,6.4.0,Local_SmallSeller,West,4.5,1,1084,8,4,0.5,14340,5,4,False,Returning,False
ORD1488137,U186521,2024-05-30 05:24:11,Tier 1,666796,3840,4480,640,0,Footwear,Prepaid,Morning,Android,6.2.0,Local_SmallSeller,North,8.1,1,1457,14,0,0.0,23930,4,0,False,Returning,False
ORD1174236,U114631,2024-05-30 05:45:49,Tier 3,761254,1290,1650,360,0,Home & Kitchen,CoD,Morning,Android,6.3.1,Local_SmallSeller,South,10.1,1,1250,17,9,0.529,19000,12,7,False,Returning,False
ORD1386677,U215073,2024-05-30 08:35:56,Tier 1,126036,390,440,50,40,Grocery,CoD,Morning,Android,6.5.2,Marketplace_3P,Central,18.3,1,753,13,7,0.538,5990,8,7,False,Returning,False
ORD1068950,U169987,2024-05-30 09:32:54,Tier 2,606241,780,920,140,0,Grocery,Prepaid,Morning,Android,7.0.0,Marketplace_3P,North,14.8,1,731,8,1,0.125,18700,3,1,False,Returning,False
ORD1429578,U167688,2024-05-30 10:10:26,Tier 1,800723,920,1200,280,0,Fashion,Prepaid,Morning,Android,6.2.0,Marketplace_3P,West,1.1,1,901,15,2,0.133,17220,9,2,False,Returning,False
ORD1213802,U115738,2024-05-30 10:14:51,Tier 1,295499,950,1090,140,0,Fashion,CoD,Morning,Android,7.0.0,Marketplace_3P,West,17.5,1,1041,12,1,0.083,16850,7,1,False,Returning,False
ORD1144737,U122021,2024-05-30 13:24:45,Tier 3,565196,7720,7990,270,0,Electronics,CoD,Afternoon,Android,6.2.0,Flagship_1P,South,20.6,1,860,14,1,0.071,35870,8,1,False,Returning,False
ORD1445833,U192787,2024-05-30 13:41:16,Tier 3,190216,9030,9230,200,0,Electronics,CoD,Afternoon,Android,6.4.0,Marketplace_3P,North,5.7,1,1483,13,4,0.308,29100,9,4,False,Returning,True
ORD1172630,U146907,2024-05-30 15:23:45,Tier 2,843388,3120,3920,800,0,Footwear,CoD,Afternoon,Android,6.3.1,Marketplace_3P,East,15.2,2,532,12,4,0.333,38610,7,4,False,Returning,False
ORD1205342,U198298,2024-05-30 16:33:05,Tier 2,723289,1040,1170,130,0,Grocery,CoD,Afternoon,Android,6.4.0,Marketplace_3P,North,20.7,1,1148,17,4,0.235,35470,13,4,False,Returning,False
ORD1069710,U176121,2024-05-30 19:00:16,Tier 2,119299,1300,1590,290,0,Fashion,Prepaid,Evening,Android,6.5.2,Marketplace_3P,West,9.3,1,104,2,0,0.0,4040,1,0,False,Returning,False
ORD1200237,U166124,2024-05-30 23:25:57,Tier 2,167716,400,490,90,0,Toys,CoD,Late_Night,iOS,6.4.0,Marketplace_3P,South,29.9,1,494,6,3,0.5,19730,5,3,False,Returning,False
ORD1098308,U148342,2024-05-31 02:37:09,Tier 1,188825,3250,3600,350,0,Footwear,Prepaid,Late_Night,Android,6.5.2,Marketplace_3P,Central,1.7,1,574,9,3,0.333,24230,6,3,False,Returning,False
ORD1390547,U182311,2024-05-31 03:15:44,Tier 3,727399,960,1110,150,0,Footwear,Prepaid,Late_Night,Android,6.2.0,Marketplace_3P,South,6.4,2,574,10,2,0.2,8600,2,1,False,Returning,False
ORD1081391,U165944,2024-05-31 08:35:45,Tier 2,553724,3540,3590,50,0,Electronics,CoD,Morning,Android,6.4.0,Marketplace_3P,North,12.6,1,46,1,0,0.0,4760,0,0,True,New,False
ORD1097222,U180377,2024-05-31 10:26:53,Tier 1,307721,1300,1340,40,0,Fashion,CoD,Morning,Android,6.5.2,Marketplace_3P,South,7.8,1,735,8,3,0.375,9890,4,2,False,Returning,False
ORD1150999,U146354,2024-05-31 12:02:34,Tier 2,632626,450,530,80,0,Grocery,CoD,Afternoon,Android,6.2.0,Marketplace_3P,Central,8.1,2,524,6,1,0.167,3150,2,1,False,Returning,False
ORD1401350,U156384,2024-05-31 15:44:14,Tier 3,580233,1330,1680,350,0,Footwear,CoD,Afternoon,Android,6.5.2,Flagship_1P,North,15.2,1,1041,13,3,0.231,9920,10,3,False,Returning,False
ORD1333133,U163259,2024-05-31 16:16:45,Tier 2,148415,1620,1930,310,0,Fashion,Prepaid,Afternoon,Android,7.0.0,Marketplace_3P,West,1.4,1,464,1,0,0.0,980,0,0,True,New,False
ORD1279047,U174136,2024-05-31 17:54:36,Tier 2,497885,1280,1580,300,0,Beauty,Prepaid,Evening,Android,6.3.1,Marketplace_3P,South,4.9,2,1360,14,3,0.214,15300,12,3,False,Returning,False
ORD1066843,U146542,2024-05-31 22:15:53,Tier 3,358296,4060,5030,970,0,Fashion,Prepaid,Late_Night,Android,6.3.1,Marketplace_3P,North,18.2,1,1275,10,3,0.3,38070,5,3,False,Returning,False
ORD1261416,U106348,2024-06-01 01:32:48,Tier 1,380563,830,1100,270,0,Toys,Prepaid,Late_Night,Android,6.4.0,Marketplace_3P,West,7.0,1,717,18,1,0.056,25650,10,1,False,Returning,False
ORD1110697,U125736,2024-06-01 05:03:30,Tier 3,175772,750,800,50,0,Beauty,CoD,Morning,Android,7.0.0,Local_SmallSeller,West,19.4,1,229,1,0,0.0,340,1,0,True,New,False
ORD1255553,U157367,2024-06-01 05:06:07,Tier 1,687151,680,730,50,0,Grocery,CoD,Morning,Android,7.0.0,Local_SmallSeller,East,7.5,1,840,15,1,0.067,18660,12,1,False,Returning,False
ORD1248850,U114455,2024-06-01 06:03:21,Tier 2,537926,900,1020,120,0,Grocery,CoD,Morning,Android,6.5.2,Marketplace_3P,East,3.8,1,1279,14,1,0.071,10640,11,1,False,Returning,False
ORD1396490,U101771,2024-06-01 07:57:33,Tier 2,224950,1380,1670,290,0,Fashion,Prepaid,Morning,Android,6.5.2,Marketplace_3P,North,15.8,2,566,7,1,0.143,4410,4,1,False,Returning,False
ORD1296597,U142531,2024-06-01 08:09:30,Tier 2,321581,6180,6220,40,0,Electronics,Prepaid,Morning,iOS,6.2.0,Marketplace_3P,East,20.8,1,1327,18,3,0.167,58490,12,3,False,Returning,False
ORD1455915,U211661,2024-06-01 08:10:58,Tier 1,240703,3520,4210,690,0,Electronics,CoD,Morning,Android,6.5.2,Local_SmallSeller,North,5.4,1,518,11,3,0.273,2710,9,3,False,Returning,False
ORD1466948,U169264,2024-06-01 13:31:54,Tier 1,789320,1200,1610,410,0,Footwear,CoD,Afternoon,Android,7.0.0,Marketplace_3P,West,1.9,1,1361,17,0,0.0,13650,10,0,False,Returning,False
ORD1058601,U141002,2024-06-01 15:39:03,Tier 3,246299,1710,2040,330,0,Fashion,Prepaid,Afternoon,Android,6.2.0,Local_SmallSeller,North,24.2,1,114,1,1,1.0,2340,1,1,True,New,False
ORD1089524,U148532,2024-06-01 15:41:44,Tier 2,469096,7370,7420,50,0,Electronics,Prepaid,Afternoon,Android,6.2.0,Local_SmallSeller,Central,6.6,1,609,8,3,0.375,11150,4,2,False,Returning,False
ORD1188624,U174699,2024-06-01 18:36:15,Tier 3,362074,1210,1560,350,0,Beauty,CoD,Evening,Android,6.5.2,Marketplace_3P,North,24.3,1,983,11,3,0.273,8250,5,3,False,Returning,True
ORD1151135,U154566,2024-06-01 19:50:16,Tier 1,468837,1580,1670,90,0,Fashion,Prepaid,Evening,Android,7.0.0,Marketplace_3P,Central,6.7,1,296,5,1,0.2,4230,2,1,False,Returning,False
ORD1343459,U150672,2024-06-01 22:44:54,Tier 1,624788,3680,4350,670,0,Home & Kitchen,Prepaid,Late_Night,Android,6.2.0,Marketplace_3P,West,2.5,1,133,1,0,0.0,1730,0,0,True,New,False
ORD1147141,U181791,2024-06-01 22:52:15,Tier 2,273796,13450,17380,3930,0,Electronics,Prepaid,Late_Night,Android,6.3.1,Marketplace_3P,East,12.6,2,306,6,0,0.0,4430,4,0,False,Returning,False
ORD1479409,U120775,2024-06-02 03:44:35,Tier 1,429001,760,1020,260,0,Toys,Prepaid,Late_Night,Android,7.0.0,Marketplace_3P,East,3.8,1,1067,13,1,0.077,56230,9,1,False,Returning,False
ORD1321141,U108826,2024-06-02 03:45:55,Tier 2,751890,5710,7490,1780,0,Mobiles,CoD,Late_Night,iOS,6.2.0,Local_SmallSeller,East,13.8,1,226,2,0,0.0,1330,1,0,False,Returning,False
ORD1381948,U152251,2024-06-02 05:54:40,Tier 1,358208,640,860,220,0,Fashion,Prepaid,Morning,iOS,6.2.0,Local_SmallSeller,West,8.8,1,123,2,2,1.0,1730,1,1,False,Returning,False
ORD1206924,U111781,2024-06-02 10:16:44,Tier 3,190790,1250,1510,260,0,Beauty,CoD,Morning,Android,6.3.1,Local_SmallSeller,East,1.8,1,1272,8,1,0.125,14080,7,1,False,Returning,False
ORD1163171,U163098,2024-06-02 10:56:40,Tier 2,755745,930,1020,90,0,Footwear,CoD,Morning,Android,6.2.0,Flagship_1P,Central,8.1,1,615,6,1,0.167,5010,3,1,False,Returning,False
ORD1411227,U126053,2024-06-02 12:08:29,Tier 1,417199,2150,2660,510,0,Grocery,Prepaid,Afternoon,Android,6.2.0,Flagship_1P,East,13.1,1,197,5,0,0.0,2290,4,0,False,Returning,False
ORD1219644,U199942,2024-06-02 15:18:35,Tier 1,174613,730,940,210,0,Beauty,Prepaid,Afternoon,iOS,6.5.2,Marketplace_3P,East,0.3,1,117,1,0,0.0,550,1,0,True,New,False
ORD1031137,U106373,2024-06-02 16:22:12,Tier 2,131106,1050,1200,150,0,Toys,Prepaid,Afternoon,Android,6.5.2,Marketplace_3P,North,17.7,1,1090,17,4,0.235,19530,12,4,False,Returning,False
ORD1462617,U183536,2024-06-02 22:17:48,Tier 1,400650,380,410,30,40,Fashion,Prepaid,Late_Night,Android,6.3.1,Local_SmallSeller,Central,6.4,1,673,10,0,0.0,13090,2,0,False,Returning,False
ORD1334722,U175238,2024-06-02 22:58:45,Tier 3,515619,1080,1150,70,0,Fashion,CoD,Late_Night,iOS,7.0.0,Local_SmallSeller,East,30.2,1,575,5,3,0.6,7680,1,1,False,Returning,False
ORD1205530,U120766,2024-06-03 01:11:05,Tier 3,468532,9200,9940,740,0,Mobiles,CoD,Late_Night,Android,6.3.1,Marketplace_3P,Central,27.4,1,1225,12,0,0.0,13180,9,0,False,Returning,False
ORD1262696,U126798,2024-06-03 02:46:47,Tier 3,610916,1410,1870,460,0,Footwear,CoD,Late_Night,Android,7.0.0,Marketplace_3P,South,10.9,2,318,4,1,0.25,17560,2,1,False,Returning,False
ORD1423018,U145211,2024-06-03 03:09:26,Tier 2,399436,490,610,120,40,Books,CoD,Late_Night,Android,6.3.1,Marketplace_3P,West,4.9,2,847,5,1,0.2,5740,4,1,False,Returning,False
ORD1290538,U171215,2024-06-03 03:42:58,Tier 1,782319,13020,15470,2450,0,Appliances,CoD,Late_Night,Android,6.2.0,Flagship_1P,Central,15.1,1,17,1,0,0.0,1030,1,0,True,New,True
ORD1367580,U152632,2024-06-03 04:40:18,Tier 1,481462,6530,7840,1310,0,Mobiles,Prepaid,Late_Night,iOS,6.5.2,Marketplace_3P,South,9.1,1,1177,18,9,0.5,9320,16,9,False,Returning,False
ORD1225599,U194988,2024-06-03 06:46:17,Tier 2,810784,19200,20190,990,0,Mobiles,CoD,Morning,Android,6.5.2,Local_SmallSeller,West,16.2,1,489,3,0,0.0,12680,1,0,False,Returning,True
ORD1031121,U200523,2024-06-03 08:13:30,Tier 2,254959,1990,2550,560,0,Home & Kitchen,Prepaid,Morning,Android,6.5.2,Flagship_1P,South,11.8,2,239,3,0,0.0,11680,2,0,False,Returning,False
ORD1369463,U168421,2024-06-03 09:26:17,Tier 2,515011,1030,1030,0,0,Footwear,CoD,Morning,Android,6.3.1,Marketplace_3P,East,9.1,1,127,2,0,0.0,5350,1,0,False,Returning,False
ORD1072077,U105534,2024-06-03 11:15:15,Tier 2,779021,1300,1360,60,0,Home & Kitchen,Prepaid,Morning,Android,6.3.1,Marketplace_3P,South,20.6,1,133,2,1,0.5,470,1,1,False,Returning,False
ORD1208843,U139114,2024-06-03 11:48:03,Tier 1,162936,470,590,120,0,Fashion,Prepaid,Morning,Android,6.3.1,Marketplace_3P,South,5.4,2,1337,22,10,0.455,37460,11,10,False,Returning,False
ORD1183762,U219484,2024-06-03 15:45:02,Tier 1,480725,860,890,30,0,Toys,Prepaid,Afternoon,Android,6.4.0,Marketplace_3P,West,12.3,1,25,1,0,0.0,900,0,0,True,New,False
ORD1170927,U209731,2024-06-03 16:11:48,Tier 2,277749,510,650,140,0,Footwear,CoD,Afternoon,Android,6.5.2,Local_SmallSeller,East,14.7,1,1476,21,3,0.143,53000,13,3,False,Returning,False
ORD1228117,U179697,2024-06-03 16:37:47,Tier 2,750570,1140,1160,20,0,Fashion,Prepaid,Afternoon,Android,7.0.0,Local_SmallSeller,North,5.9,1,589,8,1,0.125,12320,4,1,False,Returning,False
ORD1041380,U105591,2024-06-03 16:45:14,Tier 1,219605,1000,1170,170,0,Toys,Prepaid,Afternoon,Android,7.0.0,Marketplace_3P,East,0.8,2,869,11,4,0.364,17020,3,2,False,Returning,False
ORD1153348,U191091,2024-06-03 17:10:11,Tier 2,255179,690,820,130,0,Footwear,CoD,Evening,Android,6.5.2,Flagship_1P,North,5.7,1,981,11,1,0.091,19720,9,1,False,Returning,False
ORD1489199,U174603,2024-06-03 20:08:44,Tier 1,661712,1680,1690,10,0,Grocery,CoD,Evening,Android,6.5.2,Flagship_1P,Central,19.7,1,53,1,0,0.0,340,0,0,True,New,False
ORD1306590,U185884,2024-06-04 00:49:57,Tier 1,367228,660,750,90,0,Footwear,Prepaid,Late_Night,Android,7.0.0,Flagship_1P,Central,7.0,1,442,9,0,0.0,5890,3,0,False,Returning,False
ORD1231621,U124306,2024-06-04 00:54:34,Tier 3,299071,2590,2900,310,0,Fashion,CoD,Late_Night,iOS,6.4.0,Local_SmallSeller,West,50.6,2,787,18,6,0.333,23670,14,6,False,Returning,False
ORD1341534,U212494,2024-06-04 03:38:53,Tier 3,774258,630,770,140,0,Fashion,Prepaid,Late_Night,Android,6.4.0,Flagship_1P,Central,17.8,1,1309,12,3,0.25,8390,2,2,False,Returning,False
ORD1309318,U147778,2024-06-04 05:23:33,Tier 2,275324,1890,2310,420,0,Beauty,CoD,Morning,Android,7.0.0,Marketplace_3P,South,31.4,2,230,2,2,1.0,1230,1,1,False,Returning,False
ORD1208790,U144580,2024-06-04 05:27:00,Tier 2,605643,1770,1860,90,0,Toys,CoD,Morning,Android,6.5.2,Marketplace_3P,South,33.8,3,165,6,0,0.0,3680,4,0,False,Returning,False
ORD1200264,U156673,2024-06-04 06:19:36,Tier 2,423883,1890,2160,270,0,Beauty,CoD,Morning,Android,6.3.1,Marketplace_3P,Central,6.4,1,1233,10,3,0.3,18920,4,2,False,Returning,False
ORD1431234,U190891,2024-06-04 09:21:00,Tier 2,210844,1510,1820,310,0,Home & Kitchen,Prepaid,Morning,iOS,6.2.0,Marketplace_3P,East,32.7,1,1311,16,2,0.125,10770,9,2,False,Returning,True
ORD1303655,U134589,2024-06-04 10:01:12,Tier 2,138115,420,440,20,60,Toys,Prepaid,Morning,Android,6.4.0,Local_SmallSeller,West,11.3,1,310,6,0,0.0,5140,3,0,False,Returning,False
ORD1212760,U117007,2024-06-04 12:46:25,Tier 1,829572,3970,4820,850,0,Home & Kitchen,Prepaid,Afternoon,Android,6.2.0,Marketplace_3P,Central,8.0,1,603,7,1,0.143,17970,5,1,False,Returning,False
ORD1065002,U155899,2024-06-04 14:25:29,Tier 1,344483,1260,1290,30,0,Books,Prepaid,Afternoon,iOS,6.2.0,Local_SmallSeller,South,4.7,1,1114,11,4,0.364,20160,3,2,False,Returning,False
ORD1048279,U191623,2024-06-04 15:56:09,Tier 1,770692,1640,1770,130,0,Fashion,Prepaid,Afternoon,iOS,6.5.2,Marketplace_3P,East,10.0,1,682,9,0,0.0,14380,5,0,False,Returning,False
ORD1165267,U179057,2024-06-04 17:17:00,Tier 1,290455,800,970,170,0,Beauty,Prepaid,Evening,Android,6.2.0,Local_SmallSeller,East,10.5,3,379,4,1,0.25,12410,1,1,False,Returning,False
ORD1230695,U184223,2024-06-04 21:07:22,Tier 1,472040,14720,17930,3210,0,Mobiles,Prepaid,Evening,Android,6.5.2,Local_SmallSeller,South,1.7,1,303,5,3,0.6,4400,3,2,False,Returning,False
ORD1162901,U186028,2024-06-05 00:58:50,Tier 1,551817,420,520,100,0,Grocery,Prepaid,Late_Night,Android,6.4.0,Marketplace_3P,East,3.5,1,744,10,2,0.2,2600,3,2,False,Returning,False
ORD1101136,U121484,2024-06-05 02:48:12,Tier 2,406737,1490,1510,20,0,Home & Kitchen,Prepaid,Late_Night,iOS,6.3.1,Flagship_1P,South,8.2,2,42,1,0,0.0,1790,0,0,True,New,False
ORD1447558,U146942,2024-06-05 03:57:57,Tier 1,819149,1410,1710,300,0,Home & Kitchen,CoD,Late_Night,iOS,6.3.1,Marketplace_3P,South,4.9,1,390,5,1,0.2,5230,2,1,False,Returning,False
ORD1240914,U131169,2024-06-05 04:20:15,Tier 1,550866,4920,6040,1120,0,Mobiles,Prepaid,Late_Night,Android,6.4.0,Flagship_1P,North,10.8,2,45,1,0,0.0,2540,0,0,True,New,False
ORD1472809,U200075,2024-06-05 04:42:43,Tier 1,125767,850,980,130,0,Footwear,Prepaid,Late_Night,Android,6.3.1,Marketplace_3P,South,5.6,1,402,6,0,0.0,3740,2,0,False,Returning,False
ORD1429546,U107928,2024-06-05 06:52:05,Tier 2,195297,420,430,10,60,Toys,Prepaid,Morning,Android,6.4.0,Marketplace_3P,North,9.7,1,517,6,2,0.333,6260,5,2,False,Returning,False
ORD1123138,U151676,2024-06-05 07:10:00,Tier 2,574739,770,970,200,0,Fashion,Prepaid,Morning,Android,7.0.0,Local_SmallSeller,East,18.4,1,625,7,1,0.143,5210,5,1,False,Returning,False
ORD1182320,U183413,2024-06-05 08:25:00,Tier 2,689838,3520,3980,460,0,Home & Kitchen,Prepaid,Morning,iOS,6.3.1,Marketplace_3P,North,19.2,1,461,5,1,0.2,4450,4,1,False,Returning,False
ORD1083712,U120747,2024-06-05 10:54:16,Tier 3,440377,1170,1190,20,0,Footwear,Prepaid,Morning,Android,6.3.1,Marketplace_3P,South,11.3,1,442,9,1,0.111,17110,4,1,False,Returning,True
ORD1140212,U131767,2024-06-05 11:04:51,Tier 1,584894,1660,2110,450,0,Fashion,CoD,Morning,Android,6.2.0,Local_SmallSeller,East,5.4,2,788,6,3,0.5,2020,5,3,False,Returning,False
ORD1092564,U145394,2024-06-05 11:19:26,Tier 2,194328,7410,9420,2010,0,Appliances,Prepaid,Morning,Android,6.2.0,Marketplace_3P,West,17.1,1,77,5,1,0.2,1730,3,1,False,Returning,False
ORD1100796,U170182,2024-06-05 12:27:54,Tier 2,643386,5590,6180,590,0,Electronics,CoD,Afternoon,Android,6.5.2,Marketplace_3P,West,19.8,1,922,6,0,0.0,16360,2,0,False,Returning,False
ORD1295951,U104337,2024-06-05 15:39:45,Tier 1,124781,510,640,130,0,Books,Prepaid,Afternoon,iOS,6.5.2,Flagship_1P,East,1.9,1,492,5,0,0.0,1890,4,0,False,Returning,False
ORD1052618,U165423,2024-06-05 17:49:58,Tier 3,653677,4850,6060,1210,0,Home & Kitchen,Prepaid,Evening,Android,6.4.0,Marketplace_3P,North,20.5,2,1038,19,4,0.211,23890,9,4,False,Returning,False
ORD1332626,U136775,2024-06-05 21:20:19,Tier 1,608803,1420,1820,400,0,Footwear,Prepaid,Evening,Android,6.5.2,Flagship_1P,East,10.6,3,774,9,3,0.333,16300,7,3,False,Returning,False
ORD1397096,U127847,2024-06-06 00:07:20,Tier 2,683686,1690,2070,380,0,Beauty,Prepaid,Late_Night,Android,6.2.0,Flagship_1P,South,10.6,1,1166,14,5,0.357,4210,7,5,False,Returning,False
ORD1375956,U154436,2024-06-06 00:19:27,Tier 1,409073,950,1120,170,0,Beauty,Prepaid,Late_Night,Android,6.4.0,Marketplace_3P,Central,7.5,2,1150,8,1,0.125,25520,6,1,False,Returning,False
ORD1217922,U137784,2024-06-06 02:15:53,Tier 2,508059,1200,1390,190,0,Fashion,CoD,Late_Night,Android,6.4.0,Marketplace_3P,East,12.2,1,1185,12,4,0.333,2000,4,4,False,Returning,False
ORD1050420,U159296,2024-06-06 03:51:30,Tier 2,766914,2470,2940,470,0,Footwear,CoD,Late_Night,Android,6.2.0,Marketplace_3P,North,10.5,1,147,3,1,0.333,1000,3,1,False,Returning,False
ORD1474933,U139186,2024-06-06 07:17:20,Tier 1,586251,11690,15140,3450,0,Mobiles,CoD,Morning,Android,7.0.0,Marketplace_3P,North,2.4,1,431,4,2,0.5,6590,1,1,False,Returning,True
ORD1171065,U200164,2024-06-06 09:30:30,Tier 2,682434,1590,2110,520,0,Fashion,Prepaid,Morning,Android,6.3.1,Marketplace_3P,Central,9.8,1,247,5,1,0.2,3290,4,1,False,Returning,False
ORD1031987,U163206,2024-06-06 13:20:48,Tier 1,480403,720,910,190,0,Beauty,CoD,Afternoon,Android,6.4.0,Marketplace_3P,West,6.3,1,268,2,0,0.0,9980,1,0,False,Returning,False
ORD1323651,U185644,2024-06-06 16:21:27,Tier 1,802288,550,620,70,0,Toys,Prepaid,Afternoon,Android,6.3.1,Marketplace_3P,East,0.4,1,433,6,1,0.167,9100,3,1,False,Returning,False
ORD1388378,U136006,2024-06-06 16:46:51,Tier 2,130870,1980,2000,20,0,Fashion,CoD,Afternoon,iOS,6.4.0,Marketplace_3P,South,10.2,1,541,5,0,0.0,16110,4,0,False,Returning,False
ORD1387291,U113985,2024-06-06 22:17:05,Tier 1,356095,3260,3390,130,0,Home & Kitchen,CoD,Late_Night,Android,6.4.0,Flagship_1P,East,4.2,1,377,7,2,0.286,12630,4,2,False,Returning,False
ORD1418664,U137551,2024-06-07 00:49:17,Tier 2,817311,260,270,10,0,Grocery,Prepaid,Late_Night,Android,6.2.0,Marketplace_3P,South,6.5,1,1427,19,4,0.211,19880,5,3,False,Returning,False
ORD1222816,U187162,2024-06-07 02:41:52,Tier 3,817786,890,1180,290,0,Fashion,Prepaid,Late_Night,iOS,6.2.0,Marketplace_3P,Central,15.4,1,151,4,1,0.25,2560,1,1,False,Returning,False
ORD1158983,U138990,2024-06-07 05:24:49,Tier 2,326734,3130,3860,730,0,Fashion,Prepaid,Morning,Android,6.5.2,Local_SmallSeller,North,13.4,1,745,9,1,0.111,30920,4,1,False,Returning,False
ORD1296918,U174246,2024-06-07 07:47:53,Tier 3,227035,450,580,130,0,Fashion,CoD,Morning,Android,7.0.0,Local_SmallSeller,South,23.4,1,1086,10,1,0.1,16690,4,1,False,Returning,False
ORD1116969,U145336,2024-06-07 11:34:45,Tier 2,278952,6230,6720,490,0,Mobiles,Prepaid,Morning,Android,6.5.2,Marketplace_3P,West,13.3,1,588,8,1,0.125,8900,6,1,False,Returning,False
ORD1229781,U109134,2024-06-07 11:35:46,Tier 2,502789,1550,1920,370,0,Fashion,Prepaid,Morning,Android,6.4.0,Local_SmallSeller,West,8.2,1,56,2,1,0.5,5360,1,1,False,Returning,False
ORD1078865,U100664,2024-06-07 16:03:14,Tier 2,680692,1570,2090,520,0,Home & Kitchen,CoD,Afternoon,Android,6.2.0,Flagship_1P,North,8.4,1,896,11,1,0.091,45530,6,1,False,Returning,False
ORD1195002,U169193,2024-06-07 16:33:57,Tier 1,687140,780,970,190,0,Beauty,CoD,Afternoon,Android,6.3.1,Flagship_1P,Central,12.0,1,796,13,5,0.385,24080,11,5,False,Returning,True
ORD1308065,U206503,2024-06-07 17:24:36,Tier 2,546360,1090,1250,160,0,Toys,CoD,Evening,Android,6.5.2,Local_SmallSeller,West,9.7,1,969,9,4,0.444,3390,7,4,False,Returning,False
ORD1377110,U162083,2024-06-07 17:43:51,Tier 1,460453,920,1060,140,0,Fashion,Prepaid,Evening,Android,6.2.0,Marketplace_3P,East,11.1,2,315,7,1,0.143,49910,5,1,False,Returning,False
ORD1169230,U209462,2024-06-07 23:17:38,Tier 2,673879,1560,1660,100,0,Fashion,Prepaid,Late_Night,Android,6.4.0,Marketplace_3P,East,17.2,1,709,10,0,0.0,20060,7,0,False,Returning,False
ORD1096083,U182489,2024-06-08 00:08:08,Tier 2,487273,13700,15910,2210,0,Mobiles,CoD,Late_Night,Android,6.3.1,Local_SmallSeller,West,5.5,2,444,4,2,0.5,5200,1,1,False,Returning,True
ORD1227746,U115550,2024-06-08 02:04:46,Tier 1,300655,1700,1750,50,0,Footwear,Prepaid,Late_Night,Android,6.3.1,Flagship_1P,West,22.3,3,641,10,2,0.2,37700,8,2,False,Returning,False
ORD1248926,U112333,2024-06-08 02:12:53,Tier 3,640391,15130,18370,3240,0,Mobiles,CoD,Late_Night,Android,7.0.0,Local_SmallSeller,North,13.3,1,1103,12,6,0.5,29960,6,4,False,Returning,False
ORD1353528,U155090,2024-06-08 02:39:48,Tier 3,701253,14730,15620,890,0,Mobiles,CoD,Late_Night,Android,6.2.0,Local_SmallSeller,Central,30.5,1,1495,16,4,0.25,4890,10,4,False,Returning,True
ORD1468267,U189278,2024-06-08 04:31:03,Tier 1,210989,1120,1390,270,0,Home & Kitchen,Prepaid,Late_Night,iOS,6.3.1,Marketplace_3P,East,5.4,1,743,12,4,0.333,9680,6,4,False,Returning,False
ORD1153072,U188989,2024-06-08 04:42:00,Tier 2,575176,1490,1900,410,0,Beauty,Prepaid,Late_Night,iOS,6.5.2,Marketplace_3P,North,11.5,1,1034,6,1,0.167,11330,5,1,False,Returning,False
ORD1352092,U172633,2024-06-08 04:57:49,Tier 2,436153,1380,1550,170,0,Fashion,CoD,Late_Night,Android,6.2.0,Flagship_1P,South,11.1,1,462,2,1,0.5,2540,1,1,False,Returning,False
ORD1445102,U152652,2024-06-08 05:16:05,Tier 1,640669,1230,1320,90,0,Fashion,Prepaid,Morning,Android,6.3.1,Flagship_1P,North,5.2,1,132,5,1,0.2,8990,3,1,False,Returning,False
ORD1317518,U213239,2024-06-08 08:15:52,Tier 3,654706,1060,1190,130,0,Beauty,Prepaid,Morning,Android,6.4.0,Marketplace_3P,East,35.4,1,29,1,1,1.0,1310,1,1,True,New,False
ORD1210725,U138414,2024-06-08 10:35:32,Tier 3,721904,1830,2270,440,0,Fashion,Prepaid,Morning,iOS,6.5.2,Local_SmallSeller,South,11.9,1,1227,19,3,0.158,12190,5,3,False,Returning,False
ORD1011829,U141808,2024-06-08 11:42:36,Tier 2,587958,720,860,140,0,Grocery,CoD,Morning,Android,7.0.0,Marketplace_3P,Central,28.4,1,354,7,0,0.0,14840,5,0,False,Returning,False
ORD1168603,U133094,2024-06-08 15:21:30,Tier 1,461238,650,880,230,0,Fashion,Prepaid,Afternoon,Android,6.2.0,Local_SmallSeller,South,8.1,1,724,9,5,0.556,7840,7,5,False,Returning,False
ORD1200078,U133225,2024-06-08 15:58:13,Tier 1,237109,3910,4000,90,0,Footwear,CoD,Afternoon,Android,7.0.0,Marketplace_3P,Central,4.8,1,911,8,1,0.125,1020,6,1,False,Returning,False
ORD1396830,U143821,2024-06-08 16:11:54,Tier 1,458255,580,710,130,0,Beauty,CoD,Afternoon,Android,6.2.0,Local_SmallSeller,West,9.3,1,43,2,0,0.0,1700,1,0,False,Returning,False
ORD1227241,U155514,2024-06-08 18:09:49,Tier 2,855142,14800,17910,3110,0,Appliances,CoD,Evening,Android,6.4.0,Marketplace_3P,West,26.7,1,1435,16,2,0.125,58860,6,2,False,Returning,False
ORD1027772,U171221,2024-06-08 18:13:03,Tier 3,128274,9450,9730,280,0,Mobiles,CoD,Evening,Android,7.0.0,Marketplace_3P,West,13.5,1,1255,24,2,0.083,22080,21,2,False,Returning,False
ORD1445609,U189835,2024-06-08 19:54:56,Tier 2,338985,800,870,70,0,Fashion,CoD,Evening,Android,7.0.0,Flagship_1P,East,2.1,1,384,5,0,0.0,8990,3,0,False,Returning,False
ORD1274652,U179708,2024-06-08 22:16:24,Tier 1,385927,11270,11370,100,0,Mobiles,CoD,Late_Night,iOS,7.0.0,Marketplace_3P,Central,0.4,1,1201,13,6,0.462,5310,4,4,False,Returning,True
ORD1489238,U171396,2024-06-08 23:53:58,Tier 3,202790,470,540,70,40,Beauty,CoD,Late_Night,iOS,6.5.2,Marketplace_3P,South,26.0,1,1187,20,8,0.4,47840,15,8,False,Returning,False
ORD1230251,U207419,2024-06-09 01:07:37,Tier 2,492516,18510,19630,1120,0,Mobiles,CoD,Late_Night,Android,6.5.2,Marketplace_3P,West,1.6,1,29,2,1,0.5,650,2,1,False,Returning,False
ORD1278681,U203080,2024-06-09 01:24:06,Tier 3,194793,770,1040,270,0,Beauty,Prepaid,Late_Night,iOS,6.2.0,Local_SmallSeller,North,8.8,1,420,5,0,0.0,11860,4,0,False,Returning,False
ORD1469394,U208918,2024-06-09 01:50:32,Tier 3,386911,18040,20100,2060,0,Mobiles,CoD,Late_Night,Android,6.2.0,Local_SmallSeller,North,13.3,1,1119,14,2,0.143,47970,8,2,False,Returning,False
ORD1181430,U184942,2024-06-09 02:17:45,Tier 1,709730,2410,2850,440,0,Home & Kitchen,Prepaid,Late_Night,Android,7.0.0,Local_SmallSeller,West,0.7,1,827,15,0,0.0,7260,10,0,False,Returning,False
ORD1182295,U199509,2024-06-09 07:28:19,Tier 3,128801,2350,3120,770,0,Fashion,CoD,Morning,iOS,6.4.0,Marketplace_3P,Central,36.3,1,196,4,2,0.5,4970,3,2,False,Returning,False
ORD1294292,U140954,2024-06-09 12:39:33,Tier 3,469615,4520,4940,420,0,Electronics,CoD,Afternoon,Android,6.3.1,Local_SmallSeller,South,28.8,1,981,12,3,0.25,18500,7,3,False,Returning,False
ORD1067189,U142285,2024-06-09 13:12:22,Tier 3,495451,1690,2070,380,0,Footwear,CoD,Afternoon,Android,6.5.2,Marketplace_3P,Central,26.3,1,1074,15,2,0.133,38340,5,2,False,Returning,False
ORD1165527,U138619,2024-06-09 18:25:44,Tier 3,637333,3920,5250,1330,0,Electronics,Prepaid,Evening,Android,6.4.0,Flagship_1P,Central,21.8,1,1495,16,2,0.125,5120,9,2,False,Returning,False
ORD1481267,U202240,2024-06-09 22:14:22,Tier 3,747292,33890,35090,1200,0,Mobiles,CoD,Late_Night,iOS,7.0.0,Flagship_1P,Central,25.1,1,1362,14,1,0.071,14000,7,1,False,Returning,False
ORD1372289,U102948,2024-06-10 03:46:10,Tier 1,765550,12730,13550,820,0,Appliances,CoD,Late_Night,Android,7.0.0,Marketplace_3P,North,2.5,1,797,10,1,0.1,11870,4,1,False,Returning,False
ORD1358600,U167166,2024-06-10 03:56:45,Tier 2,122513,1010,1090,80,0,Grocery,CoD,Late_Night,iOS,7.0.0,Local_SmallSeller,West,29.9,2,205,2,0,0.0,6250,1,0,False,Returning,False
ORD1313450,U128264,2024-06-10 04:05:50,Tier 2,362885,240,300,60,40,Grocery,CoD,Late_Night,Android,6.3.1,Marketplace_3P,Central,0.4,1,1271,15,4,0.267,22450,11,4,False,Returning,False
ORD1093278,U123404,2024-06-10 06:07:46,Tier 1,220018,1530,1950,420,0,Fashion,Prepaid,Morning,iOS,6.5.2,Marketplace_3P,Central,0.4,1,310,4,1,0.25,6440,3,1,False,Returning,False
ORD1045794,U141242,2024-06-10 06:24:01,Tier 2,287806,1820,1990,170,0,Home & Kitchen,Prepaid,Morning,iOS,6.3.1,Marketplace_3P,East,4.9,1,917,9,3,0.333,13520,6,3,False,Returning,False
ORD1221087,U103210,2024-06-10 12:09:30,Tier 2,208147,1000,1040,40,0,Fashion,CoD,Afternoon,Android,6.3.1,Flagship_1P,East,14.6,3,1440,15,1,0.067,28610,8,1,False,Returning,False
ORD1044191,U131742,2024-06-10 12:40:29,Tier 1,813482,4170,4600,430,0,Home & Kitchen,Prepaid,Afternoon,Android,6.3.1,Marketplace_3P,North,17.1,1,1425,20,4,0.2,24230,4,4,False,Returning,False
ORD1008640,U210594,2024-06-10 15:45:37,Tier 2,680096,1520,1570,50,0,Home & Kitchen,CoD,Afternoon,Android,6.2.0,Local_SmallSeller,East,2.9,1,215,7,2,0.286,6200,4,2,False,Returning,False
ORD1216908,U219937,2024-06-10 18:06:12,Tier 3,258449,420,430,10,40,Beauty,Prepaid,Evening,Android,6.4.0,Flagship_1P,West,21.1,1,620,7,0,0.0,5300,6,0,False,Returning,False
ORD1168463,U138031,2024-06-10 18:27:44,Tier 3,263766,1990,2160,170,0,Fashion,CoD,Evening,Android,6.2.0,Marketplace_3P,Central,9.9,1,863,8,3,0.375,9510,6,3,False,Returning,False
ORD1164114,U198217,2024-06-10 19:34:56,Tier 2,685544,1720,2140,420,0,Footwear,Prepaid,Evening,iOS,6.3.1,Marketplace_3P,North,17.7,1,842,9,4,0.444,7770,6,4,False,Returning,False
ORD1214205,U181467,2024-06-10 19:55:32,Tier 1,799991,160,160,0,0,Toys,CoD,Evening,iOS,6.4.0,Marketplace_3P,East,7.1,1,1422,17,1,0.059,65900,9,1,False,Returning,False
ORD1018799,U163926,2024-06-11 04:05:43,Tier 3,497618,1790,1940,150,0,Fashion,CoD,Late_Night,Android,7.0.0,Marketplace_3P,East,49.8,2,1024,11,2,0.182,37650,6,2,False,Returning,False
ORD1489269,U210165,2024-06-11 05:55:42,Tier 2,328333,670,740,70,0,Footwear,CoD,Morning,Android,6.2.0,Marketplace_3P,South,7.2,1,554,5,0,0.0,24810,3,0,False,Returning,False
ORD1216205,U147353,2024-06-11 06:14:23,Tier 3,489056,780,840,60,0,Beauty,CoD,Morning,Android,6.3.1,Marketplace_3P,South,4.2,2,1059,17,1,0.059,31490,8,1,False,Returning,True
ORD1283555,U107176,2024-06-11 06:57:35,Tier 1,133396,9360,10420,1060,0,Appliances,Prepaid,Morning,Android,6.2.0,Local_SmallSeller,South,7.9,2,1119,19,5,0.263,21010,16,5,False,Returning,False
ORD1171021,U172349,2024-06-11 08:28:16,Tier 2,639671,5040,5830,790,0,Mobiles,CoD,Morning,Android,6.4.0,Local_SmallSeller,South,10.8,1,23,1,1,1.0,970,1,1,True,New,False
ORD1339571,U110136,2024-06-11 09:19:22,Tier 1,649935,3960,4770,810,0,Electronics,Prepaid,Morning,Android,6.5.2,Local_SmallSeller,East,9.9,1,415,3,0,0.0,14970,2,0,False,Returning,False
ORD1198855,U109221,2024-06-11 12:08:11,Tier 2,288209,670,840,170,0,Fashion,Prepaid,Afternoon,Android,6.3.1,Marketplace_3P,East,1.2,2,646,12,0,0.0,20340,9,0,False,Returning,False
ORD1475529,U106690,2024-06-11 13:33:05,Tier 2,343270,8260,9540,1280,0,Mobiles,CoD,Afternoon,Android,6.5.2,Marketplace_3P,North,21.0,1,677,7,3,0.429,9390,5,3,False,Returning,False
ORD1497563,U152098,2024-06-11 17:00:43,Tier 1,804602,380,440,60,40,Toys,CoD,Evening,Android,6.2.0,Local_SmallSeller,South,4.4,1,719,9,0,0.0,21320,7,0,False,Returning,False
ORD1205957,U201458,2024-06-11 22:17:55,Tier 2,136368,11750,15710,3960,0,Mobiles,CoD,Late_Night,iOS,6.4.0,Marketplace_3P,West,9.5,1,932,13,1,0.077,35820,3,1,False,Returning,False
ORD1433743,U193304,2024-06-11 22:24:35,Tier 1,656012,21140,25340,4200,0,Electronics,Prepaid,Late_Night,Android,6.5.2,Flagship_1P,East,22.3,3,223,1,0,0.0,2210,1,0,True,New,False
ORD1449213,U136918,2024-06-11 22:46:54,Tier 1,391603,2560,2780,220,0,Footwear,CoD,Late_Night,Android,6.3.1,Marketplace_3P,West,1.9,1,780,8,0,0.0,23550,4,0,False,Returning,True
ORD1247775,U118389,2024-06-12 00:11:23,Tier 1,405055,2140,2330,190,0,Fashion,CoD,Late_Night,Android,6.2.0,Flagship_1P,North,6.5,1,328,5,2,0.4,18960,4,2,False,Returning,False
ORD1070632,U157764,2024-06-12 02:16:48,Tier 3,224432,1120,1450,330,0,Fashion,Prepaid,Late_Night,Android,6.3.1,Marketplace_3P,Central,20.0,1,480,6,1,0.167,900,2,1,False,Returning,True
ORD1156991,U140388,2024-06-12 04:18:51,Tier 2,214867,13780,13870,90,0,Appliances,Prepaid,Late_Night,iOS,6.5.2,Marketplace_3P,East,6.2,1,793,10,1,0.1,8270,8,1,False,Returning,False
ORD1484198,U181107,2024-06-12 06:20:27,Tier 1,784315,2020,2100,80,0,Home & Kitchen,Prepaid,Morning,Android,7.0.0,Marketplace_3P,North,4.3,3,1129,16,6,0.375,12110,8,6,False,Returning,False
ORD1424772,U106374,2024-06-12 07:05:57,Tier 2,189952,1730,1920,190,0,Fashion,Prepaid,Morning,Android,6.3.1,Flagship_1P,East,7.7,1,219,4,2,0.5,17370,3,2,False,Returning,False
ORD1048244,U143937,2024-06-12 12:09:53,Tier 1,805324,640,770,130,0,Beauty,Prepaid,Afternoon,Android,7.0.0,Marketplace_3P,East,6.7,1,818,10,4,0.4,10910,4,3,False,Returning,False
ORD1335208,U122042,2024-06-12 13:19:02,Tier 1,199304,2060,2090,30,0,Fashion,Prepaid,Afternoon,Android,6.5.2,Marketplace_3P,West,4.9,2,1401,15,7,0.467,24090,12,7,False,Returning,False
ORD1340972,U211854,2024-06-12 14:12:57,Tier 2,854593,760,890,130,0,Beauty,CoD,Afternoon,iOS,6.3.1,Flagship_1P,Central,14.7,1,495,4,0,0.0,1810,3,0,False,Returning,True
ORD1236358,U180443,2024-06-12 14:13:58,Tier 1,158699,10220,12440,2220,0,Appliances,Prepaid,Afternoon,Android,6.2.0,Flagship_1P,West,15.3,1,1228,15,3,0.2,24710,12,3,False,Returning,False
ORD1213741,U153039,2024-06-12 18:30:08,Tier 2,644253,900,1190,290,0,Books,Prepaid,Evening,Android,6.5.2,Local_SmallSeller,South,25.8,1,660,4,0,0.0,9320,3,0,False,Returning,False
ORD1215923,U136833,2024-06-12 19:21:58,Tier 2,666872,1490,1620,130,0,Fashion,CoD,Evening,iOS,6.5.2,Marketplace_3P,South,11.9,1,520,5,1,0.2,11980,4,1,False,Returning,False
ORD1457954,U217044,2024-06-12 19:32:29,Tier 3,617928,5050,5640,590,0,Footwear,CoD,Evening,Android,7.0.0,Marketplace_3P,Central,15.0,1,90,2,1,0.5,2080,1,1,False,Returning,False
ORD1279461,U135151,2024-06-12 21:50:58,Tier 3,292321,9010,9190,180,0,Electronics,CoD,Evening,Android,6.4.0,Marketplace_3P,North,6.1,1,1229,22,3,0.136,35060,12,3,False,Returning,False
ORD1450174,U123756,2024-06-13 00:03:25,Tier 1,544277,650,720,70,0,Books,Prepaid,Late_Night,Android,6.4.0,Marketplace_3P,South,6.8,1,73,2,2,1.0,400,2,1,False,Returning,False
ORD1114031,U139325,2024-06-13 00:13:21,Tier 3,226494,1490,1810,320,0,Fashion,CoD,Late_Night,Android,6.2.0,Marketplace_3P,West,65.4,1,1347,9,3,0.333,10880,5,3,False,Returning,False
ORD1341975,U216207,2024-06-13 00:22:55,Tier 1,626287,1230,1530,300,0,Fashion,CoD,Late_Night,Android,6.4.0,Local_SmallSeller,South,13.9,1,880,10,2,0.2,10960,4,2,False,Returning,False
ORD1221699,U108783,2024-06-13 03:48:58,Tier 1,271720,320,360,40,40,Books,CoD,Late_Night,iOS,6.4.0,Local_SmallSeller,South,8.7,2,396,4,0,0.0,4770,2,0,False,Returning,False
ORD1134889,U118841,2024-06-13 06:26:32,Tier 3,414019,1310,1710,400,0,Grocery,CoD,Morning,iOS,6.2.0,Marketplace_3P,Central,12.2,1,719,12,1,0.083,5000,3,1,False,Returning,False
ORD1161052,U120383,2024-06-13 06:49:36,Tier 3,318886,1310,1420,110,0,Fashion,Prepaid,Morning,Android,6.2.0,Local_SmallSeller,West,29.9,1,927,12,3,0.25,4400,5,3,False,Returning,False
ORD1145106,U150583,2024-06-13 07:11:00,Tier 1,607501,1040,1180,140,0,Beauty,CoD,Morning,Android,6.4.0,Local_SmallSeller,North,3.2,2,31,1,0,0.0,560,0,0,True,New,False
ORD1455597,U114631,2024-06-13 08:15:16,Tier 2,553319,310,380,70,60,Grocery,Prepaid,Morning,Android,6.5.2,Local_SmallSeller,South,4.6,1,1250,17,9,0.529,19000,12,7,False,Returning,False
ORD1072319,U193444,2024-06-13 10:29:01,Tier 3,328993,870,1130,260,0,Beauty,Prepaid,Morning,Android,7.0.0,Marketplace_3P,Central,24.4,1,274,4,2,0.5,8650,2,1,False,Returning,False
ORD1383962,U168965,2024-06-13 10:47:04,Tier 2,654150,2430,2920,490,0,Fashion,Prepaid,Morning,Android,6.2.0,Flagship_1P,Central,10.9,1,988,11,1,0.091,14240,7,1,False,Returning,False
ORD1389120,U127004,2024-06-13 12:51:55,Tier 1,457107,1090,1290,200,0,Grocery,CoD,Afternoon,Android,6.3.1,Local_SmallSeller,East,3.1,2,850,9,0,0.0,9970,3,0,False,Returning,False
ORD1203868,U170276,2024-06-13 14:14:02,Tier 1,843127,530,660,130,0,Toys,Prepaid,Afternoon,Android,6.4.0,Marketplace_3P,South,3.2,1,1284,13,0,0.0,7680,6,0,False,Returning,False
ORD1177470,U141306,2024-06-13 15:13:05,Tier 1,391734,2580,3280,700,0,Footwear,Prepaid,Afternoon,Android,6.2.0,Marketplace_3P,West,4.9,1,958,9,1,0.111,12340,8,1,False,Returning,False
ORD1038647,U167494,2024-06-13 19:44:26,Tier 1,592788,960,1280,320,0,Fashion,Prepaid,Evening,Android,6.3.1,Marketplace_3P,Central,13.8,3,513,8,3,0.375,25430,3,2,False,Returning,False
ORD1496362,U119476,2024-06-13 19:56:41,Tier 1,766242,1940,2350,410,0,Fashion,Prepaid,Evening,Android,6.4.0,Marketplace_3P,East,3.0,2,933,9,5,0.556,13970,7,4,False,Returning,False
ORD1123433,U115928,2024-06-13 20:54:50,Tier 2,531393,730,740,10,0,Grocery,Prepaid,Evening,Android,6.3.1,Flagship_1P,West,10.1,2,241,4,2,0.5,8570,1,1,False,Returning,False
ORD1331844,U141775,2024-06-13 21:11:46,Tier 3,177708,530,550,20,0,Grocery,CoD,Evening,iOS,6.2.0,Marketplace_3P,Central,14.0,1,1472,17,2,0.118,73650,11,2,False,Returning,False
ORD1169256,U140216,2024-06-13 22:22:50,Tier 2,239439,1340,1370,30,0,Home & Kitchen,CoD,Late_Night,Android,6.3.1,Marketplace_3P,Central,14.3,1,1029,10,1,0.1,33030,7,1,False,Returning,True
ORD1350964,U106938,2024-06-13 22:41:17,Tier 1,252446,1870,2220,350,0,Fashion,CoD,Late_Night,Android,6.5.2,Local_SmallSeller,East,8.9,2,1191,26,9,0.346,27770,22,9,False,Returning,False
ORD1137864,U114727,2024-06-13 23:42:28,Tier 1,284875,9660,10960,1300,0,Mobiles,Prepaid,Late_Night,Android,6.5.2,Marketplace_3P,North,4.2,1,631,11,0,0.0,17510,9,0,False,Returning,False
ORD1043398,U138431,2024-06-13 23:53:28,Tier 3,568603,2340,2980,640,0,Home & Kitchen,CoD,Late_Night,iOS,6.4.0,Flagship_1P,North,41.3,1,571,3,1,0.333,2030,2,1,False,Returning,False
ORD1362941,U208762,2024-06-14 00:26:22,Tier 1,419805,890,1050,160,0,Grocery,Prepaid,Late_Night,Android,6.2.0,Flagship_1P,North,7.0,1,602,7,1,0.143,6420,3,1,False,Returning,False
ORD1188687,U159361,2024-06-14 00:36:06,Tier 1,738751,12390,13410,1020,0,Mobiles,Prepaid,Late_Night,iOS,6.5.2,Marketplace_3P,North,5.4,1,1116,19,3,0.158,40460,10,3,False,Returning,False
ORD1008671,U140716,2024-06-14 01:50:07,Tier 1,221952,780,1040,260,0,Fashion,Prepaid,Late_Night,Android,6.2.0,Local_SmallSeller,North,8.0,1,422,5,0,0.0,2490,2,0,False,Returning,False
ORD1139859,U180915,2024-06-14 03:10:59,Tier 1,226404,12570,12700,130,0,Mobiles,CoD,Late_Night,Android,7.0.0,Marketplace_3P,North,14.7,2,15,1,0,0.0,2350,0,0,True,New,True
ORD1376102,U155863,2024-06-14 04:38:06,Tier 2,740693,1560,1980,420,0,Footwear,Prepaid,Late_Night,Android,6.3.1,Flagship_1P,South,29.0,1,172,2,1,0.5,1150,1,1,False,Returning,False
ORD1259675,U190494,2024-06-14 06:18:43,Tier 2,840684,790,810,20,0,Toys,CoD,Morning,Android,6.4.0,Marketplace_3P,South,25.3,1,655,9,1,0.111,17190,3,1,False,Returning,False
ORD1357378,U201681,2024-06-14 08:07:22,Tier 2,630876,4060,5020,960,0,Footwear,CoD,Morning,Android,6.2.0,Marketplace_3P,Central,13.4,1,329,3,0,0.0,8510,2,0,False,Returning,False
ORD1313992,U166046,2024-06-14 12:11:06,Tier 3,272013,5190,6110,920,0,Electronics,Prepaid,Afternoon,Android,6.3.1,Marketplace_3P,West,8.1,1,985,12,0,0.0,12810,7,0,False,Returning,False
ORD1174432,U124005,2024-06-14 14:26:10,Tier 1,125989,4530,5210,680,0,Electronics,Prepaid,Afternoon,Android,6.4.0,Flagship_1P,North,1.3,1,415,3,1,0.333,2520,2,1,False,Returning,False
ORD1294678,U133069,2024-06-14 16:46:20,Tier 1,326164,590,790,200,0,Beauty,Prepaid,Afternoon,Android,7.0.0,Flagship_1P,East,12.5,1,73,2,0,0.0,1820,1,0,False,Returning,False
ORD1472296,U197575,2024-06-14 20:00:25,Tier 3,594397,680,800,120,0,Books,CoD,Evening,Android,6.5.2,Marketplace_3P,Central,52.9,3,242,5,2,0.4,1130,1,1,False,Returning,False
ORD1125905,U219706,2024-06-14 20:14:50,Tier 3,361262,990,1150,160,0,Footwear,Prepaid,Evening,Android,7.0.0,Local_SmallSeller,North,7.2,1,741,8,2,0.25,9640,4,2,False,Returning,False
ORD1314725,U107217,2024-06-15 03:27:25,Tier 3,289404,710,920,210,0,Beauty,CoD,Late_Night,Android,7.0.0,Marketplace_3P,North,17.4,2,299,4,0,0.0,26020,1,0,False,Returning,False
ORD1266090,U119861,2024-06-15 03:34:20,Tier 2,739411,1270,1380,110,0,Mobiles,Prepaid,Late_Night,Android,6.2.0,Marketplace_3P,South,21.1,1,1198,17,6,0.353,23120,11,6,False,Returning,False
ORD1016715,U102233,2024-06-15 04:54:44,Tier 2,311909,830,840,10,0,Toys,Prepaid,Late_Night,Android,6.3.1,Marketplace_3P,North,1.8,1,207,6,5,0.833,13020,2,2,False,Returning,False
ORD1037920,U157991,2024-06-15 05:28:37,Tier 2,720420,1120,1360,240,0,Fashion,Prepaid,Morning,iOS,6.2.0,Marketplace_3P,North,4.1,1,130,3,1,0.333,11030,3,1,False,Returning,False
ORD1200424,U161473,2024-06-15 08:11:03,Tier 2,786552,800,1030,230,0,Grocery,CoD,Morning,Android,6.3.1,Flagship_1P,Central,9.2,1,1395,14,0,0.0,32420,6,0,False,Returning,False
ORD1363038,U103118,2024-06-15 08:37:06,Tier 3,313700,950,1200,250,0,Beauty,CoD,Morning,iOS,6.3.1,Marketplace_3P,North,39.2,1,36,1,0,0.0,2130,1,0,True,New,True
ORD1478443,U125431,2024-06-15 08:59:48,Tier 1,454344,700,820,120,0,Toys,Prepaid,Morning,Android,6.2.0,Marketplace_3P,East,5.1,1,45,1,0,0.0,1260,1,0,True,New,False
ORD1374252,U163565,2024-06-15 13:37:36,Tier 2,285080,1510,1660,150,0,Toys,CoD,Afternoon,Android,6.2.0,Local_SmallSeller,West,8.9,1,962,10,0,0.0,16670,9,0,False,Returning,False
ORD1105090,U116336,2024-06-15 22:35:35,Tier 3,283772,2750,3520,770,0,Fashion,CoD,Late_Night,iOS,6.3.1,Local_SmallSeller,East,11.3,2,304,7,0,0.0,29510,3,0,False,Returning,False
ORD1155545,U127758,2024-06-16 00:14:27,Tier 2,432054,690,710,20,0,Grocery,Prepaid,Late_Night,Android,6.2.0,Local_SmallSeller,East,6.0,1,487,7,0,0.0,36670,3,0,False,Returning,False
ORD1430440,U113806,2024-06-16 02:06:39,Tier 2,346862,1090,1160,70,0,Home & Kitchen,Prepaid,Late_Night,iOS,7.0.0,Flagship_1P,North,23.0,1,476,4,1,0.25,2480,3,1,False,Returning,False
ORD1246035,U156651,2024-06-16 05:33:34,Tier 2,755335,500,660,160,0,Books,CoD,Morning,Android,6.3.1,Marketplace_3P,South,11.7,3,224,5,0,0.0,3370,2,0,False,Returning,False
ORD1480649,U150602,2024-06-16 06:03:44,Tier 3,802377,2070,2100,30,0,Toys,CoD,Morning,Android,6.3.1,Marketplace_3P,West,20.2,1,856,15,4,0.267,25680,12,4,False,Returning,False
ORD1252542,U175772,2024-06-16 06:20:05,Tier 2,801360,4280,4890,610,0,Fashion,Prepaid,Morning,Android,6.5.2,Marketplace_3P,South,3.2,1,519,7,0,0.0,18200,4,0,False,Returning,False
ORD1301287,U148465,2024-06-16 07:03:04,Tier 3,447389,11480,12010,530,0,Electronics,CoD,Morning,iOS,7.0.0,Marketplace_3P,North,22.0,2,446,6,0,0.0,4310,5,0,False,Returning,True
ORD1007619,U207419,2024-06-16 15:07:55,Tier 2,689391,1030,1130,100,0,Grocery,CoD,Afternoon,Android,6.5.2,Marketplace_3P,Central,2.9,1,29,2,1,0.5,650,2,1,False,Returning,False
ORD1493421,U196454,2024-06-16 16:42:03,Tier 3,700581,260,330,70,0,Grocery,CoD,Afternoon,Android,6.3.1,Marketplace_3P,West,14.0,1,1033,14,1,0.071,32170,12,1,False,Returning,False
ORD1354985,U168505,2024-06-16 17:52:25,Tier 2,188640,800,930,130,0,Fashion,CoD,Evening,iOS,6.5.2,Marketplace_3P,South,12.9,1,831,15,4,0.267,38920,11,4,False,Returning,False
ORD1052818,U199449,2024-06-16 18:14:23,Tier 2,718181,1180,1190,10,0,Grocery,Prepaid,Evening,Android,6.3.1,Flagship_1P,North,5.2,1,303,8,3,0.375,13420,7,3,False,Returning,False
ORD1395278,U128555,2024-06-16 18:37:13,Tier 2,605419,500,530,30,0,Fashion,CoD,Evening,iOS,6.2.0,Marketplace_3P,North,26.2,1,1494,13,3,0.231,36310,3,2,False,Returning,False
ORD1450182,U152343,2024-06-16 18:40:31,Tier 3,548279,370,380,10,40,Books,CoD,Evening,Android,6.3.1,Marketplace_3P,East,14.9,3,1118,13,1,0.077,7190,9,1,False,Returning,True
ORD1187268,U135478,2024-06-16 20:19:36,Tier 1,313316,340,420,80,40,Grocery,CoD,Evening,Android,7.0.0,Local_SmallSeller,West,15.8,1,812,9,0,0.0,12000,7,0,False,Returning,False
ORD1297619,U181802,2024-06-16 20:44:57,Tier 1,768159,4070,4710,640,0,Fashion,Prepaid,Evening,Android,6.4.0,Local_SmallSeller,South,1.9,1,51,3,0,0.0,14770,2,0,False,Returning,False
ORD1404844,U127538,2024-06-16 20:51:09,Tier 2,187001,14220,17450,3230,0,Appliances,CoD,Evening,iOS,6.4.0,Flagship_1P,North,19.1,1,527,7,2,0.286,1920,4,2,False,Returning,False
ORD1420238,U168542,2024-06-16 21:03:48,Tier 2,743801,30660,35000,4340,0,Mobiles,Prepaid,Evening,Android,6.5.2,Local_SmallSeller,South,13.4,1,1163,11,3,0.273,6370,7,3,False,Returning,False
ORD1093046,U188765,2024-06-16 22:06:59,Tier 2,283690,2030,2540,510,0,Fashion,Prepaid,Late_Night,Android,6.3.1,Marketplace_3P,South,19.5,1,431,10,8,0.8,22100,3,2,False,Returning,False
ORD1046374,U129639,2024-06-16 22:14:06,Tier 2,195016,10780,11790,1010,0,Appliances,Prepaid,Late_Night,Android,6.5.2,Flagship_1P,Central,14.4,3,1249,18,3,0.167,10660,15,3,False,Returning,False
ORD1009725,U144298,2024-06-16 22:54:18,Tier 2,448832,5090,5260,170,0,Mobiles,CoD,Late_Night,Android,6.2.0,Flagship_1P,Central,11.4,1,1088,6,0,0.0,6870,5,0,False,Returning,False
ORD1345910,U108970,2024-06-16 23:10:02,Tier 2,187822,760,790,30,0,Toys,CoD,Late_Night,Android,6.5.2,Marketplace_3P,Central,15.6,1,421,7,4,0.571,19720,5,4,False,Returning,False
ORD1336742,U103860,2024-06-16 23:32:25,Tier 1,516025,3430,4080,650,0,Fashion,Prepaid,Late_Night,Android,6.4.0,Marketplace_3P,North,4.2,1,816,11,1,0.091,19770,5,1,False,Returning,False
ORD1174828,U179656,2024-06-16 23:54:41,Tier 1,173552,26620,33340,6720,0,Mobiles,Prepaid,Late_Night,iOS,6.3.1,Marketplace_3P,Central,2.5,1,167,6,1,0.167,8690,1,1,False,Returning,False
ORD1373057,U195162,2024-06-17 02:13:08,Tier 1,581601,2550,3300,750,0,Footwear,Prepaid,Late_Night,Android,6.4.0,Local_SmallSeller,West,10.4,1,1370,18,2,0.111,22810,9,2,False,Returning,False
ORD1404277,U155168,2024-06-17 03:57:04,Tier 2,814838,1350,1420,70,0,Fashion,CoD,Late_Night,Android,6.3.1,Local_SmallSeller,East,4.0,1,1480,18,4,0.222,18940,12,4,False,Returning,False
ORD1476916,U111661,2024-06-17 05:24:47,Tier 2,208978,660,760,100,0,Books,CoD,Morning,Android,6.3.1,Local_SmallSeller,East,7.0,1,1325,15,6,0.4,28050,5,3,False,Returning,False
ORD1147523,U101873,2024-06-17 09:47:37,Tier 3,278321,3320,4040,720,0,Home & Kitchen,CoD,Morning,Android,7.0.0,Local_SmallSeller,North,14.2,2,1412,19,2,0.105,47180,14,2,False,Returning,False
ORD1066456,U102768,2024-06-17 09:53:07,Tier 1,277715,560,680,120,0,Books,Prepaid,Morning,Android,6.5.2,Flagship_1P,North,10.9,1,718,13,7,0.538,8130,10,7,False,Returning,False
ORD1108486,U192093,2024-06-17 11:15:23,Tier 3,589976,2530,3100,570,0,Fashion,CoD,Morning,Android,6.5.2,Marketplace_3P,South,12.6,1,465,9,0,0.0,8110,2,0,False,Returning,True
ORD1042947,U162597,2024-06-17 11:37:39,Tier 2,137943,410,520,110,0,Toys,CoD,Morning,Android,6.2.0,Flagship_1P,South,17.2,1,472,5,2,0.4,8710,3,2,False,Returning,False
ORD1153228,U168889,2024-06-17 12:03:25,Tier 2,582876,21040,23750,2710,0,Mobiles,CoD,Afternoon,iOS,6.4.0,Local_SmallSeller,South,9.1,1,1371,19,5,0.263,4660,9,5,False,Returning,False
ORD1123452,U203120,2024-06-17 15:32:17,Tier 2,624974,7670,8590,920,0,Electronics,CoD,Afternoon,Android,6.3.1,Local_SmallSeller,West,2.0,1,614,7,3,0.429,3970,2,2,False,Returning,False
ORD1263936,U194498,2024-06-17 15:41:35,Tier 3,278413,1200,1330,130,0,Fashion,Prepaid,Afternoon,Android,7.0.0,Flagship_1P,Central,22.6,1,825,9,0,0.0,24810,4,0,False,Returning,False
ORD1471586,U159835,2024-06-17 19:45:02,Tier 2,660936,1580,1710,130,0,Footwear,CoD,Evening,Android,6.3.1,Flagship_1P,North,8.4,2,1076,12,2,0.167,15360,3,2,False,Returning,False
ORD1299973,U180857,2024-06-17 20:00:35,Tier 3,752551,7350,7510,160,0,Electronics,CoD,Evening,Android,6.4.0,Marketplace_3P,East,16.8,1,776,9,1,0.111,24110,6,1,False,Returning,True
ORD1054268,U162622,2024-06-17 20:31:14,Tier 2,280327,3080,4130,1050,0,Footwear,CoD,Evening,iOS,6.3.1,Marketplace_3P,North,15.5,1,1214,11,4,0.364,42900,4,4,False,Returning,True
ORD1115633,U146354,2024-06-17 21:48:25,Tier 3,314701,2920,3480,560,0,Fashion,CoD,Evening,Android,7.0.0,Flagship_1P,East,18.3,1,524,6,1,0.167,3150,2,1,False,Returning,False
ORD1136142,U100181,2024-06-17 23:49:02,Tier 3,498302,6720,7110,390,0,Electronics,CoD,Late_Night,Android,6.4.0,Local_SmallSeller,East,11.9,1,229,5,1,0.2,12800,3,1,False,Returning,True
ORD1219456,U123794,2024-06-18 04:04:22,Tier 1,619428,5420,6580,1160,0,Home & Kitchen,Prepaid,Late_Night,iOS,7.0.0,Local_SmallSeller,West,9.1,2,384,5,1,0.2,9220,2,1,False,Returning,False
ORD1134518,U103584,2024-06-18 04:15:22,Tier 2,489818,6500,6580,80,0,Mobiles,CoD,Late_Night,Android,6.3.1,Marketplace_3P,East,8.9,3,1129,9,2,0.222,12560,3,2,False,Returning,False
ORD1331340,U153743,2024-06-18 05:08:13,Tier 2,731772,2250,2870,620,0,Home & Kitchen,CoD,Morning,Android,7.0.0,Marketplace_3P,North,2.7,3,781,20,0,0.0,39530,8,0,False,Returning,False
ORD1336216,U170131,2024-06-18 06:01:28,Tier 3,407235,3600,4580,980,0,Electronics,Prepaid,Morning,iOS,7.0.0,Local_SmallSeller,Central,4.8,3,918,9,0,0.0,24990,3,0,False,Returning,False
ORD1138067,U116731,2024-06-18 07:10:10,Tier 2,252963,1750,1880,130,0,Fashion,Prepaid,Morning,Android,6.5.2,Marketplace_3P,South,8.2,1,1298,21,6,0.286,55130,18,6,False,Returning,False
ORD1020980,U172392,2024-06-18 13:17:00,Tier 3,324075,1060,1310,250,0,Fashion,Prepaid,Afternoon,Android,6.5.2,Local_SmallSeller,West,41.2,1,1418,22,6,0.273,129230,17,6,False,Returning,False
ORD1008035,U106318,2024-06-18 13:52:04,Tier 1,805255,3550,3760,210,0,Home & Kitchen,Prepaid,Afternoon,iOS,6.3.1,Marketplace_3P,North,2.9,1,699,8,2,0.25,14240,5,2,False,Returning,False
ORD1372661,U163304,2024-06-18 15:38:39,Tier 2,737884,32410,34350,1940,0,Mobiles,CoD,Afternoon,Android,6.4.0,Flagship_1P,West,16.7,1,921,5,1,0.2,5160,2,1,False,Returning,False
ORD1415439,U115493,2024-06-18 17:22:06,Tier 2,765494,1020,1050,30,0,Fashion,Prepaid,Evening,Android,6.4.0,Marketplace_3P,North,8.1,1,1287,14,5,0.357,19290,11,5,False,Returning,False
ORD1280781,U211386,2024-06-18 18:55:05,Tier 1,620959,5940,6980,1040,0,Electronics,Prepaid,Evening,Android,7.0.0,Marketplace_3P,Central,8.8,1,1026,11,2,0.182,18320,5,2,False,Returning,False
ORD1456408,U119947,2024-06-18 18:58:44,Tier 1,175603,6610,8440,1830,0,Electronics,Prepaid,Evening,Android,7.0.0,Local_SmallSeller,East,3.5,1,994,8,3,0.375,2630,4,3,False,Returning,False
ORD1222916,U185143,2024-06-18 19:52:40,Tier 1,681482,1860,2460,600,0,Home & Kitchen,Prepaid,Evening,Android,6.4.0,Marketplace_3P,West,6.4,2,423,5,0,0.0,11100,4,0,False,Returning,False
ORD1013506,U170798,2024-06-18 23:12:10,Tier 2,645441,2350,2780,430,0,Fashion,Prepaid,Late_Night,Android,7.0.0,Local_SmallSeller,South,3.8,1,687,7,1,0.143,33300,4,1,False,Returning,False
ORD1170018,U213693,2024-06-19 03:19:17,Tier 1,131197,1440,1830,390,0,Toys,Prepaid,Late_Night,iOS,7.0.0,Flagship_1P,Central,1.3,1,986,11,2,0.182,48060,5,2,False,Returning,True
ORD1130217,U146354,2024-06-19 06:21:26,Tier 2,440755,10550,13520,2970,0,Mobiles,CoD,Morning,Android,6.4.0,Flagship_1P,East,18.9,1,524,6,1,0.167,3150,2,1,False,Returning,False
ORD1055689,U132301,2024-06-19 11:43:28,Tier 1,114412,1430,1540,110,0,Fashion,Prepaid,Morning,iOS,6.3.1,Marketplace_3P,Central,5.3,1,785,9,2,0.222,2800,5,2,False,Returning,False
ORD1149060,U148136,2024-06-19 12:44:43,Tier 2,474756,450,590,140,60,Toys,CoD,Afternoon,Android,6.3.1,Marketplace_3P,East,4.5,1,10,1,0,0.0,2230,0,0,True,New,False
ORD1367420,U199600,2024-06-19 13:42:54,Tier 3,195581,9620,10080,460,0,Electronics,CoD,Afternoon,iOS,6.4.0,Flagship_1P,South,11.1,1,1333,19,6,0.316,90640,8,6,False,Returning,True
ORD1193677,U205342,2024-06-19 16:37:19,Tier 1,452375,4700,6140,1440,0,Electronics,Prepaid,Afternoon,Android,6.4.0,Marketplace_3P,East,12.7,1,383,6,3,0.5,2920,2,1,False,Returning,False
ORD1340104,U162278,2024-06-19 19:10:50,Tier 2,532920,1280,1680,400,0,Fashion,CoD,Evening,Android,6.5.2,Marketplace_3P,West,32.0,1,862,10,2,0.2,16410,5,2,False,Returning,False
ORD1423036,U156242,2024-06-19 21:47:09,Tier 3,509304,1360,1540,180,0,Beauty,CoD,Evening,Android,6.3.1,Local_SmallSeller,South,17.2,1,750,12,4,0.333,34250,9,4,False,Returning,False
ORD1443601,U182343,2024-06-19 23:56:15,Tier 3,704258,540,650,110,0,Grocery,CoD,Late_Night,Android,6.2.0,Flagship_1P,East,10.5,1,930,14,1,0.071,6350,5,1,False,Returning,False
ORD1014389,U141898,2024-06-20 00:10:38,Tier 2,229952,4710,4860,150,0,Appliances,CoD,Late_Night,Android,6.5.2,Local_SmallSeller,East,16.7,1,81,2,0,0.0,580,1,0,False,Returning,False
ORD1248030,U198169,2024-06-20 02:09:49,Tier 2,852920,5860,7540,1680,0,Appliances,CoD,Late_Night,iOS,6.5.2,Marketplace_3P,South,11.3,2,491,7,2,0.286,2160,4,2,False,Returning,False
ORD1419960,U206386,2024-06-20 02:39:13,Tier 2,350700,540,570,30,0,Fashion,CoD,Late_Night,iOS,6.2.0,Flagship_1P,East,17.9,1,135,2,2,1.0,1700,1,1,False,Returning,True
ORD1486533,U192244,2024-06-20 09:04:24,Tier 2,156830,1520,1960,440,0,Beauty,CoD,Morning,Android,7.0.0,Local_SmallSeller,Central,23.4,1,1037,15,0,0.0,28690,6,0,False,Returning,False
ORD1435032,U151676,2024-06-20 11:22:19,Tier 2,400413,1060,1390,330,0,Fashion,Prepaid,Morning,iOS,6.3.1,Marketplace_3P,West,15.7,1,625,7,1,0.143,5210,5,1,False,Returning,False
ORD1293500,U132536,2024-06-20 13:56:30,Tier 2,480024,640,760,120,0,Fashion,CoD,Afternoon,Android,7.0.0,Flagship_1P,West,22.7,1,1226,20,13,0.65,78380,10,6,False,Returning,False
ORD1290479,U158647,2024-06-20 14:28:42,Tier 3,313184,350,380,30,60,Grocery,Prepaid,Afternoon,iOS,6.2.0,Marketplace_3P,North,14.1,3,687,4,0,0.0,20220,3,0,False,Returning,True
ORD1045745,U166302,2024-06-20 15:21:30,Tier 1,804329,1550,1690,140,0,Fashion,Prepaid,Afternoon,Android,6.2.0,Marketplace_3P,East,3.5,1,1146,15,1,0.067,29780,5,1,False,Returning,False
ORD1160481,U103562,2024-06-20 16:35:14,Tier 1,642772,810,820,10,0,Beauty,CoD,Afternoon,iOS,7.0.0,Local_SmallSeller,East,7.4,1,631,12,3,0.25,7870,9,3,False,Returning,False
ORD1302773,U185804,2024-06-20 17:22:01,Tier 2,170383,3160,3390,230,0,Appliances,CoD,Evening,Android,6.4.0,Local_SmallSeller,South,15.0,1,210,1,0,0.0,40,1,0,True,New,False
ORD1357447,U166056,2024-06-20 17:25:41,Tier 1,780899,390,450,60,40,Fashion,Prepaid,Evening,Android,6.5.2,Marketplace_3P,East,5.2,1,1394,17,1,0.059,44160,6,1,False,Returning,False
ORD1336282,U129226,2024-06-20 18:56:14,Tier 1,576591,600,640,40,0,Footwear,Prepaid,Evening,iOS,6.4.0,Marketplace_3P,Central,11.4,1,433,7,1,0.143,2590,4,1,False,Returning,False
ORD1477256,U101039,2024-06-20 19:16:38,Tier 2,141480,2750,3290,540,0,Fashion,CoD,Evening,Android,7.0.0,Marketplace_3P,East,10.8,1,1240,10,2,0.2,10240,6,2,False,Returning,False
ORD1145765,U114928,2024-06-20 19:48:21,Tier 3,173329,1660,2030,370,0,Footwear,CoD,Evening,Android,7.0.0,Marketplace_3P,South,5.6,2,1429,18,4,0.222,4380,16,4,False,Returning,False
ORD1253777,U115178,2024-06-20 22:50:11,Tier 2,708175,860,1140,280,0,Toys,Prepaid,Late_Night,Android,6.3.1,Flagship_1P,Central,3.5,1,659,7,0,0.0,8640,3,0,False,Returning,False
ORD1248338,U158981,2024-06-21 00:13:50,Tier 2,142012,20370,21550,1180,0,Appliances,CoD,Late_Night,iOS,6.5.2,Marketplace_3P,Central,1.9,1,984,9,1,0.111,850,2,1,False,Returning,False
ORD1326877,U192819,2024-06-21 03:15:43,Tier 1,418277,9210,11550,2340,0,Electronics,Prepaid,Late_Night,Android,6.2.0,Local_SmallSeller,West,9.9,1,509,7,0,0.0,8230,2,0,False,Returning,False
ORD1172940,U114966,2024-06-21 03:16:03,Tier 3,236013,4090,4800,710,0,Electronics,CoD,Late_Night,Android,6.4.0,Flagship_1P,Central,72.8,1,1153,16,5,0.312,35190,11,5,False,Returning,False
ORD1188077,U118771,2024-06-21 03:53:48,Tier 1,570308,9630,12810,3180,0,Electronics,Prepaid,Late_Night,Android,6.2.0,Marketplace_3P,South,8.2,3,1302,19,5,0.263,12630,9,5,False,Returning,False
ORD1361428,U175238,2024-06-21 04:17:01,Tier 1,262673,1120,1310,190,0,Footwear,Prepaid,Late_Night,Android,7.0.0,Marketplace_3P,South,4.0,1,575,5,3,0.6,7680,1,1,False,Returning,True
ORD1490224,U108783,2024-06-21 05:01:57,Tier 3,410397,8850,11340,2490,0,Appliances,Prepaid,Morning,Android,6.3.1,Local_SmallSeller,South,22.4,2,396,4,0,0.0,4770,2,0,False,Returning,False
ORD1383563,U179022,2024-06-21 06:35:09,Tier 1,824385,6230,6850,620,0,Electronics,Prepaid,Morning,Android,6.2.0,Flagship_1P,North,5.5,2,608,6,1,0.167,11920,3,1,False,Returning,False
ORD1074319,U127464,2024-06-21 06:35:16,Tier 1,619069,2210,2850,640,0,Fashion,Prepaid,Morning,Android,6.4.0,Marketplace_3P,East,4.5,1,652,8,2,0.25,17770,3,2,False,Returning,False
ORD1367471,U147169,2024-06-21 07:58:17,Tier 1,211945,1180,1320,140,0,Toys,CoD,Morning,Android,6.4.0,Marketplace_3P,North,4.9,1,665,8,2,0.25,11260,3,2,False,Returning,False
ORD1391010,U206929,2024-06-21 09:10:05,Tier 1,531334,8540,11000,2460,0,Electronics,Prepaid,Morning,Android,6.3.1,Marketplace_3P,East,7.4,1,903,8,2,0.25,16530,3,2,False,Returning,False
ORD1230534,U213715,2024-06-21 09:42:39,Tier 1,572261,3510,4230,720,0,Home & Kitchen,CoD,Morning,Android,6.3.1,Flagship_1P,East,1.2,1,838,11,3,0.273,14340,4,3,False,Returning,False
ORD1130706,U156201,2024-06-21 12:14:49,Tier 1,525946,11830,14430,2600,0,Electronics,CoD,Afternoon,Android,6.2.0,Marketplace_3P,West,2.6,1,613,7,0,0.0,22560,6,0,False,Returning,False
ORD1484722,U101193,2024-06-21 16:27:52,Tier 1,743393,14680,19430,4750,0,Appliances,CoD,Afternoon,iOS,6.4.0,Marketplace_3P,West,8.2,1,1054,10,4,0.4,14930,6,3,False,Returning,False
ORD1446030,U181346,2024-06-21 17:18:12,Tier 2,251282,880,970,90,0,Home & Kitchen,Prepaid,Evening,Android,6.2.0,Marketplace_3P,West,15.0,1,430,2,0,0.0,1270,2,0,False,Returning,False
ORD1318642,U139933,2024-06-22 05:03:36,Tier 2,429191,1210,1350,140,0,Fashion,Prepaid,Morning,Android,6.4.0,Flagship_1P,North,18.1,1,680,9,1,0.111,15760,6,1,False,Returning,False
ORD1322472,U106374,2024-06-22 08:57:24,Tier 2,495749,1230,1530,300,0,Fashion,CoD,Morning,Android,6.5.2,Marketplace_3P,East,17.1,1,219,4,2,0.5,17370,3,2,False,Returning,False
ORD1286798,U128934,2024-06-22 10:04:18,Tier 2,391958,5620,7300,1680,0,Mobiles,Prepaid,Morning,iOS,6.5.2,Local_SmallSeller,South,9.5,2,301,4,0,0.0,18110,3,0,False,Returning,False
ORD1370131,U179309,2024-06-22 15:12:34,Tier 1,642319,1490,1650,160,0,Fashion,Prepaid,Afternoon,Android,6.4.0,Marketplace_3P,North,8.8,1,369,5,0,0.0,10840,2,0,False,Returning,False
ORD1179637,U215925,2024-06-22 17:58:20,Tier 3,276407,1710,1970,260,0,Beauty,CoD,Evening,Android,6.2.0,Marketplace_3P,North,55.0,1,938,6,0,0.0,7100,1,0,False,Returning,False
ORD1126471,U192099,2024-06-22 18:02:54,Tier 1,689970,16560,18310,1750,0,Appliances,Prepaid,Evening,Android,6.2.0,Marketplace_3P,North,4.7,2,596,7,0,0.0,6280,2,0,False,Returning,False
ORD1012378,U170391,2024-06-22 20:01:53,Tier 2,510168,1150,1370,220,0,Beauty,CoD,Evening,iOS,7.0.0,Marketplace_3P,Central,46.4,1,442,5,1,0.2,6370,4,1,False,Returning,False
ORD1240222,U149862,2024-06-22 21:39:00,Tier 1,194005,10870,12380,1510,0,Electronics,CoD,Evening,Android,6.3.1,Local_SmallSeller,East,8.9,2,686,14,4,0.286,19460,5,3,False,Returning,False
ORD1004916,U164883,2024-06-22 22:00:28,Tier 3,584257,1450,1700,250,0,Fashion,CoD,Late_Night,Android,7.0.0,Flagship_1P,North,34.4,1,1129,22,2,0.091,25730,4,2,False,Returning,False
ORD1218247,U136445,2024-06-23 00:16:28,Tier 1,367456,850,1010,160,0,Toys,CoD,Late_Night,Android,7.0.0,Local_SmallSeller,East,14.1,1,882,7,1,0.143,12780,6,1,False,Returning,False
ORD1242255,U108742,2024-06-23 00:44:38,Tier 2,530313,620,680,60,0,Grocery,CoD,Late_Night,iOS,6.4.0,Flagship_1P,Central,15.7,3,179,3,1,0.333,770,2,1,False,Returning,False
ORD1486151,U173464,2024-06-23 02:26:31,Tier 1,850440,2040,2520,480,0,Fashion,CoD,Late_Night,Android,7.0.0,Marketplace_3P,Central,1.6,1,335,4,1,0.25,10550,3,1,False,Returning,False
ORD1454913,U127711,2024-06-23 06:09:24,Tier 1,304330,320,390,70,40,Beauty,CoD,Morning,Android,6.3.1,Marketplace_3P,East,33.4,1,208,4,0,0.0,4620,3,0,False,Returning,False
ORD1012991,U179739,2024-06-23 06:31:44,Tier 1,160096,580,720,140,0,Footwear,Prepaid,Morning,Android,7.0.0,Marketplace_3P,East,8.2,1,114,2,1,0.5,1550,1,1,False,Returning,False
ORD1101266,U208088,2024-06-23 08:25:01,Tier 3,516065,1630,2040,410,0,Footwear,CoD,Morning,Android,6.5.2,Marketplace_3P,North,13.4,1,1198,19,0,0.0,68750,5,0,False,Returning,False
ORD1156472,U162040,2024-06-23 08:48:01,Tier 2,612459,11280,12270,990,0,Mobiles,CoD,Morning,Android,6.4.0,Marketplace_3P,South,16.7,1,862,11,4,0.364,20070,9,4,False,Returning,False
ORD1047826,U129761,2024-06-23 15:18:00,Tier 1,126475,8780,9710,930,0,Mobiles,CoD,Afternoon,Android,6.2.0,Marketplace_3P,Central,1.2,1,480,13,5,0.385,10900,3,2,False,Returning,True
ORD1349068,U181733,2024-06-23 16:18:17,Tier 2,213646,2240,2670,430,0,Fashion,Prepaid,Afternoon,Android,6.3.1,Marketplace_3P,East,16.4,1,839,7,1,0.143,18730,3,1,False,Returning,False
ORD1450363,U138988,2024-06-23 17:42:55,Tier 1,561426,1940,2010,70,0,Grocery,CoD,Evening,Android,6.4.0,Marketplace_3P,West,1.5,2,1447,17,4,0.235,50110,9,4,False,Returning,False
ORD1159694,U154324,2024-06-23 18:04:15,Tier 1,269618,730,820,90,0,Grocery,Prepaid,Evening,iOS,6.3.1,Marketplace_3P,North,5.2,1,100,2,0,0.0,1800,1,0,False,Returning,False
ORD1281369,U162839,2024-06-23 19:49:23,Tier 1,794836,360,430,70,40,Fashion,Prepaid,Evening,iOS,6.4.0,Marketplace_3P,South,8.6,1,1397,15,3,0.2,18130,4,3,False,Returning,False
ORD1187284,U177099,2024-06-23 21:29:35,Tier 1,193042,1060,1120,60,0,Beauty,Prepaid,Evening,Android,6.2.0,Marketplace_3P,West,16.4,1,493,7,0,0.0,12880,6,0,False,Returning,False
ORD1084345,U184665,2024-06-24 00:23:05,Tier 2,740951,1170,1430,260,0,Grocery,CoD,Late_Night,iOS,7.0.0,Marketplace_3P,North,2.8,1,1007,16,4,0.25,7060,14,4,False,Returning,False
ORD1278546,U197445,2024-06-24 00:53:28,Tier 1,299323,770,850,80,0,Toys,CoD,Late_Night,Android,6.3.1,Local_SmallSeller,South,10.8,1,1321,17,2,0.118,12740,14,2,False,Returning,False
ORD1252666,U190373,2024-06-24 01:03:42,Tier 2,592105,9500,10880,1380,0,Electronics,Prepaid,Late_Night,Android,6.2.0,Marketplace_3P,North,4.4,1,670,15,3,0.2,17550,9,3,False,Returning,False
ORD1101241,U109696,2024-06-24 01:04:19,Tier 2,456997,730,860,130,0,Toys,Prepaid,Late_Night,Android,6.5.2,Marketplace_3P,Central,11.3,1,205,1,0,0.0,1630,1,0,True,New,False
ORD1343979,U142051,2024-06-24 01:21:12,Tier 2,643136,4070,4110,40,0,Electronics,CoD,Late_Night,Android,6.3.1,Local_SmallSeller,Central,8.8,1,922,7,2,0.286,5280,4,2,False,Returning,False
ORD1216676,U181027,2024-06-24 02:05:07,Tier 2,239139,4990,5680,690,0,Electronics,CoD,Late_Night,Android,6.3.1,Local_SmallSeller,South,16.6,1,893,11,3,0.273,2980,3,2,False,Returning,True
ORD1167438,U116783,2024-06-24 02:28:29,Tier 1,129393,2480,2840,360,0,Home & Kitchen,Prepaid,Late_Night,Android,6.2.0,Marketplace_3P,North,8.0,2,547,8,2,0.25,7060,6,2,False,Returning,False
ORD1403082,U168703,2024-06-24 03:16:24,Tier 2,117834,790,1020,230,0,Grocery,CoD,Late_Night,Android,7.0.0,Flagship_1P,East,8.5,1,452,7,1,0.143,3970,5,1,False,Returning,True
ORD1446935,U172255,2024-06-24 04:30:14,Tier 3,192376,2440,3250,810,0,Grocery,Prepaid,Late_Night,Android,7.0.0,Marketplace_3P,South,23.8,1,396,5,0,0.0,34840,4,0,False,Returning,False
ORD1157834,U109738,2024-06-24 04:55:55,Tier 1,539432,980,1270,290,0,Fashion,Prepaid,Late_Night,Android,6.4.0,Marketplace_3P,East,7.5,1,953,20,3,0.15,38410,14,3,False,Returning,False
ORD1101349,U162734,2024-06-24 06:36:45,Tier 1,798967,1470,1920,450,0,Beauty,CoD,Morning,Android,6.2.0,Flagship_1P,South,2.2,1,187,2,1,0.5,9130,1,1,False,Returning,False
ORD1317230,U125841,2024-06-24 08:19:40,Tier 1,843565,6400,8330,1930,0,Mobiles,CoD,Morning,Android,6.3.1,Flagship_1P,West,10.0,1,183,3,0,0.0,9100,1,0,False,Returning,False
ORD1085079,U189971,2024-06-24 09:15:31,Tier 3,281519,8590,10960,2370,0,Home & Kitchen,CoD,Morning,Android,6.4.0,Marketplace_3P,East,21.8,1,401,6,1,0.167,14660,3,1,False,Returning,False
ORD1187770,U215767,2024-06-24 09:43:58,Tier 2,408392,2400,2690,290,0,Home & Kitchen,CoD,Morning,Android,6.5.2,Marketplace_3P,Central,33.6,1,880,10,2,0.2,8900,4,2,False,Returning,False
ORD1060418,U178966,2024-06-24 15:29:35,Tier 3,172135,1480,1880,400,0,Fashion,CoD,Afternoon,iOS,6.4.0,Marketplace_3P,North,38.9,1,1196,22,0,0.0,7770,5,0,False,Returning,True
ORD1223844,U215304,2024-06-24 16:10:36,Tier 3,315830,1720,1810,90,0,Footwear,CoD,Afternoon,Android,6.5.2,Marketplace_3P,Central,16.4,2,8,1,0,0.0,590,0,0,True,New,False
ORD1074865,U132322,2024-06-24 22:37:46,Tier 1,639952,2600,2700,100,0,Footwear,Prepaid,Late_Night,Android,6.3.1,Local_SmallSeller,North,7.0,1,369,6,2,0.333,2640,3,2,False,Returning,False
ORD1114409,U174340,2024-06-24 23:13:16,Tier 2,426161,960,1220,260,0,Beauty,Prepaid,Late_Night,Android,6.5.2,Flagship_1P,West,11.1,1,1105,8,0,0.0,3370,3,0,False,Returning,False
ORD1343407,U122704,2024-06-24 23:53:48,Tier 2,764840,930,1000,70,0,Home & Kitchen,CoD,Late_Night,Android,6.5.2,Local_SmallSeller,West,12.1,1,61,1,0,0.0,980,1,0,True,New,False
ORD1150981,U151145,2024-06-25 01:13:36,Tier 1,504139,380,470,90,60,Grocery,Prepaid,Late_Night,Android,6.5.2,Marketplace_3P,North,0.4,2,361,4,1,0.25,4750,1,1,False,Returning,False
ORD1208586,U128504,2024-06-25 01:57:48,Tier 1,467302,840,1040,200,0,Beauty,CoD,Late_Night,Android,6.3.1,Marketplace_3P,East,9.2,1,1062,14,2,0.143,6980,11,2,False,Returning,False
ORD1478479,U116435,2024-06-25 02:27:34,Tier 3,161851,320,430,110,0,Books,CoD,Late_Night,Android,6.4.0,Local_SmallSeller,West,28.8,1,186,2,0,0.0,1660,1,0,False,Returning,False
ORD1001579,U162597,2024-06-25 04:20:57,Tier 1,202852,770,810,40,0,Fashion,CoD,Late_Night,iOS,6.2.0,Flagship_1P,West,9.0,1,472,5,2,0.4,8710,3,2,False,Returning,False
ORD1107202,U131751,2024-06-25 05:05:54,Tier 1,200756,1450,1660,210,0,Grocery,Prepaid,Morning,Android,6.5.2,Marketplace_3P,West,13.6,1,531,11,3,0.273,22050,3,2,False,Returning,False
ORD1316546,U173493,2024-06-25 06:09:38,Tier 2,522931,800,1020,220,0,Beauty,Prepaid,Morning,Android,6.4.0,Flagship_1P,West,13.7,1,163,5,0,0.0,3970,1,0,False,Returning,False
ORD1181168,U106675,2024-06-25 08:13:56,Tier 1,301580,8650,9050,400,0,Appliances,CoD,Morning,Android,6.3.1,Flagship_1P,South,16.1,2,1324,10,2,0.2,15510,3,2,False,Returning,False
ORD1294368,U148667,2024-06-25 08:24:33,Tier 1,529035,10570,12250,1680,0,Electronics,Prepaid,Morning,Android,6.4.0,Marketplace_3P,Central,8.7,1,892,4,2,0.5,9200,2,2,False,Returning,False
ORD1035841,U180758,2024-06-25 08:47:55,Tier 2,700969,850,890,40,0,Books,Prepaid,Morning,Android,6.5.2,Marketplace_3P,North,7.8,1,20,1,0,0.0,2190,0,0,True,New,False
ORD1306293,U108055,2024-06-25 09:11:47,Tier 1,489605,730,730,0,0,Fashion,Prepaid,Morning,Android,6.5.2,Marketplace_3P,South,10.6,1,903,6,3,0.5,1480,2,1,False,Returning,False
ORD1268220,U120690,2024-06-25 11:05:23,Tier 3,466387,7350,9200,1850,0,Electronics,Prepaid,Morning,Android,6.4.0,Marketplace_3P,Central,28.9,3,1257,15,2,0.133,36170,4,2,False,Returning,False
ORD1311732,U207863,2024-06-25 11:48:03,Tier 3,201427,1340,1490,150,0,Fashion,CoD,Morning,Android,6.4.0,Local_SmallSeller,West,9.0,1,218,5,1,0.2,2070,3,1,False,Returning,False
ORD1015697,U119177,2024-06-25 12:19:12,Tier 2,177674,280,300,20,40,Grocery,Prepaid,Afternoon,Android,6.4.0,Local_SmallSeller,Central,22.0,1,1497,18,3,0.167,61280,11,3,False,Returning,False
ORD1413675,U176517,2024-06-25 12:47:07,Tier 1,269433,2890,2890,0,0,Fashion,CoD,Afternoon,Android,6.2.0,Marketplace_3P,East,6.5,1,377,4,1,0.25,18780,2,1,False,Returning,False
ORD1330431,U174498,2024-06-25 15:32:47,Tier 1,123583,560,590,30,0,Beauty,CoD,Afternoon,Android,6.4.0,Marketplace_3P,South,11.9,1,434,5,3,0.6,7960,1,1,False,Returning,False
ORD1238772,U141331,2024-06-25 18:15:13,Tier 2,544728,2950,3710,760,0,Fashion,Prepaid,Evening,Android,7.0.0,Marketplace_3P,West,5.0,1,1464,18,5,0.278,55030,9,5,False,Returning,False
ORD1483750,U159629,2024-06-25 19:42:07,Tier 1,823922,3220,3540,320,0,Electronics,CoD,Evening,Android,6.3.1,Marketplace_3P,Central,13.4,1,1429,18,2,0.111,50870,9,2,False,Returning,False
ORD1150153,U216600,2024-06-25 20:46:42,Tier 2,707794,1620,1860,240,0,Footwear,Prepaid,Evening,Android,6.5.2,Marketplace_3P,Central,6.5,2,1007,15,0,0.0,19570,4,0,False,Returning,False
ORD1216032,U108285,2024-06-25 20:59:54,Tier 2,367656,960,1020,60,0,Books,CoD,Evening,Android,6.3.1,Local_SmallSeller,North,3.3,1,79,1,0,0.0,1780,0,0,True,New,False
ORD1062397,U168867,2024-06-25 21:44:43,Tier 2,447998,19520,24610,5090,0,Mobiles,CoD,Evening,Android,6.3.1,Local_SmallSeller,North,3.7,1,1359,15,4,0.267,25000,9,4,False,Returning,False
ORD1497369,U201226,2024-06-25 23:52:55,Tier 2,747477,1550,1700,150,0,Fashion,CoD,Late_Night,Android,6.4.0,Marketplace_3P,West,58.2,1,400,7,5,0.714,10420,6,5,False,Returning,False
ORD1332531,U120868,2024-06-26 01:46:59,Tier 1,761357,17780,21320,3540,0,Mobiles,CoD,Late_Night,iOS,6.3.1,Marketplace_3P,West,7.9,1,447,7,1,0.143,14710,1,1,False,Returning,False
ORD1455439,U188434,2024-06-26 02:59:38,Tier 1,162359,390,490,100,60,Grocery,CoD,Late_Night,iOS,6.2.0,Flagship_1P,South,8.1,1,1351,15,0,0.0,58030,7,0,False,Returning,False
ORD1133493,U182297,2024-06-26 03:23:14,Tier 2,150281,1180,1190,10,0,Beauty,Prepaid,Late_Night,Android,6.4.0,Marketplace_3P,North,37.8,1,1011,9,2,0.222,32940,7,2,False,Returning,False
ORD1414419,U147662,2024-06-26 04:35:21,Tier 2,386519,5330,6250,920,0,Appliances,CoD,Late_Night,Android,7.0.0,Marketplace_3P,South,8.3,1,638,6,1,0.167,12410,5,1,False,Returning,False
ORD1180536,U140493,2024-06-26 05:53:14,Tier 2,702557,16820,22540,5720,0,Mobiles,Prepaid,Morning,Android,6.3.1,Flagship_1P,South,14.1,2,106,5,1,0.2,3310,2,1,False,Returning,False
ORD1302692,U124016,2024-06-26 07:22:14,Tier 1,521605,770,890,120,0,Grocery,Prepaid,Morning,Android,6.3.1,Marketplace_3P,North,4.4,1,1145,8,1,0.125,20190,3,1,False,Returning,False
ORD1125751,U142316,2024-06-26 07:23:50,Tier 2,242111,18360,19480,1120,0,Mobiles,CoD,Morning,Android,7.0.0,Marketplace_3P,North,18.4,1,1496,19,1,0.053,27040,5,1,False,Returning,False
ORD1101495,U145189,2024-06-26 08:14:38,Tier 1,265399,5270,6030,760,0,Electronics,Prepaid,Morning,Android,7.0.0,Flagship_1P,North,10.4,1,995,15,1,0.067,37910,11,1,False,Returning,False
ORD1380950,U160053,2024-06-26 08:20:03,Tier 2,140215,2360,2400,40,0,Footwear,Prepaid,Morning,Android,6.5.2,Marketplace_3P,West,3.8,1,282,3,1,0.333,5560,1,1,False,Returning,False
ORD1482952,U136606,2024-06-26 09:34:54,Tier 2,588630,19310,22600,3290,0,Mobiles,Prepaid,Morning,Android,6.2.0,Marketplace_3P,West,12.8,1,751,8,0,0.0,31840,3,0,False,Returning,False
ORD1385561,U183569,2024-06-26 09:36:00,Tier 3,636693,990,1010,20,0,Fashion,Prepaid,Morning,Android,6.2.0,Marketplace_3P,North,9.0,1,1395,14,1,0.071,36410,12,1,False,Returning,True
ORD1406759,U125072,2024-06-26 10:50:57,Tier 3,730276,1830,2360,530,0,Fashion,Prepaid,Morning,iOS,6.4.0,Flagship_1P,North,29.6,1,436,6,3,0.5,9790,4,3,False,Returning,False
ORD1232834,U112100,2024-06-26 12:56:45,Tier 2,462958,7840,9550,1710,0,Electronics,CoD,Afternoon,Android,7.0.0,Local_SmallSeller,North,13.1,2,648,10,5,0.5,75030,3,2,False,Returning,False
ORD1037801,U118798,2024-06-26 13:22:33,Tier 3,455663,260,310,50,60,Books,Prepaid,Afternoon,Android,7.0.0,Marketplace_3P,West,23.4,1,1002,9,1,0.111,8220,4,1,False,Returning,False
ORD1424098,U121721,2024-06-26 14:47:10,Tier 2,247749,1110,1120,10,0,Home & Kitchen,CoD,Afternoon,Android,6.5.2,Marketplace_3P,South,14.2,1,700,5,0,0.0,17910,3,0,False,Returning,True
ORD1383539,U197760,2024-06-26 15:19:07,Tier 1,208488,190,210,20,40,Books,Prepaid,Afternoon,iOS,6.3.1,Marketplace_3P,West,5.7,1,1197,14,8,0.571,15140,5,3,False,Returning,False
ORD1026801,U189674,2024-06-26 16:03:17,Tier 2,184724,1610,1620,10,0,Beauty,Prepaid,Afternoon,Android,6.2.0,Marketplace_3P,East,10.4,1,1157,14,1,0.071,11300,8,1,False,Returning,False
ORD1062459,U142084,2024-06-26 16:23:07,Tier 1,385050,4310,5390,1080,0,Electronics,CoD,Afternoon,Android,6.5.2,Marketplace_3P,Central,4.2,1,1314,22,2,0.091,3750,14,2,False,Returning,False
ORD1082581,U141113,2024-06-26 21:03:07,Tier 1,414756,6440,7020,580,0,Appliances,Prepaid,Evening,iOS,6.2.0,Marketplace_3P,North,5.6,1,1004,6,0,0.0,8330,5,0,False,Returning,False
ORD1461117,U104427,2024-06-26 22:38:44,Tier 3,843306,9240,12370,3130,0,Electronics,CoD,Late_Night,Android,6.5.2,Local_SmallSeller,North,22.0,1,724,6,1,0.167,10430,5,1,False,Returning,True
ORD1393438,U107918,2024-06-26 23:10:41,Tier 3,127599,1790,2260,470,0,Home & Kitchen,CoD,Late_Night,Android,7.0.0,Marketplace_3P,North,14.0,1,594,10,3,0.3,36450,6,3,False,Returning,True
ORD1285257,U193859,2024-06-27 00:10:49,Tier 2,791615,8400,11040,2640,0,Electronics,Prepaid,Late_Night,Android,6.5.2,Marketplace_3P,West,10.7,1,135,3,1,0.333,830,2,1,False,Returning,False
ORD1264561,U151908,2024-06-27 01:29:48,Tier 3,655562,1720,2020,300,0,Fashion,CoD,Late_Night,Android,6.3.1,Marketplace_3P,East,10.1,2,453,5,0,0.0,4390,4,0,False,Returning,False
ORD1207727,U134589,2024-06-27 02:47:16,Tier 1,418953,1850,2450,600,0,Fashion,Prepaid,Late_Night,Android,6.4.0,Marketplace_3P,South,10.9,1,310,6,0,0.0,5140,3,0,False,Returning,True
ORD1453728,U140539,2024-06-27 04:12:19,Tier 3,431282,500,600,100,0,Books,CoD,Late_Night,Android,6.4.0,Local_SmallSeller,South,13.4,1,663,5,0,0.0,13260,4,0,False,Returning,False
ORD1201230,U135699,2024-06-27 05:03:08,Tier 2,682689,5490,6860,1370,0,Electronics,CoD,Morning,Android,6.2.0,Marketplace_3P,East,6.6,2,1177,20,5,0.25,22530,14,5,False,Returning,True
ORD1419111,U165771,2024-06-27 06:16:46,Tier 2,294541,14770,19740,4970,0,Electronics,CoD,Morning,iOS,7.0.0,Marketplace_3P,West,9.5,1,497,10,0,0.0,20170,6,0,False,Returning,False
ORD1087437,U194038,2024-06-27 07:42:54,Tier 3,450757,2380,2660,280,0,Home & Kitchen,CoD,Morning,iOS,6.3.1,Marketplace_3P,East,10.4,1,740,13,1,0.077,17210,3,1,False,Returning,False
ORD1470569,U110767,2024-06-27 12:23:58,Tier 3,746107,420,570,150,0,Toys,CoD,Afternoon,iOS,6.4.0,Local_SmallSeller,South,31.8,1,408,6,0,0.0,17030,5,0,False,Returning,False
ORD1015731,U117298,2024-06-27 14:36:10,Tier 1,355336,2140,2350,210,0,Home & Kitchen,Prepaid,Afternoon,Android,6.5.2,Flagship_1P,West,3.6,1,967,10,2,0.2,23560,8,2,False,Returning,True
ORD1431265,U109964,2024-06-27 14:53:46,Tier 1,246601,1250,1310,60,0,Fashion,CoD,Afternoon,Android,6.3.1,Marketplace_3P,North,7.8,1,466,8,0,0.0,8210,5,0,False,Returning,False
ORD1132683,U203939,2024-06-27 17:30:26,Tier 2,843580,11460,13230,1770,0,Mobiles,CoD,Evening,Android,6.4.0,Flagship_1P,South,10.8,1,1085,14,6,0.429,19490,8,6,False,Returning,False
ORD1423765,U117593,2024-06-27 17:37:50,Tier 1,748824,550,640,90,0,Beauty,Prepaid,Evening,Android,6.4.0,Marketplace_3P,Central,5.7,1,878,14,5,0.357,11250,9,5,False,Returning,False
ORD1480670,U165771,2024-06-27 17:43:44,Tier 2,794339,1010,1210,200,0,Footwear,CoD,Evening,Android,6.5.2,Marketplace_3P,Central,34.1,1,497,10,0,0.0,20170,6,0,False,Returning,False
ORD1266672,U103813,2024-06-27 18:32:29,Tier 3,123679,1210,1550,340,0,Beauty,Prepaid,Evening,Android,6.4.0,Local_SmallSeller,East,15.1,1,664,5,1,0.2,5260,1,1,False,Returning,False
ORD1372686,U119616,2024-06-27 19:15:06,Tier 1,528450,6370,8100,1730,0,Appliances,CoD,Evening,Android,6.3.1,Flagship_1P,East,6.0,2,661,10,0,0.0,18930,8,0,False,Returning,False
ORD1026348,U118326,2024-06-27 22:48:44,Tier 2,657556,1480,1590,110,0,Fashion,CoD,Late_Night,Android,6.5.2,Marketplace_3P,East,25.0,1,867,9,3,0.333,9780,7,3,False,Returning,True
ORD1489752,U215739,2024-06-28 00:21:10,Tier 3,799528,2680,3580,900,0,Home & Kitchen,CoD,Late_Night,Android,7.0.0,Marketplace_3P,West,35.8,1,920,9,1,0.111,24650,5,1,False,Returning,False
ORD1499363,U179035,2024-06-28 02:55:08,Tier 2,833314,630,700,70,0,Footwear,Prepaid,Late_Night,Android,7.0.0,Marketplace_3P,South,5.9,1,1287,13,1,0.077,29590,11,1,False,Returning,False
ORD1165985,U103643,2024-06-28 04:03:20,Tier 3,343537,4840,5710,870,0,Fashion,CoD,Late_Night,iOS,6.3.1,Local_SmallSeller,Central,50.8,2,738,11,1,0.091,23090,8,1,False,Returning,False
ORD1349860,U150083,2024-06-28 04:03:26,Tier 1,467118,10000,13320,3320,0,Appliances,Prepaid,Late_Night,Android,6.4.0,Marketplace_3P,West,4.5,1,517,6,1,0.167,4350,4,1,False,Returning,False
ORD1229764,U146101,2024-06-28 06:10:50,Tier 2,220327,390,420,30,60,Fashion,Prepaid,Morning,iOS,6.5.2,Flagship_1P,West,13.5,1,1437,20,3,0.15,28900,9,3,False,Returning,False
ORD1346204,U190518,2024-06-28 07:14:37,Tier 2,634415,630,840,210,0,Beauty,Prepaid,Morning,iOS,6.4.0,Flagship_1P,South,6.6,1,976,13,2,0.154,42840,7,2,False,Returning,False
ORD1372375,U110136,2024-06-28 07:49:41,Tier 2,591666,1710,2100,390,0,Grocery,CoD,Morning,Android,6.4.0,Marketplace_3P,West,14.8,1,415,3,0,0.0,14970,2,0,False,Returning,False
ORD1111099,U140059,2024-06-28 08:58:48,Tier 2,238972,6550,7700,1150,0,Electronics,CoD,Morning,Android,6.4.0,Marketplace_3P,East,7.6,1,1284,13,4,0.308,12450,10,4,False,Returning,False
ORD1248706,U128689,2024-06-28 09:12:20,Tier 3,424830,1130,1290,160,0,Footwear,Prepaid,Morning,Android,6.2.0,Marketplace_3P,North,22.4,1,1372,15,1,0.067,15840,3,1,False,Returning,False
ORD1182900,U139343,2024-06-28 09:14:24,Tier 3,673672,540,660,120,0,Grocery,CoD,Morning,Android,7.0.0,Flagship_1P,Central,36.1,2,712,12,4,0.333,12190,3,2,False,Returning,False
ORD1312084,U169193,2024-06-28 10:05:03,Tier 1,855435,1990,2160,170,0,Beauty,CoD,Morning,Android,6.3.1,Local_SmallSeller,North,10.7,1,796,13,5,0.385,24080,11,5,False,Returning,False
ORD1021742,U162422,2024-06-28 12:06:15,Tier 1,122291,630,700,70,0,Fashion,Prepaid,Afternoon,iOS,6.3.1,Marketplace_3P,East,2.3,2,988,14,1,0.071,6830,4,1,False,Returning,False
ORD1457945,U135616,2024-06-28 13:45:14,Tier 2,396246,3010,3410,400,0,Fashion,Prepaid,Afternoon,Android,6.4.0,Flagship_1P,West,7.8,2,319,5,1,0.2,15780,2,1,False,Returning,True
ORD1256025,U140112,2024-06-28 16:24:07,Tier 3,138796,330,360,30,0,Grocery,Prepaid,Afternoon,Android,6.4.0,Marketplace_3P,North,29.2,1,1348,16,2,0.125,18220,14,2,False,Returning,True
ORD1365973,U143568,2024-06-28 16:33:58,Tier 1,818050,960,1230,270,0,Grocery,CoD,Afternoon,Android,6.3.1,Local_SmallSeller,West,4.3,2,1205,14,4,0.286,19210,9,4,False,Returning,False
ORD1138598,U154917,2024-06-28 17:00:28,Tier 1,801866,2580,2810,230,0,Home & Kitchen,Prepaid,Evening,Android,6.5.2,Marketplace_3P,North,12.1,2,127,2,1,0.5,2750,2,1,False,Returning,True
ORD1179579,U141020,2024-06-28 19:48:04,Tier 3,821886,1400,1600,200,0,Fashion,CoD,Evening,Android,7.0.0,Marketplace_3P,West,13.7,1,289,3,1,0.333,1560,2,1,False,Returning,True
ORD1114634,U185137,2024-06-28 21:23:53,Tier 2,466511,1310,1740,430,0,Footwear,Prepaid,Evening,Android,6.5.2,Local_SmallSeller,North,5.0,1,257,2,1,0.5,600,1,1,False,Returning,False
ORD1087478,U205115,2024-06-28 23:02:28,Tier 1,728115,8380,9520,1140,0,Electronics,CoD,Late_Night,Android,6.5.2,Marketplace_3P,Central,37.8,1,804,7,3,0.429,9620,5,3,False,Returning,True
ORD1314258,U176195,2024-06-28 23:04:24,Tier 2,640031,300,330,30,40,Grocery,CoD,Late_Night,Android,6.2.0,Marketplace_3P,West,13.7,2,167,6,0,0.0,24160,2,0,False,Returning,False
ORD1178763,U189484,2024-06-29 02:47:58,Tier 3,853074,970,1160,190,0,Toys,Prepaid,Late_Night,Android,6.3.1,Flagship_1P,North,44.4,2,591,6,3,0.5,15290,2,1,False,Returning,False
ORD1162737,U195924,2024-06-29 07:24:36,Tier 1,413427,520,640,120,0,Grocery,CoD,Morning,Android,7.0.0,Marketplace_3P,East,6.9,1,289,7,0,0.0,3660,2,0,False,Returning,False
ORD1233222,U188114,2024-06-29 07:58:43,Tier 3,495698,2610,2950,340,0,Home & Kitchen,CoD,Morning,Android,7.0.0,Marketplace_3P,West,18.3,3,1175,9,1,0.111,11730,4,1,False,Returning,True
ORD1463944,U204167,2024-06-29 08:21:24,Tier 3,832037,8620,10590,1970,0,Electronics,CoD,Morning,Android,6.2.0,Marketplace_3P,Central,42.5,1,1466,13,2,0.154,35050,6,2,False,Returning,False
ORD1232519,U119592,2024-06-29 08:41:16,Tier 2,126705,1030,1120,90,0,Beauty,CoD,Morning,iOS,6.3.1,Local_SmallSeller,Central,31.1,1,27,1,0,0.0,1540,0,0,True,New,True
ORD1469077,U102152,2024-06-29 12:18:48,Tier 2,377834,2790,3050,260,0,Footwear,CoD,Afternoon,Android,6.4.0,Local_SmallSeller,West,39.6,1,1285,14,3,0.214,11190,12,3,False,Returning,False
ORD1054158,U211033,2024-06-29 14:55:13,Tier 1,388273,990,1030,40,0,Footwear,CoD,Afternoon,Android,7.0.0,Marketplace_3P,North,10.9,1,1275,14,2,0.143,34870,8,2,False,Returning,False
ORD1394492,U194974,2024-06-29 16:09:51,Tier 2,735414,810,830,20,0,Beauty,Prepaid,Afternoon,Android,6.2.0,Local_SmallSeller,Central,6.7,1,127,2,1,0.5,2200,1,1,False,Returning,False
ORD1264890,U211184,2024-06-29 22:05:49,Tier 3,600919,1680,1810,130,0,Fashion,CoD,Late_Night,Android,6.3.1,Flagship_1P,West,31.9,1,602,12,1,0.083,22150,6,1,False,Returning,False
ORD1096520,U205850,2024-06-30 02:46:00,Tier 3,333887,2550,2950,400,0,Home & Kitchen,CoD,Late_Night,Android,6.5.2,Flagship_1P,North,7.8,2,1428,20,6,0.3,13820,14,6,False,Returning,True
ORD1426158,U115570,2024-06-30 03:58:20,Tier 2,327851,1530,1830,300,0,Fashion,CoD,Late_Night,iOS,6.4.0,Marketplace_3P,Central,21.2,1,1447,25,5,0.2,25660,9,5,False,Returning,False
ORD1095746,U106374,2024-06-30 04:46:18,Tier 3,380061,880,1110,230,0,Toys,Prepaid,Late_Night,Android,6.3.1,Local_SmallSeller,West,7.3,1,219,4,2,0.5,17370,3,2,False,Returning,False
ORD1234619,U139073,2024-06-30 05:21:54,Tier 2,507304,1060,1240,180,0,Toys,Prepaid,Morning,Android,6.5.2,Marketplace_3P,North,1.6,1,202,5,0,0.0,2700,1,0,False,Returning,True
ORD1266861,U122916,2024-06-30 11:08:36,Tier 2,779654,560,570,10,0,Books,CoD,Morning,Android,6.2.0,Local_SmallSeller,West,18.4,1,1347,18,3,0.167,19470,10,3,False,Returning,False
ORD1181872,U182175,2024-06-30 13:48:28,Tier 1,451178,8100,9440,1340,0,Electronics,Prepaid,Afternoon,Android,6.4.0,Marketplace_3P,Central,7.9,1,837,16,3,0.188,12160,6,3,False,Returning,False
ORD1386462,U134552,2024-06-30 15:12:22,Tier 1,848056,1560,2080,520,0,Footwear,Prepaid,Afternoon,Android,6.4.0,Marketplace_3P,East,8.3,2,1420,16,2,0.125,23500,10,2,False,Returning,False
ORD1370668,U191036,2024-06-30 16:12:06,Tier 1,544942,19900,23560,3660,0,Mobiles,CoD,Afternoon,Android,6.5.2,Local_SmallSeller,South,11.9,1,291,5,1,0.2,4530,2,1,False,Returning,True
ORD1016680,U144731,2024-06-30 16:36:55,Tier 2,238051,1000,1230,230,0,Grocery,Prepaid,Afternoon,Android,7.0.0,Flagship_1P,North,9.0,1,365,4,0,0.0,10540,2,0,False,Returning,False
ORD1033830,U150122,2024-06-30 17:26:25,Tier 3,236406,1900,2440,540,0,Home & Kitchen,CoD,Evening,Android,6.4.0,Local_SmallSeller,East,24.9,1,1491,21,6,0.286,38890,15,6,False,Returning,False
ORD1138571,U126494,2024-06-30 17:49:04,Tier 1,808004,430,510,80,0,Grocery,Prepaid,Evening,Android,7.0.0,Flagship_1P,Central,14.8,1,344,7,4,0.571,1400,2,1,False,Returning,False
ORD1294721,U203000,2024-06-30 19:53:27,Tier 1,712022,2290,2910,620,0,Fashion,CoD,Evening,Android,6.4.0,Marketplace_3P,East,7.0,1,948,16,4,0.25,11340,9,4,False,Returning,False
ORD1370018,U148767,2024-06-30 20:08:57,Tier 3,827214,13420,17040,3620,0,Mobiles,CoD,Evening,iOS,6.3.1,Local_SmallSeller,West,34.5,1,370,6,3,0.5,3470,4,2,False,Returning,True
ORD1136259,U214884,2024-06-30 20:30:02,Tier 1,178521,10410,10530,120,0,Electronics,CoD,Evening,iOS,6.4.0,Local_SmallSeller,East,6.7,2,60,2,0,0.0,3310,2,0,False,Returning,False
ORD1146224,U166711,2024-06-30 21:17:07,Tier 2,440621,4860,5000,140,0,Mobiles,Prepaid,Evening,Android,7.0.0,Marketplace_3P,East,24.3,1,597,7,0,0.0,9770,3,0,False,Returning,False
ORD1478663,U170086,2024-07-01 01:47:14,Tier 2,229811,250,280,30,60,Toys,CoD,Late_Night,Android,7.0.0,Marketplace_3P,East,6.0,1,156,4,1,0.25,5960,1,1,False,Returning,False
ORD1344595,U175223,2024-07-01 02:15:15,Tier 2,797221,700,830,130,0,Books,Prepaid,Late_Night,Android,6.5.2,Marketplace_3P,West,19.1,2,653,5,0,0.0,790,4,0,False,Returning,False
ORD1143903,U190830,2024-07-01 03:02:31,Tier 2,125896,790,900,110,0,Books,Prepaid,Late_Night,Android,6.3.1,Local_SmallSeller,East,18.9,2,928,7,1,0.143,7660,2,1,False,Returning,False
ORD1249051,U129166,2024-07-01 04:18:49,Tier 2,403361,3700,4190,490,0,Home & Kitchen,CoD,Late_Night,Android,6.4.0,Marketplace_3P,East,13.2,2,985,10,1,0.1,14840,8,1,False,Returning,False
ORD1499665,U171294,2024-07-01 06:26:37,Tier 1,714044,7590,8680,1090,0,Fashion,CoD,Morning,Android,6.3.1,Marketplace_3P,East,11.6,1,643,6,1,0.167,5010,4,1,False,Returning,False
ORD1406032,U170326,2024-07-01 06:48:26,Tier 2,271752,830,1050,220,0,Books,CoD,Morning,Android,6.4.0,Local_SmallSeller,East,38.8,1,117,1,0,0.0,610,0,0,True,New,True
ORD1384491,U218872,2024-07-01 09:33:56,Tier 1,549457,870,1110,240,0,Grocery,Prepaid,Morning,Android,6.5.2,Marketplace_3P,South,2.9,1,995,16,6,0.375,21780,4,3,False,Returning,False
ORD1236161,U128032,2024-07-01 10:23:30,Tier 2,843195,3160,4010,850,0,Electronics,Prepaid,Morning,Android,7.0.0,Marketplace_3P,West,16.8,1,567,5,1,0.2,4980,1,1,False,Returning,False
ORD1372968,U214985,2024-07-01 10:26:45,Tier 2,288740,12020,15920,3900,0,Mobiles,CoD,Morning,Android,6.2.0,Marketplace_3P,Central,7.9,1,1178,14,1,0.071,11910,5,1,False,Returning,False
ORD1031415,U105340,2024-07-01 12:16:45,Tier 2,263164,330,430,100,0,Beauty,Prepaid,Afternoon,Android,6.2.0,Marketplace_3P,East,16.6,1,453,2,1,0.5,2800,1,1,False,Returning,False
ORD1130451,U122257,2024-07-01 12:42:38,Tier 3,851228,310,370,60,40,Books,CoD,Afternoon,Android,6.4.0,Marketplace_3P,East,11.9,2,1453,13,2,0.154,11620,7,2,False,Returning,False
ORD1237929,U198123,2024-07-01 14:20:40,Tier 1,179087,5500,6980,1480,0,Electronics,Prepaid,Afternoon,Android,6.4.0,Marketplace_3P,South,3.9,1,311,3,0,0.0,6870,2,0,False,Returning,False
ORD1469733,U117045,2024-07-01 15:27:39,Tier 1,538039,4050,4410,360,0,Fashion,CoD,Afternoon,Android,6.2.0,Flagship_1P,West,2.1,1,737,9,1,0.111,8690,5,1,False,Returning,False
ORD1029874,U185326,2024-07-01 20:00:59,Tier 3,724707,1790,1940,150,0,Beauty,CoD,Evening,iOS,6.2.0,Marketplace_3P,Central,21.9,1,1171,16,2,0.125,17460,14,2,False,Returning,False
ORD1104789,U116084,2024-07-01 20:35:53,Tier 2,722669,7730,10420,2690,0,Electronics,Prepaid,Evening,Android,6.2.0,Marketplace_3P,North,21.6,3,1260,15,0,0.0,16120,7,0,False,Returning,False
ORD1430875,U198630,2024-07-01 21:17:04,Tier 1,277295,21250,27080,5830,0,Appliances,Prepaid,Evening,Android,6.3.1,Flagship_1P,East,11.5,1,904,7,3,0.429,10030,5,3,False,Returning,True
ORD1444811,U142567,2024-07-01 21:52:21,Tier 1,381645,1130,1170,40,0,Fashion,CoD,Evening,Android,6.4.0,Marketplace_3P,North,18.7,1,792,9,3,0.333,8410,5,3,False,Returning,False
ORD1004649,U144014,2024-07-02 00:30:09,Tier 3,680177,1740,2210,470,0,Fashion,CoD,Late_Night,iOS,6.5.2,Local_SmallSeller,West,5.1,1,1411,19,2,0.105,87760,15,2,False,Returning,False
ORD1143062,U166576,2024-07-02 00:31:05,Tier 3,440667,430,540,110,60,Beauty,Prepaid,Late_Night,Android,6.5.2,Marketplace_3P,East,58.5,3,912,18,3,0.167,62680,5,3,False,Returning,False
ORD1053948,U134589,2024-07-02 00:34:45,Tier 1,382208,350,410,60,40,Grocery,CoD,Late_Night,Android,6.2.0,Local_SmallSeller,South,7.7,1,310,6,0,0.0,5140,3,0,False,Returning,False
ORD1078197,U153108,2024-07-02 01:45:58,Tier 3,189838,1080,1390,310,0,Beauty,CoD,Late_Night,Android,7.0.0,Marketplace_3P,South,19.8,1,256,2,0,0.0,2290,1,0,False,Returning,False
ORD1312565,U156908,2024-07-02 03:10:46,Tier 2,509806,2240,2850,610,0,Footwear,CoD,Late_Night,Android,6.3.1,Flagship_1P,East,15.8,1,196,6,2,0.333,17210,2,1,False,Returning,False
ORD1106530,U201445,2024-07-02 06:16:52,Tier 2,299190,25890,33640,7750,0,Mobiles,CoD,Morning,Android,6.3.1,Flagship_1P,North,1.0,1,122,2,0,0.0,500,1,0,False,Returning,False
ORD1176201,U162996,2024-07-02 06:36:30,Tier 2,733789,2790,3270,480,0,Footwear,Prepaid,Morning,Android,6.3.1,Marketplace_3P,East,8.7,1,393,5,1,0.2,12530,2,1,False,Returning,True
ORD1168803,U219820,2024-07-02 09:52:41,Tier 2,234850,4920,5120,200,0,Home & Kitchen,Prepaid,Morning,Android,6.2.0,Local_SmallSeller,West,11.9,1,1166,20,3,0.15,23250,7,3,False,Returning,False
ORD1011185,U186392,2024-07-02 13:20:44,Tier 2,140607,16080,16310,230,0,Electronics,CoD,Afternoon,Android,6.4.0,Marketplace_3P,South,5.3,1,1008,13,1,0.077,26350,4,1,False,Returning,False
ORD1108717,U171466,2024-07-02 15:40:01,Tier 1,701018,2750,2780,30,0,Home & Kitchen,Prepaid,Afternoon,Android,6.5.2,Marketplace_3P,Central,11.3,1,144,2,0,0.0,7480,1,0,False,Returning,False
ORD1318625,U172934,2024-07-02 19:13:15,Tier 2,815475,5480,5960,480,0,Electronics,CoD,Evening,Android,6.5.2,Marketplace_3P,West,15.8,1,921,10,5,0.5,6800,2,1,False,Returning,True
ORD1299769,U196637,2024-07-02 22:05:27,Tier 2,479326,2840,3780,940,0,Home & Kitchen,CoD,Late_Night,Android,6.3.1,Marketplace_3P,North,5.9,1,1365,10,5,0.5,11040,2,2,False,Returning,False
ORD1057726,U150534,2024-07-02 22:27:29,Tier 1,448071,1030,1270,240,0,Grocery,Prepaid,Late_Night,Android,7.0.0,Marketplace_3P,West,1.0,1,1062,10,1,0.1,11200,4,1,False,Returning,False
ORD1043037,U153265,2024-07-03 01:58:05,Tier 2,161041,9590,11080,1490,0,Appliances,Prepaid,Late_Night,Android,6.2.0,Marketplace_3P,Central,23.9,1,1318,18,10,0.556,6210,6,5,False,Returning,False
ORD1474104,U104556,2024-07-03 02:30:15,Tier 1,650955,410,510,100,40,Footwear,Prepaid,Late_Night,iOS,6.5.2,Marketplace_3P,Central,10.9,1,234,5,1,0.2,18770,3,1,False,Returning,False
ORD1489806,U182458,2024-07-03 04:26:47,Tier 1,855799,2520,2720,200,0,Fashion,Prepaid,Late_Night,Android,6.2.0,Local_SmallSeller,West,10.9,1,270,3,0,0.0,1050,2,0,False,Returning,True
ORD1152961,U218971,2024-07-03 05:34:42,Tier 1,613982,210,220,10,40,Grocery,Prepaid,Morning,Android,6.4.0,Marketplace_3P,South,17.4,1,1242,11,3,0.273,6120,8,3,False,Returning,False
ORD1128300,U127440,2024-07-03 08:04:21,Tier 2,829545,780,990,210,0,Fashion,CoD,Morning,Android,6.3.1,Marketplace_3P,North,11.1,1,787,10,2,0.2,8980,7,2,False,Returning,False
ORD1176643,U210268,2024-07-03 08:36:16,Tier 2,306389,830,1020,190,0,Fashion,Prepaid,Morning,Android,6.4.0,Marketplace_3P,Central,7.5,1,1433,12,5,0.417,15880,5,3,False,Returning,False
ORD1113823,U145341,2024-07-03 08:46:17,Tier 2,795427,1680,2020,340,0,Fashion,Prepaid,Morning,iOS,6.5.2,Marketplace_3P,Central,26.3,1,754,10,2,0.2,20260,3,2,False,Returning,False
ORD1452979,U185711,2024-07-03 19:48:24,Tier 1,176703,440,490,50,40,Books,Prepaid,Evening,iOS,6.3.1,Local_SmallSeller,South,3.9,3,1321,24,6,0.25,26980,13,6,False,Returning,False
ORD1067638,U131210,2024-07-03 20:29:04,Tier 1,591687,3460,4370,910,0,Footwear,Prepaid,Evening,Android,6.4.0,Marketplace_3P,West,5.5,2,636,6,1,0.167,3800,2,1,False,Returning,False
ORD1429027,U143849,2024-07-04 01:56:02,Tier 2,555012,1020,1050,30,0,Fashion,Prepaid,Late_Night,Android,6.5.2,Marketplace_3P,West,19.6,1,1191,16,1,0.062,27740,14,1,False,Returning,False
ORD1118731,U108066,2024-07-04 06:50:31,Tier 1,805500,2700,2920,220,0,Fashion,Prepaid,Morning,Android,7.0.0,Marketplace_3P,Central,3.7,1,819,9,2,0.222,39230,6,2,False,Returning,False
ORD1330406,U150927,2024-07-04 06:59:28,Tier 3,683264,12370,15010,2640,0,Electronics,CoD,Morning,Android,6.2.0,Local_SmallSeller,Central,7.6,1,289,1,0,0.0,3900,1,0,True,New,True
ORD1137351,U157364,2024-07-04 08:15:10,Tier 3,112944,380,450,70,60,Beauty,CoD,Morning,Android,6.4.0,Flagship_1P,Central,11.7,1,118,2,0,0.0,2100,1,0,False,Returning,False
ORD1360253,U216095,2024-07-04 09:16:32,Tier 3,352843,3450,3660,210,0,Electronics,CoD,Morning,Android,6.2.0,Marketplace_3P,West,23.3,1,1184,16,4,0.25,11090,14,4,False,Returning,False
ORD1319001,U140727,2024-07-04 10:46:45,Tier 3,469684,14340,16300,1960,0,Mobiles,Prepaid,Morning,Android,6.2.0,Marketplace_3P,East,40.7,3,706,7,0,0.0,5870,2,0,False,Returning,False
ORD1239994,U167646,2024-07-04 12:44:38,Tier 1,636619,6110,6830,720,0,Mobiles,Prepaid,Afternoon,iOS,7.0.0,Local_SmallSeller,South,10.3,1,796,12,2,0.167,21200,10,2,False,Returning,False
ORD1228267,U188660,2024-07-04 13:27:47,Tier 1,364751,2860,3110,250,0,Electronics,Prepaid,Afternoon,iOS,6.3.1,Marketplace_3P,West,10.5,2,261,2,1,0.5,1090,1,1,False,Returning,False
ORD1176482,U108754,2024-07-04 14:20:24,Tier 2,613203,1890,2040,150,0,Beauty,Prepaid,Afternoon,Android,6.4.0,Marketplace_3P,South,9.1,1,293,7,0,0.0,15020,5,0,False,Returning,False
ORD1189730,U135051,2024-07-04 14:47:39,Tier 3,405598,15600,19670,4070,0,Electronics,Prepaid,Afternoon,Android,6.4.0,Marketplace_3P,North,16.5,1,1260,12,3,0.25,17470,8,3,False,Returning,True
ORD1024525,U187394,2024-07-04 15:22:24,Tier 2,140090,3290,3450,160,0,Home & Kitchen,Prepaid,Afternoon,iOS,7.0.0,Marketplace_3P,West,4.1,2,1296,26,0,0.0,77000,14,0,False,Returning,False
ORD1345919,U127647,2024-07-04 15:31:48,Tier 1,113538,720,770,50,0,Fashion,Prepaid,Afternoon,Android,6.3.1,Marketplace_3P,East,16.9,1,179,6,1,0.167,5810,1,1,False,Returning,False
ORD1197776,U125431,2024-07-04 16:30:06,Tier 2,532005,6380,7590,1210,0,Electronics,CoD,Afternoon,Android,7.0.0,Flagship_1P,West,5.7,2,45,1,0,0.0,1260,1,0,True,New,True
ORD1134499,U140244,2024-07-04 16:48:55,Tier 2,562542,520,590,70,0,Toys,CoD,Afternoon,Android,7.0.0,Marketplace_3P,East,17.6,2,1441,17,3,0.176,27490,9,3,False,Returning,True
ORD1262331,U214667,2024-07-04 17:46:36,Tier 2,185925,760,780,20,0,Grocery,CoD,Evening,Android,6.2.0,Marketplace_3P,Central,6.8,1,572,7,1,0.143,1250,6,1,False,Returning,False
ORD1401080,U161152,2024-07-04 18:30:18,Tier 2,701732,1180,1190,10,0,Home & Kitchen,CoD,Evening,Android,6.2.0,Flagship_1P,South,3.4,2,786,19,5,0.263,36100,8,5,False,Returning,False
ORD1429821,U186404,2024-07-04 20:14:51,Tier 1,341898,1950,2440,490,0,Footwear,CoD,Evening,iOS,7.0.0,Flagship_1P,West,7.8,1,57,2,0,0.0,1130,1,0,False,Returning,False
ORD1023045,U165944,2024-07-04 23:35:08,Tier 1,854354,690,830,140,0,Fashion,Prepaid,Late_Night,Android,6.2.0,Marketplace_3P,Central,5.6,1,46,1,0,0.0,4760,0,0,True,New,False
ORD1206080,U136826,2024-07-05 00:07:28,Tier 1,713235,1740,1860,120,0,Fashion,Prepaid,Late_Night,Android,6.2.0,Local_SmallSeller,South,5.2,1,25,1,1,1.0,1150,1,1,True,New,False
ORD1169325,U101097,2024-07-05 01:23:17,Tier 3,210825,270,300,30,0,Books,CoD,Late_Night,Android,6.3.1,Flagship_1P,West,27.1,1,1133,14,3,0.214,20650,11,3,False,Returning,False
ORD1465058,U178586,2024-07-05 04:17:29,Tier 3,639125,290,380,90,60,Beauty,Prepaid,Late_Night,Android,6.4.0,Marketplace_3P,South,6.1,1,370,8,0,0.0,18770,5,0,False,Returning,True
ORD1165590,U165761,2024-07-05 05:59:25,Tier 2,352651,1000,1110,110,0,Fashion,CoD,Morning,Android,6.3.1,Marketplace_3P,North,10.7,1,440,6,2,0.333,5880,2,1,False,Returning,False
ORD1261840,U102567,2024-07-05 06:19:33,Tier 1,442923,3090,3520,430,0,Fashion,Prepaid,Morning,Android,6.3.1,Flagship_1P,East,5.9,1,950,13,1,0.077,14660,12,1,False,Returning,False
ORD1081567,U135308,2024-07-05 10:29:14,Tier 1,526056,1530,2040,510,0,Footwear,Prepaid,Morning,Android,6.4.0,Marketplace_3P,East,11.6,1,303,3,1,0.333,6110,2,1,False,Returning,False
ORD1479041,U183807,2024-07-05 11:02:03,Tier 1,297999,500,610,110,0,Fashion,Prepaid,Morning,Android,6.2.0,Local_SmallSeller,North,14.5,1,1437,12,2,0.167,14520,9,2,False,Returning,False
ORD1471487,U218372,2024-07-05 14:01:25,Tier 1,798059,1390,1840,450,0,Fashion,CoD,Afternoon,iOS,7.0.0,Local_SmallSeller,Central,5.2,1,166,6,0,0.0,7620,3,0,False,Returning,False
ORD1484815,U126120,2024-07-05 16:17:03,Tier 3,757524,600,780,180,0,Grocery,CoD,Afternoon,Android,7.0.0,Marketplace_3P,East,13.8,1,457,7,0,0.0,11920,5,0,False,Returning,False
ORD1366540,U209015,2024-07-05 18:24:58,Tier 3,315057,5100,6860,1760,0,Home & Kitchen,CoD,Evening,iOS,6.2.0,Marketplace_3P,West,22.3,1,36,3,1,0.333,9530,1,1,False,Returning,False
ORD1010110,U132730,2024-07-05 18:32:28,Tier 3,588000,15930,18670,2740,0,Appliances,CoD,Evening,Android,6.2.0,Marketplace_3P,South,17.1,1,56,3,2,0.667,2040,1,1,False,Returning,False
ORD1337479,U134466,2024-07-05 18:59:18,Tier 1,479237,2210,2230,20,0,Fashion,Prepaid,Evening,Android,6.4.0,Marketplace_3P,West,6.4,1,1118,10,1,0.1,16690,3,1,False,Returning,False
ORD1370698,U180791,2024-07-05 20:04:25,Tier 2,202650,5930,6270,340,0,Electronics,CoD,Evening,Android,6.2.0,Marketplace_3P,North,10.0,1,1356,16,2,0.125,51120,9,2,False,Returning,False
ORD1192034,U106743,2024-07-05 21:51:58,Tier 3,538102,4800,6270,1470,0,Mobiles,CoD,Evening,iOS,6.5.2,Marketplace_3P,West,16.8,1,55,1,0,0.0,3200,0,0,True,New,True
ORD1407650,U208613,2024-07-06 01:44:26,Tier 1,237291,2940,3920,980,0,Fashion,Prepaid,Late_Night,iOS,6.4.0,Marketplace_3P,West,11.1,1,162,2,0,0.0,9860,1,0,False,Returning,True
ORD1469118,U205680,2024-07-06 02:11:57,Tier 1,439280,4620,5710,1090,0,Electronics,CoD,Late_Night,iOS,6.3.1,Marketplace_3P,North,7.9,1,822,15,0,0.0,35150,3,0,False,Returning,False
ORD1157656,U102403,2024-07-06 05:40:44,Tier 3,116555,1650,2130,480,0,Fashion,CoD,Morning,Android,6.5.2,Marketplace_3P,South,30.1,1,826,9,4,0.444,9930,6,4,False,Returning,False
ORD1436294,U156177,2024-07-06 09:49:31,Tier 2,330413,1610,2130,520,0,Footwear,Prepaid,Morning,Android,6.2.0,Local_SmallSeller,North,24.5,1,1059,3,0,0.0,3900,2,0,False,Returning,False
ORD1035187,U198042,2024-07-06 12:19:48,Tier 2,705026,630,740,110,0,Beauty,Prepaid,Afternoon,Android,7.0.0,Marketplace_3P,South,4.1,1,1010,16,2,0.125,24050,11,2,False,Returning,False
ORD1366193,U120659,2024-07-06 13:53:22,Tier 1,487076,630,850,220,0,Books,CoD,Afternoon,Android,6.4.0,Local_SmallSeller,North,6.0,2,1139,12,1,0.083,4080,4,1,False,Returning,False
ORD1169500,U188434,2024-07-06 15:41:28,Tier 2,588847,1440,1650,210,0,Fashion,Prepaid,Afternoon,Android,6.5.2,Local_SmallSeller,South,11.5,1,1351,15,0,0.0,58030,7,0,False,Returning,False
ORD1268541,U146354,2024-07-06 18:48:19,Tier 1,673097,580,690,110,0,Books,CoD,Evening,Android,7.0.0,Local_SmallSeller,North,16.5,2,524,6,1,0.167,3150,2,1,False,Returning,False
ORD1067146,U111333,2024-07-06 22:26:43,Tier 2,671726,22770,29080,6310,0,Mobiles,CoD,Late_Night,Android,7.0.0,Flagship_1P,Central,21.0,1,898,11,1,0.091,15900,8,1,False,Returning,True
ORD1358916,U124005,2024-07-06 22:27:53,Tier 3,280145,1250,1360,110,0,Beauty,CoD,Late_Night,Android,6.3.1,Marketplace_3P,South,12.2,2,415,3,1,0.333,2520,2,1,False,Returning,False
ORD1393300,U170160,2024-07-07 03:40:40,Tier 2,521597,2320,2390,70,0,Footwear,Prepaid,Late_Night,iOS,6.4.0,Marketplace_3P,Central,38.2,3,1144,15,0,0.0,76010,4,0,False,Returning,False
ORD1061738,U149053,2024-07-07 04:05:44,Tier 1,633666,240,260,20,40,Beauty,Prepaid,Late_Night,Android,6.5.2,Marketplace_3P,Central,14.2,1,1105,18,4,0.222,36250,6,3,False,Returning,False
ORD1015758,U213567,2024-07-07 04:23:17,Tier 2,142363,7590,10030,2440,0,Appliances,Prepaid,Late_Night,Android,6.3.1,Marketplace_3P,South,3.3,1,1442,17,3,0.176,15690,4,3,False,Returning,False
ORD1364116,U168467,2024-07-07 04:42:21,Tier 3,745104,1600,2030,430,0,Grocery,CoD,Late_Night,Android,6.5.2,Marketplace_3P,North,9.9,1,381,7,0,0.0,860,5,0,False,Returning,False
ORD1090559,U128711,2024-07-07 06:31:43,Tier 3,243061,480,490,10,60,Toys,CoD,Morning,Android,6.3.1,Flagship_1P,South,14.0,1,787,2,0,0.0,2540,1,0,False,Returning,False
ORD1131363,U146769,2024-07-07 07:11:12,Tier 3,451872,460,520,60,0,Footwear,CoD,Morning,iOS,6.4.0,Flagship_1P,Central,9.3,2,1139,15,2,0.133,30850,6,2,False,Returning,False
ORD1433908,U195217,2024-07-07 07:36:15,Tier 1,373910,2070,2160,90,0,Home & Kitchen,CoD,Morning,iOS,6.4.0,Marketplace_3P,West,2.5,1,624,13,4,0.308,28140,4,2,False,Returning,False
ORD1198100,U189169,2024-07-07 08:05:10,Tier 1,328090,3150,3920,770,0,Home & Kitchen,Prepaid,Morning,iOS,6.5.2,Local_SmallSeller,West,6.8,1,472,17,1,0.059,13940,5,1,False,Returning,False
ORD1143942,U116811,2024-07-07 09:57:26,Tier 1,567325,1210,1280,70,0,Beauty,CoD,Morning,Android,6.4.0,Marketplace_3P,North,4.6,1,447,5,1,0.2,10470,3,1,False,Returning,False
ORD1358912,U148668,2024-07-07 13:24:07,Tier 2,753816,4230,5090,860,0,Footwear,Prepaid,Afternoon,iOS,6.3.1,Local_SmallSeller,East,12.3,2,994,10,2,0.2,7430,7,2,False,Returning,False
ORD1399515,U143881,2024-07-07 14:10:22,Tier 2,764874,1140,1450,310,0,Grocery,Prepaid,Afternoon,Android,6.3.1,Flagship_1P,West,12.7,1,734,11,2,0.182,48540,7,2,False,Returning,False
ORD1493993,U114051,2024-07-07 14:12:35,Tier 1,461595,790,910,120,0,Footwear,Prepaid,Afternoon,Android,6.3.1,Marketplace_3P,West,1.3,1,407,2,2,1.0,4060,1,1,False,Returning,False
ORD1215707,U200006,2024-07-07 14:52:39,Tier 2,349119,2430,2800,370,0,Fashion,Prepaid,Afternoon,iOS,7.0.0,Flagship_1P,North,11.9,1,212,7,1,0.143,5170,3,1,False,Returning,False
ORD1332833,U165042,2024-07-07 17:59:29,Tier 2,627746,2300,2550,250,0,Fashion,CoD,Evening,Android,6.2.0,Local_SmallSeller,East,17.1,1,1299,16,4,0.25,36330,8,4,False,Returning,False
ORD1287124,U113571,2024-07-07 18:30:02,Tier 1,834555,15170,16710,1540,0,Mobiles,Prepaid,Evening,Android,7.0.0,Marketplace_3P,East,4.8,2,143,3,1,0.333,10330,2,1,False,Returning,False
ORD1175791,U124005,2024-07-07 19:00:09,Tier 1,338265,10630,13960,3330,0,Appliances,Prepaid,Evening,Android,7.0.0,Local_SmallSeller,North,3.4,1,415,3,1,0.333,2520,2,1,False,Returning,False
ORD1401627,U113767,2024-07-07 22:00:33,Tier 2,609333,260,350,90,0,Grocery,Prepaid,Late_Night,Android,6.5.2,Local_SmallSeller,North,12.7,1,1092,14,3,0.214,7850,7,3,False,Returning,False
ORD1215500,U185055,2024-07-07 22:14:22,Tier 1,127985,260,270,10,40,Toys,Prepaid,Late_Night,Android,7.0.0,Local_SmallSeller,Central,3.0,1,288,5,2,0.4,10680,3,2,False,Returning,False
ORD1152440,U107918,2024-07-08 01:44:25,Tier 1,780015,3380,4210,830,0,Fashion,Prepaid,Late_Night,iOS,7.0.0,Marketplace_3P,West,9.3,1,594,10,3,0.3,36450,6,3,False,Returning,False
ORD1028120,U170060,2024-07-08 05:16:14,Tier 3,494890,7920,9330,1410,0,Appliances,CoD,Morning,Android,6.4.0,Local_SmallSeller,East,65.8,1,167,4,0,0.0,13260,3,0,False,Returning,False
ORD1203648,U110251,2024-07-08 05:23:13,Tier 2,174245,9280,9410,130,0,Appliances,Prepaid,Morning,Android,7.0.0,Marketplace_3P,Central,14.9,1,967,14,8,0.571,52890,5,3,False,Returning,False
ORD1499341,U197697,2024-07-08 06:29:01,Tier 1,842295,1360,1360,0,0,Grocery,CoD,Morning,Android,6.3.1,Local_SmallSeller,Central,4.9,1,1016,8,3,0.375,3150,3,2,False,Returning,True
ORD1457674,U170593,2024-07-08 11:29:31,Tier 1,809337,880,1060,180,0,Fashion,Prepaid,Morning,iOS,6.3.1,Marketplace_3P,Central,8.9,2,1050,14,6,0.429,16070,10,6,False,Returning,False
ORD1073466,U204852,2024-07-08 11:47:28,Tier 3,688960,3860,4320,460,0,Fashion,Prepaid,Morning,Android,6.5.2,Flagship_1P,North,20.2,3,1387,11,0,0.0,20850,5,0,False,Returning,False
ORD1336089,U186430,2024-07-08 13:22:52,Tier 2,366787,9560,10240,680,0,Mobiles,CoD,Afternoon,iOS,6.4.0,Local_SmallSeller,North,14.8,1,991,11,1,0.091,18280,7,1,False,Returning,False
ORD1399083,U197842,2024-07-08 16:00:21,Tier 2,482556,3450,4050,600,0,Home & Kitchen,Prepaid,Afternoon,Android,6.2.0,Flagship_1P,West,5.6,1,698,9,0,0.0,11070,6,0,False,Returning,False
ORD1044164,U167024,2024-07-08 19:32:36,Tier 1,424674,710,810,100,0,Fashion,Prepaid,Evening,iOS,6.4.0,Local_SmallSeller,East,4.0,1,483,7,0,0.0,27650,6,0,False,Returning,False
ORD1091068,U118988,2024-07-08 20:16:54,Tier 2,235106,4490,5930,1440,0,Fashion,CoD,Evening,iOS,6.2.0,Marketplace_3P,Central,4.0,1,124,3,2,0.667,1030,2,2,False,Returning,False
ORD1180143,U137993,2024-07-08 20:20:05,Tier 2,616862,1030,1180,150,0,Grocery,CoD,Evening,Android,6.4.0,Marketplace_3P,South,7.0,1,1051,14,4,0.286,22680,7,4,False,Returning,False
ORD1387491,U200178,2024-07-08 21:36:11,Tier 2,489294,1660,2220,560,0,Footwear,Prepaid,Evening,iOS,6.2.0,Marketplace_3P,West,18.6,1,307,5,1,0.2,13210,3,1,False,Returning,False
ORD1365372,U159984,2024-07-08 22:24:18,Tier 2,783296,870,1130,260,0,Fashion,CoD,Late_Night,Android,7.0.0,Local_SmallSeller,West,8.0,2,682,13,9,0.692,21120,5,4,False,Returning,False
ORD1486450,U113571,2024-07-09 01:27:12,Tier 2,688168,1800,1890,90,0,Footwear,CoD,Late_Night,Android,7.0.0,Flagship_1P,West,11.2,2,143,3,1,0.333,10330,2,1,False,Returning,False
ORD1114272,U141636,2024-07-09 03:09:43,Tier 3,401063,1930,2420,490,0,Grocery,CoD,Late_Night,Android,6.5.2,Local_SmallSeller,Central,10.1,1,1012,17,3,0.176,15140,8,3,False,Returning,False
ORD1464321,U161830,2024-07-09 03:33:15,Tier 1,451646,4570,5050,480,0,Electronics,CoD,Late_Night,Android,6.4.0,Marketplace_3P,South,4.6,1,1264,11,1,0.091,35400,8,1,False,Returning,False
ORD1451105,U218599,2024-07-09 03:41:39,Tier 2,420815,2430,3220,790,0,Footwear,CoD,Late_Night,Android,6.2.0,Marketplace_3P,East,15.5,1,549,10,1,0.1,6950,9,1,False,Returning,False
ORD1180678,U101445,2024-07-09 04:00:32,Tier 1,627856,950,1090,140,0,Fashion,Prepaid,Late_Night,Android,6.5.2,Marketplace_3P,Central,6.1,1,54,2,0,0.0,4620,2,0,False,Returning,False
ORD1271487,U147793,2024-07-09 11:48:51,Tier 2,663088,9240,10600,1360,0,Mobiles,Prepaid,Morning,Android,6.2.0,Marketplace_3P,West,6.9,1,453,5,0,0.0,11400,4,0,False,Returning,False
ORD1496308,U209234,2024-07-09 14:47:38,Tier 1,709551,1310,1550,240,0,Beauty,CoD,Afternoon,Android,6.2.0,Local_SmallSeller,Central,21.9,1,1320,21,2,0.095,40230,13,2,False,Returning,False
ORD1039637,U100061,2024-07-09 15:58:40,Tier 2,634640,730,920,190,0,Toys,Prepaid,Afternoon,Android,6.4.0,Marketplace_3P,South,14.0,1,1117,12,1,0.083,46980,6,1,False,Returning,False
ORD1410172,U152490,2024-07-09 17:34:13,Tier 1,322519,11100,12660,1560,0,Mobiles,Prepaid,Evening,Android,7.0.0,Flagship_1P,North,4.1,3,455,6,1,0.167,9540,5,1,False,Returning,False
ORD1403996,U107517,2024-07-09 22:42:29,Tier 1,238114,3800,5060,1260,0,Electronics,CoD,Late_Night,Android,6.3.1,Marketplace_3P,East,7.6,1,355,1,1,1.0,2070,1,1,True,New,True
ORD1288570,U175657,2024-07-09 22:51:05,Tier 2,486151,22150,26630,4480,0,Appliances,CoD,Late_Night,iOS,6.2.0,Marketplace_3P,South,12.5,1,1257,10,0,0.0,10840,6,0,False,Returning,True
ORD1193963,U109639,2024-07-10 00:02:57,Tier 3,807711,10270,12570,2300,0,Mobiles,CoD,Late_Night,Android,7.0.0,Local_SmallSeller,West,20.3,1,537,8,0,0.0,1400,5,0,False,Returning,False
ORD1279838,U126976,2024-07-10 00:14:42,Tier 1,526433,4090,4630,540,0,Home & Kitchen,Prepaid,Late_Night,Android,6.2.0,Local_SmallSeller,East,7.4,1,784,12,0,0.0,4510,8,0,False,Returning,False
ORD1156041,U201136,2024-07-10 00:55:50,Tier 2,359229,1460,1660,200,0,Fashion,Prepaid,Late_Night,Android,6.2.0,Flagship_1P,Central,17.2,1,959,13,5,0.385,48490,5,3,False,Returning,False
ORD1490841,U157860,2024-07-10 01:04:02,Tier 3,239052,1880,2430,550,0,Home & Kitchen,CoD,Late_Night,Android,6.5.2,Local_SmallSeller,Central,17.4,1,83,2,0,0.0,3190,2,0,False,Returning,False
ORD1425819,U137003,2024-07-10 01:33:31,Tier 1,198683,1500,1530,30,0,Footwear,Prepaid,Late_Night,Android,6.3.1,Flagship_1P,Central,13.2,1,1055,11,1,0.091,7050,4,1,False,Returning,False
ORD1029858,U181765,2024-07-10 01:40:23,Tier 2,810244,1170,1380,210,0,Fashion,Prepaid,Late_Night,Android,6.5.2,Local_SmallSeller,Central,6.3,2,668,14,1,0.071,21250,8,1,False,Returning,False
ORD1263466,U144276,2024-07-10 04:35:13,Tier 2,750277,7270,9720,2450,0,Appliances,CoD,Late_Night,Android,7.0.0,Marketplace_3P,East,8.1,1,1135,16,6,0.375,4260,8,6,False,Returning,False
ORD1184930,U210445,2024-07-10 05:04:29,Tier 1,201654,850,1050,200,0,Fashion,CoD,Morning,Android,7.0.0,Local_SmallSeller,East,15.5,1,339,6,3,0.5,3980,3,2,False,Returning,False
ORD1116718,U144803,2024-07-10 08:53:01,Tier 3,698927,490,570,80,40,Grocery,Prepaid,Morning,Android,6.2.0,Flagship_1P,South,18.7,1,907,9,4,0.444,14020,2,1,False,Returning,False
ORD1097821,U186640,2024-07-10 09:52:03,Tier 2,300900,1490,1920,430,0,Fashion,Prepaid,Morning,Android,7.0.0,Flagship_1P,North,23.6,1,102,2,0,0.0,3330,2,0,False,Returning,False
ORD1388980,U158235,2024-07-10 10:17:31,Tier 1,152357,450,470,20,40,Beauty,Prepaid,Morning,iOS,6.3.1,Local_SmallSeller,South,8.2,1,948,15,3,0.2,4900,13,3,False,Returning,False
ORD1322427,U201218,2024-07-10 11:11:32,Tier 1,339286,800,890,90,0,Footwear,Prepaid,Morning,Android,7.0.0,Marketplace_3P,South,4.3,1,1017,8,1,0.125,5230,4,1,False,Returning,False
ORD1321381,U118532,2024-07-10 12:57:54,Tier 3,458655,1860,2400,540,0,Fashion,Prepaid,Afternoon,Android,6.4.0,Local_SmallSeller,South,33.4,2,705,8,1,0.125,1380,3,1,False,Returning,False
ORD1481110,U145104,2024-07-10 15:51:58,Tier 2,526667,21480,28110,6630,0,Mobiles,Prepaid,Afternoon,Android,6.3.1,Marketplace_3P,South,9.2,1,775,6,2,0.333,19390,4,2,False,Returning,False
ORD1017907,U172098,2024-07-10 17:33:02,Tier 3,565750,1330,1440,110,0,Fashion,CoD,Evening,Android,7.0.0,Marketplace_3P,East,31.4,1,931,11,4,0.364,27850,5,4,False,Returning,False
ORD1251229,U145104,2024-07-10 20:29:27,Tier 1,713866,7150,8210,1060,0,Mobiles,Prepaid,Evening,Android,6.4.0,Marketplace_3P,South,4.3,1,775,6,2,0.333,19390,4,2,False,Returning,False
ORD1157371,U111213,2024-07-10 21:25:50,Tier 1,409104,1650,1930,280,0,Home & Kitchen,Prepaid,Evening,Android,6.3.1,Local_SmallSeller,Central,10.2,1,714,11,1,0.091,5960,6,1,False,Returning,False
ORD1012205,U140990,2024-07-11 00:06:41,Tier 1,410013,6750,8500,1750,0,Electronics,Prepaid,Late_Night,Android,6.3.1,Flagship_1P,Central,8.4,1,1252,12,1,0.083,37860,7,1,False,Returning,False
ORD1054808,U164981,2024-07-11 00:26:45,Tier 2,533112,1860,2490,630,0,Home & Kitchen,CoD,Late_Night,Android,6.4.0,Marketplace_3P,Central,9.2,1,438,6,2,0.333,11510,4,2,False,Returning,False
ORD1143017,U190710,2024-07-11 04:48:37,Tier 3,274766,14880,17300,2420,0,Appliances,Prepaid,Late_Night,Android,6.4.0,Marketplace_3P,North,28.3,1,1077,10,1,0.1,10400,6,1,False,Returning,False
ORD1272829,U160393,2024-07-11 05:43:34,Tier 2,599503,620,710,90,0,Toys,CoD,Morning,Android,6.5.2,Flagship_1P,Central,9.8,1,155,4,1,0.25,4990,3,1,False,Returning,False
ORD1467800,U181107,2024-07-11 11:38:58,Tier 2,595405,2100,2750,650,0,Home & Kitchen,Prepaid,Morning,Android,6.5.2,Local_SmallSeller,North,6.9,2,1129,16,6,0.375,12110,8,6,False,Returning,False
ORD1141316,U150133,2024-07-11 13:34:07,Tier 2,747098,630,680,50,0,Beauty,Prepaid,Afternoon,Android,6.5.2,Flagship_1P,East,21.7,2,957,12,4,0.333,1140,3,2,False,Returning,True
ORD1339012,U165844,2024-07-11 14:03:14,Tier 3,145383,8580,9780,1200,0,Appliances,CoD,Afternoon,iOS,6.3.1,Marketplace_3P,South,17.7,2,1064,11,3,0.273,16670,7,3,False,Returning,True
ORD1353226,U100280,2024-07-11 14:25:43,Tier 1,776027,1390,1690,300,0,Home & Kitchen,Prepaid,Afternoon,iOS,6.2.0,Marketplace_3P,Central,3.3,1,414,4,0,0.0,3360,2,0,False,Returning,False
ORD1103376,U129659,2024-07-11 14:37:12,Tier 1,430070,800,960,160,0,Fashion,CoD,Afternoon,Android,6.3.1,Marketplace_3P,South,8.2,1,1345,20,1,0.05,50770,15,1,False,Returning,False
ORD1295967,U175977,2024-07-11 18:31:18,Tier 3,396023,6660,8210,1550,0,Mobiles,Prepaid,Evening,Android,6.3.1,Marketplace_3P,West,51.3,1,356,5,0,0.0,13310,4,0,False,Returning,False
ORD1256529,U189024,2024-07-11 19:13:34,Tier 1,848808,2580,3350,770,0,Fashion,CoD,Evening,Android,6.4.0,Marketplace_3P,Central,22.9,1,875,17,5,0.294,12500,10,5,False,Returning,False
ORD1442611,U133926,2024-07-11 22:12:41,Tier 3,511288,1250,1590,340,0,Fashion,CoD,Late_Night,Android,7.0.0,Local_SmallSeller,West,26.4,2,1328,12,1,0.083,20620,8,1,False,Returning,False
ORD1173742,U117201,2024-07-11 22:53:51,Tier 3,145412,380,440,60,60,Grocery,CoD,Late_Night,Android,6.2.0,Local_SmallSeller,North,17.7,1,1143,18,1,0.056,29850,6,1,False,Returning,True
ORD1117186,U119340,2024-07-12 00:01:32,Tier 1,840986,2600,3190,590,0,Home & Kitchen,Prepaid,Late_Night,iOS,6.5.2,Marketplace_3P,East,8.1,1,419,5,1,0.2,9440,1,1,False,Returning,False
ORD1261600,U117195,2024-07-12 01:40:04,Tier 3,417827,1510,1730,220,0,Footwear,Prepaid,Late_Night,iOS,7.0.0,Local_SmallSeller,East,17.6,1,988,15,2,0.133,14250,13,2,False,Returning,False
ORD1274996,U153558,2024-07-12 03:15:01,Tier 1,779093,1030,1380,350,0,Footwear,Prepaid,Late_Night,Android,7.0.0,Flagship_1P,South,2.1,1,180,3,1,0.333,6970,2,1,False,Returning,False
ORD1421798,U101236,2024-07-12 08:40:21,Tier 2,648487,920,940,20,0,Fashion,Prepaid,Morning,Android,6.3.1,Marketplace_3P,West,16.0,1,8,2,0,0.0,3190,1,0,False,Returning,False
ORD1226534,U100084,2024-07-12 11:28:19,Tier 1,299505,240,260,20,60,Grocery,Prepaid,Morning,Android,6.2.0,Marketplace_3P,West,2.1,1,945,12,6,0.5,19550,3,2,False,Returning,False
ORD1145368,U146408,2024-07-12 13:25:08,Tier 3,543613,1800,1950,150,0,Footwear,CoD,Afternoon,Android,7.0.0,Marketplace_3P,West,18.2,1,1270,10,1,0.1,12700,8,1,False,Returning,False
ORD1103703,U165771,2024-07-12 15:45:55,Tier 3,249295,1190,1380,190,0,Toys,CoD,Afternoon,Android,6.2.0,Local_SmallSeller,North,15.0,1,497,10,0,0.0,20170,6,0,False,Returning,False
ORD1146196,U176664,2024-07-12 17:31:32,Tier 2,526654,1070,1360,290,0,Grocery,Prepaid,Evening,Android,7.0.0,Local_SmallSeller,Central,8.7,1,1166,8,1,0.125,2280,2,1,False,Returning,False
ORD1269244,U143968,2024-07-12 17:44:58,Tier 1,233493,2680,2740,60,0,Footwear,Prepaid,Evening,Android,6.3.1,Marketplace_3P,East,12.7,1,118,1,0,0.0,690,1,0,True,New,True
ORD1263793,U181730,2024-07-12 21:15:21,Tier 1,252448,1090,1260,170,0,Beauty,Prepaid,Evening,Android,6.3.1,Marketplace_3P,East,8.9,1,108,1,1,1.0,3200,1,1,True,New,False
ORD1009172,U183859,2024-07-12 21:46:03,Tier 2,281810,8490,10790,2300,0,Electronics,CoD,Evening,Android,7.0.0,Marketplace_3P,Central,18.7,2,813,9,0,0.0,4910,7,0,False,Returning,False
ORD1410929,U217307,2024-07-12 23:14:30,Tier 2,396023,10510,13320,2810,0,Mobiles,Prepaid,Late_Night,Android,7.0.0,Marketplace_3P,Central,9.3,1,594,6,1,0.167,7770,3,1,False,Returning,False
ORD1127041,U116672,2024-07-13 03:08:07,Tier 1,182672,4450,5580,1130,0,Electronics,Prepaid,Late_Night,iOS,6.3.1,Marketplace_3P,North,13.4,2,1242,16,5,0.312,9130,3,3,False,Returning,False
ORD1269286,U156812,2024-07-13 14:55:28,Tier 1,611710,3540,3560,20,0,Home & Kitchen,Prepaid,Afternoon,Android,6.3.1,Marketplace_3P,North,10.4,1,1185,10,2,0.2,23210,3,2,False,Returning,False
ORD1278319,U137357,2024-07-13 15:19:50,Tier 1,144170,1700,1790,90,0,Fashion,Prepaid,Afternoon,Android,6.4.0,Local_SmallSeller,East,13.1,1,1293,12,1,0.083,41110,3,1,False,Returning,False
ORD1131079,U186497,2024-07-13 15:52:29,Tier 2,250717,1300,1630,330,0,Fashion,CoD,Afternoon,Android,6.2.0,Flagship_1P,East,21.0,2,232,8,5,0.625,5880,2,2,False,Returning,False
ORD1452252,U209800,2024-07-13 18:49:30,Tier 3,511688,3820,4670,850,0,Electronics,Prepaid,Evening,iOS,7.0.0,Flagship_1P,Central,18.7,1,1101,10,0,0.0,21930,4,0,False,Returning,False
ORD1377891,U155611,2024-07-13 19:13:14,Tier 2,666606,11650,14630,2980,0,Mobiles,CoD,Evening,Android,7.0.0,Marketplace_3P,West,13.8,2,1038,9,1,0.111,10020,6,1,False,Returning,False
ORD1297302,U195329,2024-07-14 00:27:51,Tier 3,192039,2760,3160,400,0,Fashion,CoD,Late_Night,Android,7.0.0,Marketplace_3P,South,3.1,1,29,3,1,0.333,4940,2,1,False,Returning,False
ORD1410705,U162718,2024-07-14 01:28:06,Tier 2,518902,420,490,70,40,Toys,CoD,Late_Night,iOS,7.0.0,Marketplace_3P,South,3.9,1,224,4,0,0.0,9990,2,0,False,Returning,False
ORD1153936,U162453,2024-07-14 04:07:16,Tier 3,720027,1290,1710,420,0,Home & Kitchen,Prepaid,Late_Night,Android,6.3.1,Marketplace_3P,East,12.0,1,727,9,2,0.222,6320,5,2,False,Returning,False
ORD1142838,U102320,2024-07-14 04:14:42,Tier 1,367757,970,1220,250,0,Fashion,CoD,Late_Night,iOS,6.3.1,Marketplace_3P,South,16.7,2,149,4,2,0.5,13660,1,1,False,Returning,False
ORD1249878,U116068,2024-07-14 06:40:42,Tier 3,688610,880,1120,240,0,Home & Kitchen,CoD,Morning,Android,6.4.0,Flagship_1P,North,38.3,1,2,2,0,0.0,9000,2,0,False,Returning,False
ORD1246336,U211449,2024-07-14 06:47:53,Tier 1,245906,2500,3040,540,0,Home & Kitchen,CoD,Morning,Android,6.4.0,Flagship_1P,South,8.9,1,249,2,0,0.0,960,1,0,False,Returning,False
ORD1069399,U194350,2024-07-14 07:28:15,Tier 2,737937,1210,1560,350,0,Toys,CoD,Morning,Android,6.4.0,Marketplace_3P,South,21.9,1,703,6,3,0.5,2590,3,2,False,Returning,True
ORD1170772,U115648,2024-07-14 08:04:47,Tier 2,854848,740,750,10,0,Footwear,Prepaid,Morning,Android,6.3.1,Local_SmallSeller,West,23.8,1,1481,19,4,0.211,30940,8,4,False,Returning,False
ORD1402368,U117154,2024-07-14 09:53:57,Tier 2,559766,1070,1080,10,0,Beauty,CoD,Morning,Android,7.0.0,Local_SmallSeller,East,16.5,1,390,6,0,0.0,11880,5,0,False,Returning,False
ORD1363081,U162597,2024-07-14 10:24:14,Tier 3,423598,980,1020,40,0,Toys,Prepaid,Morning,Android,7.0.0,Marketplace_3P,East,31.3,1,472,5,2,0.4,8710,3,2,False,Returning,False
ORD1097937,U158012,2024-07-14 10:53:24,Tier 3,282861,720,940,220,0,Toys,CoD,Morning,Android,6.5.2,Local_SmallSeller,West,30.7,1,1325,19,3,0.158,30030,12,3,False,Returning,False
ORD1082684,U156855,2024-07-14 10:57:38,Tier 2,498840,850,1020,170,0,Grocery,CoD,Morning,Android,6.2.0,Flagship_1P,Central,7.6,1,1492,15,2,0.133,19680,7,2,False,Returning,False
ORD1421414,U180002,2024-07-14 11:44:30,Tier 2,599903,2460,2680,220,0,Fashion,Prepaid,Morning,Android,6.5.2,Marketplace_3P,East,19.2,1,182,1,1,1.0,1010,0,0,True,New,False
ORD1455095,U174062,2024-07-14 12:22:07,Tier 1,300066,1050,1160,110,0,Beauty,CoD,Afternoon,iOS,6.5.2,Marketplace_3P,West,4.2,1,1481,17,1,0.059,67170,5,1,False,Returning,False
ORD1230806,U162597,2024-07-14 17:00:25,Tier 1,326383,10440,13040,2600,0,Appliances,Prepaid,Evening,Android,6.2.0,Marketplace_3P,East,1.7,1,472,5,2,0.4,8710,3,2,False,Returning,False
ORD1121386,U203446,2024-07-14 21:18:35,Tier 1,855795,2330,3010,680,0,Footwear,Prepaid,Evening,iOS,6.3.1,Marketplace_3P,West,5.7,1,434,7,0,0.0,6150,2,0,False,Returning,False
ORD1296875,U107472,2024-07-14 22:08:03,Tier 2,220548,2960,3230,270,0,Fashion,CoD,Late_Night,Android,6.4.0,Marketplace_3P,North,12.0,1,330,7,1,0.143,4430,4,1,False,Returning,False
ORD1346442,U100351,2024-07-14 23:08:58,Tier 3,666031,7510,9090,1580,0,Electronics,Prepaid,Late_Night,Android,6.2.0,Marketplace_3P,West,33.0,1,68,2,0,0.0,4550,1,0,False,Returning,True
ORD1007880,U201121,2024-07-15 02:55:36,Tier 3,551449,11490,14150,2660,0,Mobiles,CoD,Late_Night,Android,6.2.0,Marketplace_3P,South,7.6,1,772,3,0,0.0,9960,2,0,False,Returning,False
ORD1280217,U143200,2024-07-15 04:55:09,Tier 1,348471,530,580,50,0,Grocery,Prepaid,Late_Night,Android,6.4.0,Marketplace_3P,East,2.0,1,546,9,2,0.222,8370,6,2,False,Returning,False
ORD1092942,U122520,2024-07-15 07:22:45,Tier 3,324768,740,880,140,0,Fashion,CoD,Morning,Android,6.4.0,Local_SmallSeller,North,26.0,2,841,14,5,0.357,8610,10,5,False,Returning,False
ORD1209847,U118627,2024-07-15 11:04:51,Tier 1,631406,710,840,130,0,Books,Prepaid,Morning,Android,6.3.1,Marketplace_3P,West,0.7,3,1161,8,3,0.375,10860,2,2,False,Returning,False
ORD1058464,U102958,2024-07-15 11:51:14,Tier 1,168526,6280,6960,680,0,Electronics,CoD,Morning,Android,7.0.0,Marketplace_3P,West,8.6,1,769,14,1,0.071,9990,8,1,False,Returning,False
ORD1252978,U108104,2024-07-15 16:31:44,Tier 1,209022,2080,2770,690,0,Home & Kitchen,Prepaid,Afternoon,Android,6.3.1,Marketplace_3P,North,4.6,1,821,9,7,0.778,29720,4,2,False,Returning,False
ORD1437908,U102273,2024-07-15 19:41:38,Tier 3,412514,5830,6570,740,0,Electronics,CoD,Evening,Android,6.5.2,Local_SmallSeller,East,14.6,1,692,9,2,0.222,9210,4,2,False,Returning,True
ORD1043192,U150799,2024-07-15 20:42:18,Tier 3,246704,2280,2620,340,0,Home & Kitchen,CoD,Evening,Android,6.5.2,Local_SmallSeller,North,28.5,1,1417,18,8,0.444,12600,8,5,False,Returning,False
ORD1038305,U209545,2024-07-15 22:15:22,Tier 2,134855,920,930,10,0,Fashion,CoD,Late_Night,Android,6.4.0,Marketplace_3P,South,12.1,1,1492,18,6,0.333,50830,8,6,False,Returning,False
ORD1378475,U168526,2024-07-16 00:28:06,Tier 3,386866,4510,5630,1120,0,Electronics,CoD,Late_Night,Android,6.5.2,Local_SmallSeller,Central,21.9,1,1194,17,1,0.059,47090,10,1,False,Returning,False
ORD1016149,U210999,2024-07-16 01:19:09,Tier 2,585556,1050,1250,200,0,Fashion,CoD,Late_Night,Android,6.3.1,Flagship_1P,East,13.9,2,14,1,0,0.0,1040,0,0,True,New,False
ORD1068421,U106353,2024-07-16 08:38:13,Tier 3,235385,530,600,70,0,Beauty,CoD,Morning,Android,7.0.0,Flagship_1P,Central,11.9,1,1300,14,3,0.214,8220,10,3,False,Returning,False
ORD1079140,U124144,2024-07-16 10:43:43,Tier 2,833948,2070,2690,620,0,Home & Kitchen,Prepaid,Morning,Android,6.3.1,Local_SmallSeller,North,2.5,1,548,11,4,0.364,9580,6,4,False,Returning,False
ORD1259764,U122821,2024-07-16 10:46:33,Tier 2,680723,2630,2760,130,0,Home & Kitchen,Prepaid,Morning,Android,7.0.0,Flagship_1P,South,10.9,2,298,3,0,0.0,4220,3,0,False,Returning,False
ORD1085120,U116777,2024-07-16 12:21:33,Tier 2,603190,4860,6160,1300,0,Electronics,CoD,Afternoon,Android,6.4.0,Marketplace_3P,South,13.0,3,878,7,0,0.0,28640,5,0,False,Returning,False
ORD1062215,U184891,2024-07-16 12:56:35,Tier 1,196148,2790,3300,510,0,Fashion,Prepaid,Afternoon,iOS,6.5.2,Marketplace_3P,East,4.1,3,1461,19,1,0.053,91910,12,1,False,Returning,False
ORD1434995,U162597,2024-07-16 13:59:38,Tier 1,422934,1770,2360,590,0,Fashion,Prepaid,Afternoon,Android,6.2.0,Local_SmallSeller,West,17.4,2,472,5,2,0.4,8710,3,2,False,Returning,False
ORD1446910,U165557,2024-07-16 14:00:30,Tier 1,601018,270,300,30,0,Toys,CoD,Afternoon,Android,6.5.2,Marketplace_3P,Central,24.0,1,1228,13,1,0.077,15410,6,1,False,Returning,False
ORD1355547,U214902,2024-07-16 14:24:02,Tier 1,288728,1840,2100,260,0,Beauty,Prepaid,Afternoon,Android,6.5.2,Marketplace_3P,East,8.5,2,339,4,0,0.0,13310,2,0,False,Returning,False
ORD1409027,U136457,2024-07-16 16:34:52,Tier 1,455625,1810,1880,70,0,Home & Kitchen,CoD,Afternoon,Android,6.3.1,Marketplace_3P,North,7.9,1,287,4,1,0.25,7180,3,1,False,Returning,False
ORD1263999,U105461,2024-07-16 16:59:10,Tier 2,388497,1410,1780,370,0,Footwear,CoD,Afternoon,Android,6.4.0,Marketplace_3P,East,15.5,1,5,1,0,0.0,930,1,0,True,New,False
ORD1370984,U117157,2024-07-16 17:19:55,Tier 3,137310,17040,19150,2110,0,Mobiles,CoD,Evening,Android,6.4.0,Local_SmallSeller,East,40.3,2,14,1,0,0.0,820,1,0,True,New,True
ORD1187466,U191276,2024-07-16 21:50:00,Tier 2,479995,2140,2170,30,0,Home & Kitchen,CoD,Evening,Android,6.4.0,Local_SmallSeller,Central,13.0,1,1007,10,5,0.5,11520,2,1,False,Returning,False
ORD1228587,U147321,2024-07-16 23:09:13,Tier 2,690181,590,670,80,0,Fashion,Prepaid,Late_Night,Android,7.0.0,Marketplace_3P,Central,5.9,2,1082,13,0,0.0,5460,8,0,False,Returning,False
ORD1466076,U206719,2024-07-17 07:09:17,Tier 1,672409,6930,7490,560,0,Electronics,CoD,Morning,iOS,6.5.2,Flagship_1P,Central,6.5,1,70,3,0,0.0,19210,2,0,False,Returning,False
ORD1201003,U118837,2024-07-17 07:54:54,Tier 1,720821,1210,1530,320,0,Grocery,Prepaid,Morning,Android,7.0.0,Marketplace_3P,Central,13.1,1,650,9,2,0.222,2210,3,2,False,Returning,False
ORD1196649,U184478,2024-07-17 08:32:07,Tier 2,406231,830,930,100,0,Grocery,CoD,Morning,Android,6.4.0,Local_SmallSeller,West,10.6,3,252,3,0,0.0,7700,1,0,False,Returning,False
ORD1166923,U207096,2024-07-17 12:16:04,Tier 1,491028,380,380,0,60,Grocery,CoD,Afternoon,Android,7.0.0,Marketplace_3P,West,6.3,1,327,9,1,0.111,23050,4,1,False,Returning,False
ORD1216787,U149354,2024-07-17 13:17:32,Tier 2,667904,2790,3410,620,0,Home & Kitchen,Prepaid,Afternoon,Android,6.4.0,Marketplace_3P,North,6.9,1,1082,13,0,0.0,23770,5,0,False,Returning,False
ORD1181176,U165359,2024-07-17 14:00:47,Tier 2,613406,7620,9530,1910,0,Electronics,CoD,Afternoon,Android,6.5.2,Local_SmallSeller,North,9.6,2,1385,13,1,0.077,35730,10,1,False,Returning,False
ORD1488500,U175726,2024-07-17 14:31:27,Tier 1,460471,4740,5320,580,0,Electronics,CoD,Afternoon,Android,7.0.0,Marketplace_3P,West,24.6,1,169,5,1,0.2,8770,2,1,False,Returning,False
ORD1069435,U186943,2024-07-17 14:56:07,Tier 2,454826,2330,2950,620,0,Electronics,CoD,Afternoon,Android,6.2.0,Marketplace_3P,South,25.9,1,390,7,2,0.286,15990,3,2,False,Returning,False
ORD1275393,U177178,2024-07-17 15:38:16,Tier 1,697251,4970,5280,310,0,Electronics,Prepaid,Afternoon,Android,6.5.2,Marketplace_3P,Central,4.0,1,1181,18,3,0.167,10820,15,3,False,Returning,False
ORD1401826,U110787,2024-07-17 20:41:38,Tier 1,316452,2690,3000,310,0,Home & Kitchen,CoD,Evening,Android,6.5.2,Marketplace_3P,West,3.0,1,179,2,0,0.0,1430,1,0,False,Returning,False
ORD1045448,U174495,2024-07-17 21:11:36,Tier 2,612175,1510,1570,60,0,Fashion,Prepaid,Evening,Android,7.0.0,Marketplace_3P,East,9.4,1,797,8,3,0.375,22870,4,3,False,Returning,False
ORD1155008,U162433,2024-07-17 21:32:53,Tier 2,772838,680,850,170,0,Beauty,Prepaid,Evening,Android,6.2.0,Flagship_1P,Central,13.4,1,1135,18,3,0.167,18380,7,3,False,Returning,False
ORD1443017,U189752,2024-07-17 23:05:55,Tier 2,543947,320,360,40,40,Toys,CoD,Late_Night,Android,6.3.1,Marketplace_3P,North,7.8,1,433,5,1,0.2,10610,3,1,False,Returning,False
ORD1293034,U112157,2024-07-18 00:27:47,Tier 1,676664,16690,19450,2760,0,Mobiles,CoD,Late_Night,Android,6.2.0,Marketplace_3P,West,12.5,1,161,3,1,0.333,2940,1,1,False,Returning,False
ORD1119330,U116536,2024-07-18 02:16:37,Tier 2,123924,1820,2300,480,0,Grocery,CoD,Late_Night,Android,6.2.0,Marketplace_3P,West,9.4,1,1097,14,2,0.143,8550,12,2,False,Returning,True
ORD1056669,U215622,2024-07-18 03:43:59,Tier 3,511110,3180,3840,660,0,Home & Kitchen,CoD,Late_Night,Android,6.2.0,Local_SmallSeller,West,11.9,1,1103,13,2,0.154,38490,5,2,False,Returning,False
ORD1190475,U181845,2024-07-18 04:12:19,Tier 2,289363,960,990,30,0,Grocery,CoD,Late_Night,Android,7.0.0,Local_SmallSeller,Central,13.6,1,544,3,1,0.333,820,1,1,False,Returning,False
ORD1436550,U124005,2024-07-18 07:36:56,Tier 2,448707,1020,1270,250,0,Fashion,CoD,Morning,Android,6.3.1,Marketplace_3P,West,20.8,1,415,3,1,0.333,2520,2,1,False,Returning,False
ORD1362953,U119647,2024-07-18 12:17:00,Tier 1,422329,13140,16770,3630,0,Electronics,Prepaid,Afternoon,Android,6.3.1,Marketplace_3P,West,0.2,1,272,5,1,0.2,22090,1,1,False,Returning,False
ORD1059521,U150188,2024-07-18 17:38:59,Tier 1,408438,5460,7210,1750,0,Electronics,Prepaid,Evening,Android,7.0.0,Marketplace_3P,North,8.2,1,1123,9,3,0.333,17990,8,3,False,Returning,False
ORD1388395,U119571,2024-07-18 19:45:29,Tier 3,662099,12920,16780,3860,0,Electronics,CoD,Evening,Android,6.3.1,Marketplace_3P,Central,13.6,3,660,7,0,0.0,5490,6,0,False,Returning,True
ORD1208654,U158405,2024-07-18 20:27:49,Tier 2,345727,2200,2270,70,0,Fashion,CoD,Evening,Android,6.5.2,Marketplace_3P,West,5.9,1,784,6,1,0.167,2510,3,1,False,Returning,False
ORD1179646,U196938,2024-07-18 20:33:31,Tier 2,769209,870,1060,190,0,Footwear,CoD,Evening,Android,7.0.0,Marketplace_3P,South,14.6,1,854,9,4,0.444,6730,6,4,False,Returning,False
ORD1161766,U209316,2024-07-18 21:30:24,Tier 2,789660,1300,1450,150,0,Footwear,CoD,Evening,Android,6.4.0,Local_SmallSeller,Central,7.5,1,1414,12,5,0.417,6590,3,3,False,Returning,False
ORD1343771,U126601,2024-07-18 21:50:50,Tier 2,685433,9690,10720,1030,0,Mobiles,Prepaid,Evening,Android,6.5.2,Marketplace_3P,South,6.7,2,702,7,2,0.286,1800,3,2,False,Returning,False
ORD1168853,U141205,2024-07-19 02:08:42,Tier 2,546708,3890,5030,1140,0,Home & Kitchen,CoD,Late_Night,Android,6.3.1,Marketplace_3P,West,29.8,1,1498,18,0,0.0,22910,4,0,False,Returning,False
ORD1054664,U127495,2024-07-19 02:28:24,Tier 3,155782,490,630,140,40,Toys,CoD,Late_Night,Android,6.2.0,Local_SmallSeller,North,13.4,1,1161,12,2,0.167,18880,6,2,False,Returning,False
ORD1325214,U115110,2024-07-19 05:11:15,Tier 3,620620,6260,6460,200,0,Appliances,CoD,Morning,Android,6.4.0,Local_SmallSeller,North,34.8,1,1379,15,6,0.4,13710,8,6,False,Returning,True
ORD1319198,U159429,2024-07-19 09:32:13,Tier 2,660925,5200,5620,420,0,Electronics,CoD,Morning,Android,7.0.0,Local_SmallSeller,West,14.3,1,1499,25,2,0.08,15580,15,2,False,Returning,False
ORD1127497,U185877,2024-07-19 11:09:07,Tier 1,599018,1520,1930,410,0,Fashion,CoD,Morning,Android,6.5.2,Marketplace_3P,North,2.3,1,267,4,1,0.25,5550,3,1,False,Returning,False
ORD1355071,U113347,2024-07-19 12:59:01,Tier 2,560560,4020,4330,310,0,Electronics,CoD,Afternoon,Android,6.2.0,Local_SmallSeller,South,13.0,1,962,18,1,0.056,5570,13,1,False,Returning,False
ORD1076495,U131305,2024-07-19 19:09:28,Tier 1,703900,1190,1400,210,0,Footwear,Prepaid,Evening,iOS,7.0.0,Local_SmallSeller,North,7.7,1,1230,14,2,0.143,45170,10,2,False,Returning,False
ORD1213780,U135834,2024-07-19 19:24:38,Tier 1,460109,4900,5500,600,0,Home & Kitchen,Prepaid,Evening,Android,6.2.0,Flagship_1P,West,6.9,1,591,6,1,0.167,19250,1,1,False,Returning,False
ORD1420972,U157927,2024-07-19 22:51:43,Tier 1,219694,440,470,30,40,Grocery,Prepaid,Late_Night,Android,7.0.0,Marketplace_3P,South,2.6,1,428,6,1,0.167,22860,2,1,False,Returning,False
ORD1311086,U106496,2024-07-20 02:19:40,Tier 2,194716,960,1180,220,0,Footwear,Prepaid,Late_Night,Android,6.5.2,Flagship_1P,South,6.8,3,919,9,2,0.222,13820,2,1,False,Returning,False
ORD1230627,U125364,2024-07-20 03:19:34,Tier 1,641442,2370,2920,550,0,Home & Kitchen,CoD,Late_Night,iOS,6.3.1,Marketplace_3P,Central,10.5,1,53,1,0,0.0,1050,1,0,True,New,True
ORD1490390,U162113,2024-07-20 05:41:25,Tier 2,829020,2480,2990,510,0,Electronics,CoD,Morning,Android,6.5.2,Marketplace_3P,North,6.3,1,495,6,2,0.333,9430,5,2,False,Returning,False
ORD1332539,U186149,2024-07-20 07:37:13,Tier 3,671137,570,760,190,0,Books,Prepaid,Morning,Android,6.4.0,Marketplace_3P,Central,14.1,2,562,8,4,0.5,5310,5,4,False,Returning,False
ORD1439901,U116701,2024-07-20 12:15:43,Tier 2,155423,12360,14020,1660,0,Appliances,Prepaid,Afternoon,Android,6.5.2,Flagship_1P,South,29.1,2,615,8,2,0.25,21390,3,2,False,Returning,False
ORD1081261,U165510,2024-07-20 13:20:36,Tier 2,343415,310,320,10,40,Books,Prepaid,Afternoon,Android,6.2.0,Marketplace_3P,Central,8.4,3,1242,10,5,0.5,4730,6,5,False,Returning,False
ORD1303256,U135960,2024-07-20 14:32:01,Tier 1,775906,1700,2050,350,0,Fashion,Prepaid,Afternoon,Android,6.5.2,Flagship_1P,Central,4.4,1,1471,20,4,0.2,34980,11,4,False,Returning,False
ORD1353159,U170795,2024-07-20 15:35:53,Tier 1,830372,1090,1150,60,0,Footwear,Prepaid,Afternoon,Android,6.4.0,Marketplace_3P,South,13.2,2,880,12,4,0.333,10760,3,3,False,Returning,False
ORD1312487,U119517,2024-07-20 16:36:20,Tier 2,506760,8410,10960,2550,0,Mobiles,Prepaid,Afternoon,Android,6.5.2,Marketplace_3P,Central,30.8,2,1105,17,4,0.235,20300,7,4,False,Returning,False
ORD1245792,U106800,2024-07-20 16:47:37,Tier 2,607287,1120,1470,350,0,Toys,CoD,Afternoon,iOS,6.3.1,Marketplace_3P,North,10.3,1,1277,17,5,0.294,9830,11,5,False,Returning,False
ORD1123335,U194192,2024-07-20 17:25:28,Tier 1,267227,13840,17280,3440,0,Mobiles,Prepaid,Evening,Android,6.2.0,Marketplace_3P,East,8.8,2,832,7,2,0.286,6060,5,2,False,Returning,False
ORD1334123,U114461,2024-07-21 02:00:21,Tier 3,196973,800,970,170,0,Fashion,CoD,Late_Night,Android,6.4.0,Marketplace_3P,Central,31.4,1,144,2,0,0.0,2870,1,0,False,Returning,False
ORD1163258,U207004,2024-07-21 03:38:01,Tier 1,855096,5650,6380,730,0,Electronics,Prepaid,Late_Night,Android,6.2.0,Flagship_1P,Central,3.9,1,147,3,0,0.0,930,1,0,False,Returning,False
ORD1406773,U108058,2024-07-21 05:06:55,Tier 2,679217,3510,4360,850,0,Footwear,Prepaid,Morning,Android,6.3.1,Flagship_1P,North,5.0,1,1357,14,6,0.429,29180,9,6,False,Returning,False
ORD1400956,U168733,2024-07-21 05:21:07,Tier 2,141237,1270,1300,30,0,Fashion,CoD,Morning,Android,6.2.0,Marketplace_3P,South,30.5,1,1084,8,4,0.5,14340,5,4,False,Returning,False
ORD1011922,U119084,2024-07-21 05:44:02,Tier 2,599264,340,370,30,40,Grocery,Prepaid,Morning,Android,7.0.0,Local_SmallSeller,South,4.2,3,663,7,2,0.286,16550,6,2,False,Returning,False
ORD1018003,U112854,2024-07-21 08:10:50,Tier 1,717925,420,500,80,40,Books,CoD,Morning,Android,6.3.1,Marketplace_3P,East,5.6,1,593,5,2,0.4,10770,3,2,False,Returning,False
ORD1443987,U153603,2024-07-21 09:51:20,Tier 2,125563,910,980,70,0,Home & Kitchen,CoD,Morning,iOS,7.0.0,Marketplace_3P,West,14.0,1,1294,15,1,0.067,26200,6,1,False,Returning,False
ORD1320998,U146354,2024-07-21 14:53:41,Tier 2,391398,600,650,50,0,Footwear,CoD,Afternoon,Android,6.2.0,Marketplace_3P,Central,12.7,1,524,6,1,0.167,3150,2,1,False,Returning,False
ORD1216048,U166380,2024-07-21 16:52:07,Tier 2,626643,2090,2780,690,0,Fashion,Prepaid,Afternoon,Android,6.4.0,Marketplace_3P,North,16.6,1,861,6,0,0.0,5910,1,0,False,Returning,False
ORD1148935,U119363,2024-07-21 19:02:55,Tier 2,691757,10940,12110,1170,0,Electronics,Prepaid,Evening,iOS,6.2.0,Local_SmallSeller,South,11.8,1,1402,13,3,0.231,3250,10,3,False,Returning,False
ORD1478201,U133621,2024-07-21 20:14:35,Tier 1,761013,1170,1490,320,0,Fashion,Prepaid,Evening,Android,7.0.0,Local_SmallSeller,South,11.7,3,91,1,0,0.0,1990,0,0,True,New,False
ORD1091117,U131859,2024-07-21 22:35:16,Tier 3,784630,1330,1420,90,0,Fashion,CoD,Late_Night,Android,7.0.0,Marketplace_3P,Central,12.7,1,333,3,0,0.0,5080,2,0,False,Returning,True
ORD1199471,U116217,2024-07-21 23:16:53,Tier 3,139751,560,630,70,0,Grocery,Prepaid,Late_Night,Android,7.0.0,Local_SmallSeller,West,10.4,1,543,6,2,0.333,3660,2,1,False,Returning,False
ORD1210959,U145465,2024-07-22 02:04:28,Tier 2,567894,12660,16620,3960,0,Electronics,CoD,Late_Night,Android,6.5.2,Local_SmallSeller,South,6.3,1,591,8,1,0.125,10350,5,1,False,Returning,False
ORD1421860,U140820,2024-07-22 02:46:50,Tier 2,199533,790,840,50,0,Fashion,CoD,Late_Night,iOS,6.3.1,Flagship_1P,Central,10.0,1,22,2,0,0.0,130,2,0,False,Returning,False
ORD1373993,U149765,2024-07-22 03:13:11,Tier 3,358735,23420,23840,420,0,Mobiles,CoD,Late_Night,Android,6.3.1,Marketplace_3P,East,13.4,3,471,8,3,0.375,2400,7,3,False,Returning,False
ORD1179321,U181847,2024-07-22 03:13:40,Tier 3,407689,640,720,80,0,Home & Kitchen,CoD,Late_Night,Android,7.0.0,Flagship_1P,Central,23.2,2,259,4,2,0.5,3060,3,2,False,Returning,False
ORD1332143,U194165,2024-07-22 05:27:53,Tier 2,420183,6230,6320,90,0,Electronics,Prepaid,Morning,Android,7.0.0,Flagship_1P,South,2.0,1,685,10,3,0.3,6350,9,3,False,Returning,False
ORD1136168,U207419,2024-07-22 06:34:18,Tier 3,731834,1630,2030,400,0,Footwear,CoD,Morning,Android,6.4.0,Local_SmallSeller,West,40.2,1,29,2,1,0.5,650,2,1,False,Returning,True
ORD1386265,U207192,2024-07-22 06:56:41,Tier 2,290223,940,980,40,0,Footwear,CoD,Morning,Android,6.2.0,Flagship_1P,North,13.2,1,828,12,3,0.25,9050,6,3,False,Returning,False
ORD1147460,U102423,2024-07-22 08:33:54,Tier 2,478058,920,1180,260,0,Grocery,CoD,Morning,Android,6.5.2,Local_SmallSeller,Central,3.6,1,1240,13,2,0.154,22240,7,2,False,Returning,False
ORD1096282,U130644,2024-07-22 10:59:15,Tier 3,221872,4950,5850,900,0,Electronics,CoD,Morning,Android,7.0.0,Flagship_1P,North,9.1,2,491,6,2,0.333,4500,2,1,False,Returning,False
ORD1012557,U129529,2024-07-22 11:01:24,Tier 3,275339,630,750,120,0,Toys,CoD,Morning,Android,6.2.0,Local_SmallSeller,North,9.8,1,1358,17,4,0.235,6900,11,4,False,Returning,False
ORD1004447,U111283,2024-07-22 11:38:12,Tier 1,234042,1360,1750,390,0,Beauty,Prepaid,Morning,Android,6.2.0,Flagship_1P,East,15.3,1,945,10,3,0.3,5410,3,2,False,Returning,False
ORD1374482,U209835,2024-07-22 12:41:53,Tier 2,757584,1420,1480,60,0,Electronics,CoD,Afternoon,Android,6.2.0,Marketplace_3P,East,24.5,1,540,10,7,0.7,15410,2,1,False,Returning,False
ORD1061675,U208446,2024-07-22 14:25:12,Tier 1,516065,1990,2440,450,0,Toys,CoD,Afternoon,Android,6.2.0,Marketplace_3P,North,4.4,1,492,15,0,0.0,16080,8,0,False,Returning,False
ORD1015038,U110251,2024-07-22 16:07:02,Tier 1,772212,4310,5080,770,0,Footwear,Prepaid,Afternoon,Android,6.2.0,Flagship_1P,South,8.2,2,967,14,8,0.571,52890,5,3,False,Returning,False
ORD1049215,U160154,2024-07-22 17:08:58,Tier 3,482407,650,690,40,0,Beauty,CoD,Evening,Android,6.3.1,Flagship_1P,West,14.5,2,1304,19,3,0.158,32820,14,3,False,Returning,False
ORD1107832,U162565,2024-07-22 18:19:27,Tier 2,532860,4000,4160,160,0,Beauty,Prepaid,Evening,Android,6.5.2,Flagship_1P,West,10.8,1,978,15,3,0.2,56860,6,3,False,Returning,False
ORD1319144,U200491,2024-07-22 19:43:32,Tier 3,808996,4480,5290,810,0,Home & Kitchen,CoD,Evening,Android,6.5.2,Marketplace_3P,Central,35.5,1,1121,14,3,0.214,15340,7,3,False,Returning,True
ORD1375704,U193777,2024-07-22 23:46:56,Tier 3,811454,7370,9710,2340,0,Electronics,CoD,Late_Night,Android,6.5.2,Local_SmallSeller,West,20.4,1,771,15,3,0.2,24070,5,3,False,Returning,True
ORD1296499,U108677,2024-07-23 03:37:55,Tier 3,496200,770,980,210,0,Beauty,CoD,Late_Night,Android,6.4.0,Marketplace_3P,Central,18.5,1,874,5,2,0.4,14930,2,1,False,Returning,True
ORD1141462,U116189,2024-07-23 04:36:21,Tier 2,321687,1260,1480,220,0,Fashion,CoD,Late_Night,iOS,6.4.0,Marketplace_3P,West,5.7,3,18,2,1,0.5,2390,2,1,False,Returning,False
ORD1004941,U164678,2024-07-23 04:56:27,Tier 2,430025,1380,1620,240,0,Home & Kitchen,CoD,Late_Night,Android,7.0.0,Flagship_1P,East,32.0,2,23,1,1,1.0,920,0,0,True,New,False
ORD1471932,U207066,2024-07-23 05:17:17,Tier 1,626172,1420,1440,20,0,Fashion,CoD,Morning,Android,6.4.0,Flagship_1P,North,9.2,1,564,5,0,0.0,3330,2,0,False,Returning,False
ORD1021357,U153333,2024-07-23 08:24:34,Tier 2,775144,660,690,30,0,Grocery,CoD,Morning,Android,6.5.2,Marketplace_3P,South,1.6,1,115,2,1,0.5,1190,1,1,False,Returning,False
ORD1275742,U204706,2024-07-23 09:33:02,Tier 2,819705,8750,10850,2100,0,Electronics,CoD,Morning,iOS,6.2.0,Flagship_1P,East,10.4,1,1473,20,5,0.25,7660,17,5,False,Returning,False
ORD1105581,U188093,2024-07-23 12:44:09,Tier 1,281072,5510,6210,700,0,Mobiles,CoD,Afternoon,Android,6.4.0,Marketplace_3P,North,1.0,1,36,1,0,0.0,2720,1,0,True,New,False
ORD1125426,U145712,2024-07-23 13:36:46,Tier 2,406672,1120,1320,200,0,Grocery,CoD,Afternoon,Android,6.5.2,Marketplace_3P,North,9.8,1,167,3,0,0.0,2340,2,0,False,Returning,False
ORD1464190,U147485,2024-07-23 14:08:03,Tier 1,686694,930,1230,300,0,Toys,Prepaid,Afternoon,Android,6.5.2,Local_SmallSeller,South,2.6,2,1325,12,6,0.5,11390,5,4,False,Returning,False
ORD1325354,U177249,2024-07-23 14:11:28,Tier 2,532056,1330,1550,220,0,Beauty,Prepaid,Afternoon,Android,7.0.0,Flagship_1P,East,8.7,1,1414,18,2,0.111,41570,7,2,False,Returning,False
ORD1065618,U112010,2024-07-23 15:24:47,Tier 3,652245,220,230,10,40,Books,CoD,Afternoon,Android,7.0.0,Marketplace_3P,East,38.2,1,748,9,0,0.0,2020,5,0,False,Returning,False
ORD1284974,U184892,2024-07-23 21:01:35,Tier 3,488395,1580,1830,250,0,Footwear,CoD,Evening,Android,6.5.2,Marketplace_3P,Central,42.8,1,379,9,2,0.222,16760,5,2,False,Returning,False
ORD1280183,U181015,2024-07-23 22:23:18,Tier 2,496043,1330,1450,120,0,Beauty,CoD,Late_Night,Android,6.3.1,Flagship_1P,South,31.5,1,244,4,0,0.0,6390,3,0,False,Returning,False
ORD1356355,U164068,2024-07-23 23:04:13,Tier 3,610086,8190,8570,380,0,Electronics,CoD,Late_Night,Android,6.3.1,Marketplace_3P,North,38.3,1,915,9,2,0.222,18910,8,2,False,Returning,False
ORD1283045,U206461,2024-07-23 23:41:08,Tier 1,696347,2310,2990,680,0,Fashion,CoD,Late_Night,Android,6.2.0,Marketplace_3P,West,2.6,1,563,11,2,0.182,8470,4,2,False,Returning,False
ORD1240506,U183838,2024-07-24 00:03:18,Tier 1,757530,470,510,40,60,Toys,Prepaid,Late_Night,iOS,6.4.0,Flagship_1P,North,4.1,1,1186,13,0,0.0,19750,12,0,False,Returning,False
ORD1164969,U134876,2024-07-24 03:31:44,Tier 2,211052,1270,1510,240,0,Footwear,Prepaid,Late_Night,Android,7.0.0,Marketplace_3P,North,13.5,1,219,3,1,0.333,5300,2,1,False,Returning,False
ORD1420107,U168850,2024-07-24 04:24:29,Tier 1,599558,8770,9020,250,0,Appliances,Prepaid,Late_Night,Android,6.3.1,Marketplace_3P,North,7.0,1,952,13,2,0.154,4060,3,2,False,Returning,False
ORD1476432,U144207,2024-07-24 05:40:04,Tier 3,824263,27120,27560,440,0,Electronics,CoD,Morning,Android,6.4.0,Marketplace_3P,North,36.0,2,1493,16,5,0.312,10520,6,5,False,Returning,False
ORD1427950,U126102,2024-07-24 08:07:02,Tier 1,113663,790,900,110,0,Beauty,Prepaid,Morning,Android,6.2.0,Marketplace_3P,East,4.1,2,1246,15,3,0.2,22130,6,3,False,Returning,False
ORD1094031,U106866,2024-07-24 12:20:44,Tier 2,523270,3060,4120,1060,0,Electronics,CoD,Afternoon,iOS,6.4.0,Flagship_1P,East,4.3,1,672,10,2,0.2,13810,4,2,False,Returning,False
ORD1294165,U210130,2024-07-24 12:40:09,Tier 3,732864,1220,1240,20,0,Footwear,Prepaid,Afternoon,Android,6.5.2,Local_SmallSeller,North,14.1,1,577,6,1,0.167,14630,2,1,False,Returning,False
ORD1018545,U155618,2024-07-24 14:02:43,Tier 2,707170,330,360,30,40,Toys,CoD,Afternoon,Android,6.5.2,Local_SmallSeller,South,20.8,1,729,10,0,0.0,33180,7,0,False,Returning,False
ORD1146436,U202763,2024-07-24 15:35:01,Tier 2,769113,630,680,50,0,Books,CoD,Afternoon,iOS,6.2.0,Marketplace_3P,South,3.0,1,915,10,0,0.0,66370,2,0,False,Returning,False
ORD1131807,U113153,2024-07-24 16:02:16,Tier 2,110578,6770,7630,860,0,Mobiles,CoD,Afternoon,iOS,6.4.0,Marketplace_3P,South,9.7,1,1408,15,7,0.467,6420,11,6,False,Returning,False
ORD1214955,U192426,2024-07-24 16:41:55,Tier 2,292437,2470,2980,510,0,Home & Kitchen,CoD,Afternoon,Android,6.4.0,Marketplace_3P,West,9.9,1,692,6,1,0.167,11720,5,1,False,Returning,False
ORD1334664,U198082,2024-07-24 18:49:08,Tier 3,156095,14020,17040,3020,0,Mobiles,CoD,Evening,Android,6.2.0,Flagship_1P,South,8.2,1,1024,6,3,0.5,7430,5,3,False,Returning,False
ORD1278238,U163971,2024-07-24 21:27:03,Tier 1,707162,510,620,110,0,Grocery,Prepaid,Evening,Android,7.0.0,Marketplace_3P,South,3.0,1,257,2,0,0.0,2290,1,0,False,Returning,False
ORD1106406,U197729,2024-07-24 21:57:06,Tier 2,685060,770,880,110,0,Books,Prepaid,Evening,Android,6.2.0,Marketplace_3P,South,13.6,3,591,8,1,0.125,28340,2,1,False,Returning,False
ORD1496106,U167370,2024-07-25 03:24:22,Tier 1,244490,1470,1560,90,0,Fashion,Prepaid,Late_Night,Android,7.0.0,Marketplace_3P,East,29.9,1,1033,12,2,0.167,27400,6,2,False,Returning,False
ORD1214723,U172640,2024-07-25 05:34:47,Tier 2,203644,2090,2370,280,0,Footwear,Prepaid,Morning,Android,6.3.1,Local_SmallSeller,North,8.1,1,457,5,1,0.2,12030,1,1,False,Returning,False
ORD1116026,U125647,2024-07-25 07:20:39,Tier 2,402111,660,770,110,0,Footwear,Prepaid,Morning,Android,6.2.0,Marketplace_3P,South,23.2,3,787,6,1,0.167,6050,2,1,False,Returning,False
ORD1259168,U191729,2024-07-25 09:21:48,Tier 3,244914,9520,10050,530,0,Electronics,Prepaid,Morning,Android,6.5.2,Local_SmallSeller,South,31.5,2,1324,10,0,0.0,33110,4,0,False,Returning,False
ORD1014752,U139634,2024-07-25 09:38:41,Tier 2,446044,630,740,110,0,Fashion,CoD,Morning,Android,6.5.2,Marketplace_3P,Central,17.5,1,568,7,0,0.0,26700,5,0,False,Returning,True
ORD1311512,U163060,2024-07-25 10:22:35,Tier 2,604320,3830,4130,300,0,Home & Kitchen,CoD,Morning,iOS,6.4.0,Marketplace_3P,West,16.1,1,858,10,2,0.2,10760,4,2,False,Returning,False
ORD1242810,U166828,2024-07-25 10:49:03,Tier 2,113194,1980,2560,580,0,Fashion,Prepaid,Morning,Android,6.4.0,Marketplace_3P,West,15.5,1,1399,17,0,0.0,102480,8,0,False,Returning,False
ORD1330902,U153689,2024-07-25 12:16:23,Tier 2,304506,7950,10150,2200,0,Electronics,Prepaid,Afternoon,Android,7.0.0,Marketplace_3P,North,3.5,1,1047,14,3,0.214,18150,11,3,False,Returning,False
ORD1019828,U100218,2024-07-25 14:27:27,Tier 2,349231,4500,4960,460,0,Electronics,CoD,Afternoon,iOS,6.3.1,Marketplace_3P,Central,14.5,2,671,3,0,0.0,12670,1,0,False,Returning,False
ORD1496150,U191951,2024-07-25 15:07:54,Tier 1,680899,1270,1300,30,0,Beauty,Prepaid,Afternoon,Android,6.3.1,Local_SmallSeller,North,17.0,1,831,15,3,0.2,40720,7,3,False,Returning,False
ORD1238180,U106374,2024-07-25 15:08:06,Tier 2,824239,1900,2200,300,0,Home & Kitchen,CoD,Afternoon,Android,7.0.0,Marketplace_3P,East,9.0,1,219,4,2,0.5,17370,3,2,False,Returning,False
ORD1485545,U210890,2024-07-25 15:23:47,Tier 1,786966,2630,2960,330,0,Home & Kitchen,Prepaid,Afternoon,Android,6.2.0,Marketplace_3P,West,7.1,1,783,12,2,0.167,83940,8,2,False,Returning,False
ORD1158367,U151508,2024-07-25 17:29:22,Tier 3,147043,2150,2670,520,0,Home & Kitchen,Prepaid,Evening,Android,6.5.2,Marketplace_3P,West,21.0,1,1036,16,1,0.062,50320,11,1,False,Returning,False
ORD1018558,U200968,2024-07-25 17:41:43,Tier 1,632309,440,490,50,60,Grocery,Prepaid,Evening,iOS,6.5.2,Flagship_1P,South,20.1,1,546,4,1,0.25,1230,2,1,False,Returning,False
ORD1325498,U209090,2024-07-25 17:50:11,Tier 2,815881,9570,11470,1900,0,Mobiles,Prepaid,Evening,Android,6.5.2,Marketplace_3P,West,14.4,1,1367,17,1,0.059,36090,11,1,False,Returning,False
ORD1239325,U138657,2024-07-25 18:56:49,Tier 3,718472,5970,7650,1680,0,Electronics,CoD,Evening,Android,7.0.0,Local_SmallSeller,West,4.6,1,120,1,0,0.0,2790,0,0,True,New,True
ORD1265900,U144677,2024-07-25 19:17:45,Tier 2,141566,6690,8130,1440,0,Electronics,Prepaid,Evening,Android,7.0.0,Marketplace_3P,West,14.5,2,1138,7,3,0.429,12000,2,2,False,Returning,False
ORD1038476,U203285,2024-07-25 20:38:52,Tier 3,586308,790,1010,220,0,Fashion,Prepaid,Evening,Android,6.4.0,Flagship_1P,East,19.2,1,6,2,0,0.0,3940,2,0,False,Returning,False
ORD1116106,U151532,2024-07-25 22:28:47,Tier 2,672395,3630,4480,850,0,Footwear,Prepaid,Late_Night,Android,6.2.0,Flagship_1P,South,19.5,1,1239,15,1,0.067,21840,8,1,False,Returning,False
ORD1363132,U119224,2024-07-25 22:32:29,Tier 3,126972,3640,4770,1130,0,Footwear,CoD,Late_Night,iOS,6.5.2,Marketplace_3P,West,7.7,1,950,9,1,0.111,15970,6,1,False,Returning,False
ORD1202455,U205239,2024-07-26 00:15:17,Tier 2,341898,520,580,60,0,Beauty,Prepaid,Late_Night,Android,6.4.0,Marketplace_3P,Central,6.6,1,401,6,2,0.333,4440,3,2,False,Returning,True
ORD1291529,U211965,2024-07-26 01:34:42,Tier 3,447290,4120,4140,20,0,Electronics,CoD,Late_Night,Android,6.5.2,Marketplace_3P,East,9.9,1,1242,16,5,0.312,23820,14,5,False,Returning,True
ORD1097184,U106863,2024-07-26 02:31:57,Tier 2,291238,8290,8490,200,0,Appliances,CoD,Late_Night,iOS,6.5.2,Marketplace_3P,South,9.3,1,836,10,3,0.3,33900,4,3,False,Returning,False
ORD1440505,U195200,2024-07-26 10:20:47,Tier 2,840595,3880,4160,280,0,Footwear,Prepaid,Morning,iOS,6.3.1,Marketplace_3P,South,2.8,1,848,8,0,0.0,6510,5,0,False,Returning,False
ORD1296776,U151370,2024-07-26 13:10:51,Tier 3,535520,730,930,200,0,Beauty,CoD,Afternoon,Android,7.0.0,Local_SmallSeller,West,2.0,1,576,6,2,0.333,1580,3,2,False,Returning,False
ORD1150403,U106374,2024-07-26 14:05:53,Tier 3,318901,190,190,0,0,Books,CoD,Afternoon,Android,6.4.0,Marketplace_3P,North,13.4,1,219,4,2,0.5,17370,3,2,False,Returning,False
ORD1483510,U195851,2024-07-26 16:22:51,Tier 1,275986,13370,14150,780,0,Mobiles,CoD,Afternoon,Android,6.4.0,Local_SmallSeller,Central,5.2,1,896,9,3,0.333,13260,5,3,False,Returning,False
ORD1279920,U117407,2024-07-26 17:38:20,Tier 3,545472,2320,2960,640,0,Footwear,Prepaid,Evening,Android,6.3.1,Local_SmallSeller,Central,16.6,1,512,3,1,0.333,590,2,1,False,Returning,False
ORD1186111,U213868,2024-07-26 17:39:51,Tier 1,190402,3260,4360,1100,0,Fashion,CoD,Evening,Android,7.0.0,Marketplace_3P,Central,6.7,1,1032,8,1,0.125,26930,3,1,False,Returning,False
ORD1294246,U143162,2024-07-26 17:41:56,Tier 3,769342,7240,7410,170,0,Electronics,CoD,Evening,Android,6.4.0,Marketplace_3P,South,3.2,1,1217,18,3,0.167,36910,11,3,False,Returning,False
ORD1374239,U190086,2024-07-26 22:08:14,Tier 2,618761,730,930,200,0,Fashion,Prepaid,Late_Night,Android,6.2.0,Local_SmallSeller,South,17.0,2,1234,15,4,0.267,16490,13,4,False,Returning,True
ORD1017624,U216516,2024-07-26 22:32:48,Tier 3,523047,18090,21970,3880,0,Mobiles,CoD,Late_Night,Android,6.2.0,Marketplace_3P,South,25.8,1,1223,14,3,0.214,19340,3,3,False,Returning,False
ORD1319178,U123408,2024-07-26 22:50:20,Tier 1,823626,13030,17040,4010,0,Appliances,Prepaid,Late_Night,iOS,6.3.1,Marketplace_3P,East,22.4,1,178,1,1,1.0,1310,1,1,True,New,False
ORD1267109,U180633,2024-07-26 23:50:38,Tier 2,179909,590,650,60,0,Books,CoD,Late_Night,Android,6.5.2,Local_SmallSeller,West,13.7,1,1438,15,2,0.133,30370,8,2,False,Returning,False
ORD1171288,U132276,2024-07-27 02:19:52,Tier 2,185432,600,790,190,0,Beauty,CoD,Late_Night,Android,6.3.1,Local_SmallSeller,East,2.8,2,259,4,0,0.0,6550,2,0,False,Returning,False
ORD1029033,U211874,2024-07-27 04:21:36,Tier 1,562550,600,790,190,0,Toys,Prepaid,Late_Night,Android,6.4.0,Local_SmallSeller,East,12.3,1,333,3,1,0.333,890,2,1,False,Returning,False
ORD1291938,U158397,2024-07-27 04:54:40,Tier 2,669103,2310,2670,360,0,Electronics,CoD,Late_Night,Android,6.3.1,Flagship_1P,North,20.1,1,113,3,1,0.333,9830,2,1,False,Returning,True
ORD1153662,U121633,2024-07-27 06:24:18,Tier 1,757260,1910,2110,200,0,Fashion,Prepaid,Morning,Android,6.2.0,Marketplace_3P,West,5.4,1,24,2,0,0.0,2520,1,0,False,Returning,False
ORD1039068,U134776,2024-07-27 06:59:12,Tier 1,208446,1160,1330,170,0,Fashion,Prepaid,Morning,Android,6.3.1,Marketplace_3P,Central,0.5,1,903,9,1,0.111,7080,8,1,False,Returning,False
ORD1267113,U110710,2024-07-27 09:51:34,Tier 2,126665,1190,1510,320,0,Fashion,CoD,Morning,Android,6.4.0,Marketplace_3P,South,2.8,2,1392,15,5,0.333,15590,4,4,False,Returning,False
ORD1061093,U209047,2024-07-27 14:58:50,Tier 3,617324,12240,12860,620,0,Electronics,CoD,Afternoon,Android,6.2.0,Marketplace_3P,East,13.2,1,1278,16,4,0.25,4180,7,4,False,Returning,False
ORD1219742,U191000,2024-07-27 16:29:49,Tier 1,404662,560,730,170,0,Grocery,Prepaid,Afternoon,Android,6.2.0,Local_SmallSeller,North,2.6,2,764,8,2,0.25,6060,2,1,False,Returning,False
ORD1224577,U148859,2024-07-27 19:29:06,Tier 2,430095,5520,7180,1660,0,Mobiles,CoD,Evening,iOS,6.3.1,Flagship_1P,West,26.5,1,950,9,1,0.111,18570,2,1,False,Returning,False
ORD1193424,U152659,2024-07-27 21:38:13,Tier 1,154836,3970,4700,730,0,Fashion,Prepaid,Evening,Android,7.0.0,Local_SmallSeller,Central,3.9,1,125,4,0,0.0,6830,2,0,False,Returning,False
ORD1179473,U153971,2024-07-28 00:29:57,Tier 1,544530,1940,2530,590,0,Electronics,CoD,Late_Night,Android,6.4.0,Marketplace_3P,North,5.0,1,571,5,1,0.2,24040,3,1,False,Returning,True
ORD1294318,U192934,2024-07-28 04:11:33,Tier 2,330016,1320,1460,140,0,Fashion,Prepaid,Late_Night,Android,6.4.0,Marketplace_3P,West,14.4,1,1217,13,3,0.231,30120,6,3,False,Returning,False
ORD1119843,U110704,2024-07-28 05:14:05,Tier 1,582483,17560,22520,4960,0,Electronics,Prepaid,Morning,Android,6.2.0,Marketplace_3P,South,3.0,1,986,10,1,0.1,12380,8,1,False,Returning,False
ORD1225642,U216598,2024-07-28 05:35:17,Tier 2,264837,730,910,180,0,Fashion,Prepaid,Morning,Android,6.5.2,Marketplace_3P,East,4.9,2,719,9,0,0.0,23290,4,0,False,Returning,False
ORD1451942,U183904,2024-07-28 05:59:21,Tier 1,469995,2250,2510,260,0,Fashion,Prepaid,Morning,Android,6.4.0,Marketplace_3P,West,7.3,1,936,17,5,0.294,24870,10,5,False,Returning,False
ORD1357587,U146848,2024-07-28 08:22:09,Tier 3,777836,1150,1260,110,0,Home & Kitchen,CoD,Morning,Android,6.2.0,Local_SmallSeller,North,16.1,1,1428,14,1,0.071,21800,11,1,False,Returning,False
ORD1276434,U105901,2024-07-28 10:08:03,Tier 1,350399,19290,22800,3510,0,Mobiles,Prepaid,Morning,Android,6.3.1,Marketplace_3P,North,6.5,1,231,3,0,0.0,6080,2,0,False,Returning,False
ORD1064833,U106374,2024-07-28 10:22:51,Tier 3,702229,1760,2150,390,0,Beauty,CoD,Morning,iOS,6.3.1,Marketplace_3P,West,3.9,1,219,4,2,0.5,17370,3,2,False,Returning,False
ORD1075851,U182710,2024-07-28 11:23:11,Tier 3,422389,1050,1310,260,0,Toys,CoD,Morning,Android,6.4.0,Local_SmallSeller,Central,24.7,1,901,13,6,0.462,7320,10,5,False,Returning,False
ORD1413282,U131912,2024-07-28 11:23:14,Tier 1,483567,11130,11670,540,0,Mobiles,CoD,Morning,Android,6.3.1,Marketplace_3P,West,2.6,1,1079,9,0,0.0,23550,4,0,False,Returning,False
ORD1285066,U192686,2024-07-28 13:57:44,Tier 1,210380,1030,1180,150,0,Beauty,Prepaid,Afternoon,Android,6.3.1,Local_SmallSeller,South,3.9,1,20,1,0,0.0,1490,0,0,True,New,False
ORD1086459,U143560,2024-07-28 15:09:59,Tier 1,826010,2660,3550,890,0,Electronics,Prepaid,Afternoon,Android,6.4.0,Marketplace_3P,North,3.7,2,777,9,1,0.111,16150,8,1,False,Returning,False
ORD1331318,U195993,2024-07-28 17:15:37,Tier 1,566940,860,890,30,0,Home & Kitchen,CoD,Evening,iOS,6.4.0,Marketplace_3P,Central,8.6,1,360,3,2,0.667,3970,2,1,False,Returning,False
ORD1242996,U135346,2024-07-28 19:19:21,Tier 2,719631,680,890,210,0,Beauty,CoD,Evening,Android,7.0.0,Marketplace_3P,North,26.6,1,399,5,4,0.8,2230,2,2,False,Returning,False
ORD1227753,U211163,2024-07-28 19:48:37,Tier 2,190927,830,830,0,0,Home & Kitchen,CoD,Evening,Android,6.3.1,Flagship_1P,North,19.6,1,295,4,1,0.25,14640,3,1,False,Returning,False
ORD1012247,U213693,2024-07-28 23:11:05,Tier 1,773394,310,400,90,0,Beauty,Prepaid,Late_Night,Android,6.2.0,Marketplace_3P,Central,3.9,1,986,11,2,0.182,48060,5,2,False,Returning,False
ORD1261653,U218958,2024-07-29 01:46:51,Tier 3,626875,740,900,160,0,Grocery,CoD,Late_Night,Android,6.4.0,Marketplace_3P,Central,37.0,2,1094,17,2,0.118,41590,4,2,False,Returning,False
ORD1176922,U124275,2024-07-29 03:21:56,Tier 1,464290,2310,2750,440,0,Footwear,Prepaid,Late_Night,Android,7.0.0,Flagship_1P,South,7.9,1,18,2,0,0.0,4640,2,0,False,Returning,False
ORD1101887,U148885,2024-07-29 03:43:59,Tier 1,814521,6180,7200,1020,0,Electronics,Prepaid,Late_Night,Android,6.3.1,Flagship_1P,East,8.7,1,283,7,1,0.143,2260,4,1,False,Returning,False
ORD1462791,U110796,2024-07-29 05:01:56,Tier 2,572885,1470,1790,320,0,Grocery,Prepaid,Morning,Android,6.2.0,Local_SmallSeller,South,3.8,1,1032,18,7,0.389,26900,14,7,False,Returning,False
ORD1012107,U117465,2024-07-29 06:03:18,Tier 2,716879,710,720,10,0,Fashion,CoD,Morning,Android,7.0.0,Flagship_1P,Central,3.9,1,1116,14,2,0.143,42940,12,2,False,Returning,True
ORD1192246,U159302,2024-07-29 06:08:47,Tier 2,424847,2670,2820,150,0,Footwear,Prepaid,Morning,Android,6.5.2,Flagship_1P,North,14.1,1,1299,16,5,0.312,18050,6,5,False,Returning,False
ORD1135950,U144255,2024-07-29 06:50:10,Tier 3,733927,7670,9740,2070,0,Electronics,Prepaid,Morning,Android,7.0.0,Marketplace_3P,North,13.4,1,695,10,0,0.0,15210,3,0,False,Returning,False
ORD1449463,U159686,2024-07-29 07:16:49,Tier 1,144022,710,920,210,0,Books,Prepaid,Morning,iOS,6.5.2,Flagship_1P,South,3.9,3,1384,13,4,0.308,7560,4,4,False,Returning,False
ORD1217544,U173700,2024-07-29 07:59:21,Tier 2,790117,14330,17130,2800,0,Mobiles,CoD,Morning,iOS,6.3.1,Marketplace_3P,South,8.5,1,1034,9,1,0.111,44950,6,1,False,Returning,False
ORD1306127,U212266,2024-07-29 09:19:23,Tier 1,580880,2190,2490,300,0,Electronics,Prepaid,Morning,Android,6.3.1,Flagship_1P,North,9.6,1,1148,11,2,0.182,27590,8,2,False,Returning,False
ORD1299778,U211671,2024-07-29 10:21:58,Tier 3,218685,1510,1640,130,0,Fashion,CoD,Morning,Android,6.2.0,Marketplace_3P,South,42.9,1,56,2,1,0.5,770,1,1,False,Returning,False
ORD1273151,U140420,2024-07-29 11:03:22,Tier 3,463031,1040,1220,180,0,Beauty,Prepaid,Morning,Android,6.2.0,Flagship_1P,West,14.2,1,1371,14,2,0.143,41550,5,2,False,Returning,False
ORD1337679,U206070,2024-07-29 12:29:42,Tier 1,474583,9230,9610,380,0,Electronics,Prepaid,Afternoon,iOS,6.2.0,Marketplace_3P,East,12.5,1,775,6,0,0.0,33450,4,0,False,Returning,True
ORD1084284,U115655,2024-07-29 18:37:05,Tier 2,841643,850,890,40,0,Fashion,CoD,Evening,Android,7.0.0,Marketplace_3P,Central,28.7,2,604,4,0,0.0,7250,3,0,False,Returning,False
ORD1062784,U198838,2024-07-29 21:20:23,Tier 1,110159,640,660,20,0,Fashion,Prepaid,Evening,iOS,6.5.2,Flagship_1P,South,2.4,1,264,3,1,0.333,7360,1,1,False,Returning,False
ORD1288057,U201825,2024-07-29 22:05:25,Tier 3,307763,1340,1780,440,0,Fashion,CoD,Late_Night,Android,6.2.0,Marketplace_3P,Central,17.9,2,234,4,0,0.0,12790,1,0,False,Returning,False
ORD1149338,U101807,2024-07-29 22:33:30,Tier 2,781729,1170,1310,140,0,Footwear,CoD,Late_Night,Android,6.4.0,Marketplace_3P,West,19.1,1,722,9,2,0.222,20870,5,2,False,Returning,True
ORD1052631,U207492,2024-07-29 23:59:12,Tier 2,442344,1860,2130,270,0,Toys,CoD,Late_Night,Android,6.5.2,Local_SmallSeller,West,11.4,2,1102,16,3,0.188,28380,4,3,False,Returning,False
ORD1017448,U194696,2024-07-30 00:26:01,Tier 3,847045,3970,4760,790,0,Home & Kitchen,CoD,Late_Night,Android,6.2.0,Marketplace_3P,Central,25.3,1,1115,9,3,0.333,16290,3,3,False,Returning,False
ORD1389492,U117218,2024-07-30 08:33:57,Tier 1,628141,4190,4980,790,0,Electronics,CoD,Morning,iOS,6.2.0,Marketplace_3P,North,1.2,1,244,3,2,0.667,2020,2,2,False,Returning,False
ORD1347763,U175609,2024-07-30 12:19:03,Tier 2,194141,7990,8420,430,0,Electronics,Prepaid,Afternoon,Android,6.5.2,Flagship_1P,West,7.5,1,1356,14,3,0.214,44030,9,3,False,Returning,False
ORD1337880,U166433,2024-07-30 15:42:30,Tier 2,800812,2700,3360,660,0,Fashion,CoD,Afternoon,Android,7.0.0,Local_SmallSeller,Central,4.3,1,996,12,3,0.25,5120,8,3,False,Returning,False
ORD1097983,U146781,2024-07-30 16:17:10,Tier 2,516428,2540,2940,400,0,Footwear,CoD,Afternoon,Android,6.2.0,Flagship_1P,South,17.9,1,1016,8,0,0.0,5740,7,0,False,Returning,False
ORD1232972,U188932,2024-07-30 16:20:08,Tier 1,315013,6730,7190,460,0,Electronics,CoD,Afternoon,iOS,7.0.0,Local_SmallSeller,East,8.7,1,666,11,1,0.091,31240,10,1,False,Returning,True
ORD1423123,U157223,2024-07-30 17:31:19,Tier 2,430913,340,450,110,0,Fashion,CoD,Evening,Android,7.0.0,Marketplace_3P,North,3.1,1,63,1,0,0.0,790,0,0,True,New,False
ORD1301601,U137900,2024-07-30 21:47:51,Tier 3,135809,1310,1720,410,0,Footwear,CoD,Evening,iOS,6.3.1,Flagship_1P,South,25.9,1,1336,9,2,0.222,12540,2,1,False,Returning,False
ORD1430698,U189396,2024-07-30 22:14:45,Tier 3,849968,2110,2580,470,0,Beauty,CoD,Late_Night,Android,6.2.0,Flagship_1P,North,29.7,1,868,15,3,0.2,22960,9,3,False,Returning,False
ORD1309506,U119075,2024-07-30 22:40:17,Tier 2,500279,2170,2570,400,0,Home & Kitchen,Prepaid,Late_Night,iOS,6.4.0,Local_SmallSeller,East,17.9,1,363,8,0,0.0,2390,4,0,False,Returning,False
ORD1362729,U177371,2024-07-30 23:01:11,Tier 1,457794,11370,12000,630,0,Appliances,Prepaid,Late_Night,Android,6.2.0,Local_SmallSeller,South,1.0,1,1150,13,1,0.077,5070,7,1,False,Returning,False
ORD1064293,U139964,2024-07-30 23:25:49,Tier 3,233737,1010,1140,130,0,Beauty,CoD,Late_Night,Android,6.4.0,Marketplace_3P,West,20.7,1,1029,10,1,0.1,5200,5,1,False,Returning,False
ORD1239426,U181801,2024-07-31 05:01:47,Tier 3,766063,680,850,170,0,Toys,CoD,Morning,iOS,6.5.2,Marketplace_3P,Central,15.7,1,913,9,3,0.333,9950,7,3,False,Returning,False
ORD1216894,U102699,2024-07-31 08:18:16,Tier 1,696471,3400,3490,90,0,Mobiles,CoD,Morning,Android,6.5.2,Marketplace_3P,South,4.2,2,178,7,0,0.0,7240,3,0,False,Returning,False
ORD1031644,U156468,2024-07-31 09:17:29,Tier 2,536104,1160,1540,380,0,Footwear,CoD,Morning,Android,6.3.1,Flagship_1P,West,16.6,1,1257,15,6,0.4,74840,5,3,False,Returning,False
ORD1065874,U165546,2024-07-31 09:26:15,Tier 2,424537,650,720,70,0,Books,Prepaid,Morning,Android,6.5.2,Marketplace_3P,Central,8.1,1,723,8,2,0.25,4480,4,2,False,Returning,False
ORD1375733,U172844,2024-07-31 10:17:04,Tier 3,756053,720,860,140,0,Grocery,CoD,Morning,iOS,6.5.2,Marketplace_3P,Central,2.4,1,160,2,0,0.0,1530,0,0,False,Returning,True
ORD1487961,U102012,2024-07-31 10:19:26,Tier 2,304153,1290,1600,310,0,Fashion,CoD,Morning,Android,7.0.0,Local_SmallSeller,East,9.3,1,230,2,0,0.0,2430,1,0,False,Returning,False
ORD1211470,U197575,2024-07-31 15:32:45,Tier 1,440169,18230,23780,5550,0,Appliances,Prepaid,Afternoon,Android,6.5.2,Local_SmallSeller,East,12.8,1,242,5,2,0.4,1130,1,1,False,Returning,False
ORD1371357,U113446,2024-07-31 16:13:21,Tier 3,522391,2520,3340,820,0,Footwear,CoD,Afternoon,Android,6.3.1,Local_SmallSeller,East,9.8,1,194,3,2,0.667,2060,2,1,False,Returning,False
ORD1369092,U165944,2024-07-31 20:03:08,Tier 3,200738,16950,19580,2630,0,Mobiles,CoD,Evening,Android,7.0.0,Marketplace_3P,North,6.5,1,46,1,0,0.0,4760,0,0,True,New,False
ORD1105925,U197861,2024-08-01 02:27:39,Tier 1,118757,2240,2620,380,0,Fashion,Prepaid,Late_Night,Android,7.0.0,Local_SmallSeller,South,2.2,1,835,8,0,0.0,4650,2,0,False,Returning,False
ORD1221642,U170841,2024-08-01 03:08:52,Tier 1,119414,2750,3560,810,0,Footwear,Prepaid,Late_Night,Android,6.3.1,Flagship_1P,West,2.5,1,185,2,1,0.5,1400,1,1,False,Returning,False
ORD1073155,U146006,2024-08-01 03:33:02,Tier 3,782915,490,630,140,60,Beauty,CoD,Late_Night,iOS,6.5.2,Marketplace_3P,North,19.9,1,179,3,0,0.0,2800,2,0,False,Returning,True
ORD1250275,U184819,2024-08-01 05:04:05,Tier 2,838599,1070,1180,110,0,Fashion,CoD,Morning,Android,6.3.1,Marketplace_3P,North,9.1,1,1146,16,3,0.188,10160,4,2,False,Returning,False
ORD1186596,U111322,2024-08-01 05:26:25,Tier 1,152200,4310,5010,700,0,Electronics,Prepaid,Morning,Android,7.0.0,Marketplace_3P,South,21.1,1,24,1,0,0.0,970,1,0,True,New,False
ORD1061759,U194226,2024-08-01 07:08:28,Tier 3,766059,980,1290,310,0,Fashion,CoD,Morning,Android,6.2.0,Flagship_1P,South,16.9,1,575,11,4,0.364,17010,8,4,False,Returning,False
ORD1093305,U124641,2024-08-01 07:39:32,Tier 1,292285,5340,6030,690,0,Appliances,Prepaid,Morning,iOS,7.0.0,Flagship_1P,Central,0.6,1,570,9,2,0.222,22010,4,2,False,Returning,False
ORD1379975,U153465,2024-08-01 09:29:09,Tier 2,134340,570,620,50,0,Toys,CoD,Morning,Android,7.0.0,Local_SmallSeller,West,4.3,1,994,16,6,0.375,50930,13,6,False,Returning,False
ORD1238705,U166413,2024-08-01 09:36:06,Tier 2,510581,1290,1350,60,0,Fashion,CoD,Morning,iOS,6.3.1,Flagship_1P,Central,15.6,1,683,4,2,0.5,2990,1,1,False,Returning,False
ORD1286732,U187628,2024-08-01 10:33:11,Tier 1,769001,3850,5140,1290,0,Fashion,Prepaid,Morning,Android,7.0.0,Local_SmallSeller,Central,14.1,1,242,4,3,0.75,4060,1,1,False,Returning,False
ORD1160842,U192120,2024-08-01 11:08:19,Tier 2,751170,1410,1750,340,0,Home & Kitchen,CoD,Morning,Android,6.4.0,Marketplace_3P,East,17.3,1,84,1,0,0.0,3110,1,0,True,New,False
ORD1029493,U135646,2024-08-01 11:29:43,Tier 3,585973,7880,9040,1160,0,Electronics,CoD,Morning,Android,7.0.0,Local_SmallSeller,West,25.0,2,1273,22,12,0.545,3900,5,4,False,Returning,False
ORD1348001,U217329,2024-08-01 14:09:53,Tier 3,147636,750,770,20,0,Books,CoD,Afternoon,Android,6.4.0,Marketplace_3P,East,3.3,1,1125,13,0,0.0,17470,4,0,False,Returning,False
ORD1227486,U150571,2024-08-01 14:19:03,Tier 3,641303,6960,8150,1190,0,Electronics,CoD,Afternoon,Android,6.3.1,Local_SmallSeller,East,1.8,1,84,3,1,0.333,200,1,1,False,Returning,False
ORD1422002,U186896,2024-08-01 16:41:45,Tier 2,503518,750,920,170,0,Beauty,Prepaid,Afternoon,Android,6.2.0,Flagship_1P,East,27.4,2,619,10,5,0.5,18670,7,4,False,Returning,False
ORD1345622,U217135,2024-08-01 16:46:25,Tier 3,280953,1910,2560,650,0,Toys,CoD,Afternoon,iOS,7.0.0,Local_SmallSeller,South,40.9,1,1006,12,3,0.25,12630,10,3,False,Returning,True
ORD1366907,U190400,2024-08-01 17:16:14,Tier 2,416511,530,660,130,0,Grocery,Prepaid,Evening,Android,6.2.0,Marketplace_3P,West,24.8,2,984,13,0,0.0,25500,3,0,False,Returning,False
ORD1376307,U150334,2024-08-01 17:57:34,Tier 1,531650,1840,2040,200,0,Beauty,Prepaid,Evening,Android,6.5.2,Local_SmallSeller,East,6.3,1,924,12,10,0.833,20580,5,5,False,Returning,False
ORD1196905,U198627,2024-08-01 18:09:47,Tier 1,257363,880,890,10,0,Toys,CoD,Evening,Android,6.3.1,Flagship_1P,West,7.9,1,502,4,0,0.0,20460,3,0,False,Returning,False
ORD1035073,U193304,2024-08-01 20:22:36,Tier 3,855399,2040,2670,630,0,Fashion,CoD,Evening,Android,6.4.0,Marketplace_3P,South,5.9,2,223,1,0,0.0,2210,1,0,True,New,False
ORD1293698,U198998,2024-08-01 21:04:21,Tier 3,534014,1170,1220,50,0,Fashion,Prepaid,Evening,Android,6.3.1,Local_SmallSeller,South,20.8,1,1010,8,1,0.125,5260,3,1,False,Returning,False
ORD1388576,U115581,2024-08-01 22:17:14,Tier 2,628774,270,340,70,0,Grocery,Prepaid,Late_Night,Android,6.2.0,Marketplace_3P,East,11.6,2,32,1,0,0.0,1550,0,0,True,New,False
ORD1077895,U202104,2024-08-02 00:01:02,Tier 2,802661,2530,2780,250,0,Footwear,Prepaid,Late_Night,Android,6.4.0,Marketplace_3P,East,3.5,1,956,8,3,0.375,10740,2,1,False,Returning,True
ORD1180368,U120805,2024-08-02 03:35:38,Tier 3,761857,1140,1370,230,0,Fashion,Prepaid,Late_Night,Android,6.5.2,Marketplace_3P,Central,11.9,1,1458,9,2,0.222,13340,8,2,False,Returning,False
ORD1105111,U137986,2024-08-02 04:17:48,Tier 1,821665,1270,1290,20,0,Home & Kitchen,Prepaid,Late_Night,Android,6.3.1,Marketplace_3P,North,9.5,1,1215,18,4,0.222,19800,7,4,False,Returning,False
ORD1123227,U142117,2024-08-02 06:04:16,Tier 2,734593,1630,1630,0,0,Footwear,CoD,Morning,Android,7.0.0,Local_SmallSeller,South,7.8,1,80,3,0,0.0,3850,2,0,False,Returning,False
ORD1322633,U120031,2024-08-02 06:12:08,Tier 2,792970,1680,2120,440,0,Fashion,CoD,Morning,Android,6.4.0,Marketplace_3P,Central,17.4,1,1486,26,5,0.192,51690,16,5,False,Returning,False
ORD1316945,U165798,2024-08-02 09:14:58,Tier 1,213062,12110,12900,790,0,Electronics,Prepaid,Morning,Android,6.2.0,Local_SmallSeller,Central,24.7,1,221,3,0,0.0,3330,2,0,False,Returning,False
ORD1121254,U180691,2024-08-02 11:13:50,Tier 1,116637,790,910,120,0,Fashion,Prepaid,Morning,Android,6.4.0,Marketplace_3P,South,1.6,2,97,1,0,0.0,2590,1,0,True,New,False
ORD1202300,U210791,2024-08-02 12:11:39,Tier 1,518011,10220,11050,830,0,Appliances,CoD,Afternoon,Android,6.2.0,Marketplace_3P,East,5.6,1,607,10,2,0.2,12260,6,2,False,Returning,False
ORD1231173,U153598,2024-08-02 14:19:32,Tier 3,732857,900,1190,290,0,Toys,CoD,Afternoon,Android,7.0.0,Marketplace_3P,South,34.4,2,1496,10,0,0.0,18650,5,0,False,Returning,True
ORD1177147,U118476,2024-08-02 14:43:18,Tier 2,357316,2200,2730,530,0,Footwear,CoD,Afternoon,Android,6.3.1,Marketplace_3P,South,16.7,1,1181,15,2,0.133,59880,10,2,False,Returning,True
ORD1425942,U156115,2024-08-02 17:22:03,Tier 2,485706,1900,2380,480,0,Home & Kitchen,CoD,Evening,Android,6.5.2,Marketplace_3P,North,10.8,1,410,4,0,0.0,3750,1,0,False,Returning,False
ORD1352104,U192639,2024-08-02 20:15:21,Tier 3,145109,710,900,190,0,Beauty,CoD,Evening,Android,7.0.0,Marketplace_3P,South,5.6,3,857,9,1,0.111,30700,4,1,False,Returning,False
ORD1034145,U158736,2024-08-02 22:04:32,Tier 2,570142,850,930,80,0,Home & Kitchen,CoD,Late_Night,Android,7.0.0,Marketplace_3P,West,3.8,2,783,10,1,0.1,2790,8,1,False,Returning,True
ORD1459507,U195321,2024-08-02 22:23:56,Tier 2,754247,8280,10110,1830,0,Mobiles,Prepaid,Late_Night,Android,6.5.2,Local_SmallSeller,Central,2.3,1,875,12,4,0.333,3700,9,4,False,Returning,False
ORD1153304,U162875,2024-08-02 23:19:47,Tier 2,507115,1340,1460,120,0,Home & Kitchen,CoD,Late_Night,Android,7.0.0,Marketplace_3P,West,14.0,1,1447,22,7,0.318,35460,17,7,False,Returning,False
ORD1397166,U110834,2024-08-02 23:23:52,Tier 3,730188,730,940,210,0,Toys,CoD,Late_Night,Android,6.4.0,Local_SmallSeller,Central,18.9,1,1439,11,3,0.273,6810,6,3,False,Returning,False
ORD1248412,U111978,2024-08-03 01:14:00,Tier 2,833978,3190,3580,390,0,Mobiles,CoD,Late_Night,Android,6.4.0,Marketplace_3P,North,19.6,1,725,10,7,0.7,9320,4,3,False,Returning,False
ORD1479791,U211514,2024-08-03 03:49:22,Tier 1,582026,6860,9160,2300,0,Electronics,Prepaid,Late_Night,Android,6.5.2,Flagship_1P,South,4.8,1,783,11,2,0.182,4730,7,2,False,Returning,False
ORD1014841,U191604,2024-08-03 03:54:05,Tier 1,808117,1190,1590,400,0,Beauty,Prepaid,Late_Night,Android,6.4.0,Local_SmallSeller,West,5.4,3,572,6,1,0.167,13550,4,1,False,Returning,False
ORD1092768,U133126,2024-08-03 07:53:38,Tier 2,187054,310,310,0,40,Footwear,CoD,Morning,Android,7.0.0,Flagship_1P,North,7.4,1,763,12,3,0.25,14140,5,3,False,Returning,False
ORD1191427,U179055,2024-08-03 10:20:48,Tier 2,713659,5170,5350,180,0,Home & Kitchen,CoD,Morning,Android,6.4.0,Marketplace_3P,East,12.8,1,714,7,1,0.143,22390,4,1,False,Returning,False
ORD1337037,U179889,2024-08-03 13:16:50,Tier 2,345774,14030,15830,1800,0,Appliances,CoD,Afternoon,Android,6.5.2,Marketplace_3P,North,3.6,1,1262,13,3,0.231,9450,9,3,False,Returning,False
ORD1158406,U104539,2024-08-03 13:59:10,Tier 1,632153,550,710,160,0,Beauty,Prepaid,Afternoon,Android,6.5.2,Local_SmallSeller,South,6.3,1,1304,13,0,0.0,34850,7,0,False,Returning,False
ORD1497360,U155185,2024-08-03 15:57:22,Tier 3,401130,9530,11610,2080,0,Electronics,CoD,Afternoon,Android,6.5.2,Marketplace_3P,East,6.4,1,153,5,1,0.2,3990,4,1,False,Returning,False
ORD1246068,U162331,2024-08-03 21:47:45,Tier 3,320258,3860,3980,120,0,Electronics,CoD,Evening,Android,6.5.2,Marketplace_3P,West,9.5,2,699,9,1,0.111,8530,3,1,False,Returning,False
ORD1199422,U209791,2024-08-04 00:41:38,Tier 3,718813,880,1100,220,0,Toys,CoD,Late_Night,Android,6.5.2,Marketplace_3P,East,4.1,2,188,1,0,0.0,1200,0,0,True,New,False
ORD1104450,U215718,2024-08-04 01:36:53,Tier 2,581103,1370,1640,270,0,Home & Kitchen,CoD,Late_Night,iOS,7.0.0,Local_SmallSeller,North,1.6,1,1045,13,2,0.154,34570,12,2,False,Returning,False
ORD1120122,U136234,2024-08-04 05:30:47,Tier 1,629363,1180,1440,260,0,Beauty,Prepaid,Morning,Android,7.0.0,Marketplace_3P,Central,5.6,1,206,3,1,0.333,5750,1,1,False,Returning,False
ORD1087639,U155817,2024-08-04 06:27:34,Tier 1,300081,10750,12790,2040,0,Appliances,CoD,Morning,Android,6.4.0,Marketplace_3P,West,9.3,1,1057,18,7,0.389,7910,13,7,False,Returning,False
ORD1077373,U129394,2024-08-04 08:00:51,Tier 1,840177,4130,4320,190,0,Electronics,CoD,Morning,Android,6.2.0,Local_SmallSeller,South,12.9,1,1249,17,2,0.118,34540,8,2,False,Returning,False
ORD1475170,U163271,2024-08-04 08:40:15,Tier 3,238150,1060,1240,180,0,Toys,CoD,Morning,Android,6.5.2,Marketplace_3P,South,9.0,1,84,1,0,0.0,2030,1,0,True,New,False
ORD1321810,U195762,2024-08-04 09:14:06,Tier 2,464451,1450,1820,370,0,Toys,CoD,Morning,Android,7.0.0,Marketplace_3P,North,9.9,1,136,1,1,1.0,220,1,1,True,New,False
ORD1193196,U128689,2024-08-04 09:20:02,Tier 2,246175,1820,2150,330,0,Beauty,CoD,Morning,Android,6.4.0,Marketplace_3P,North,7.2,1,1372,15,1,0.067,15840,3,1,False,Returning,False
ORD1009068,U166288,2024-08-04 10:24:50,Tier 1,147671,850,1100,250,0,Home & Kitchen,CoD,Morning,Android,6.4.0,Local_SmallSeller,North,3.4,1,1289,14,1,0.071,19960,4,1,False,Returning,False
ORD1269130,U189200,2024-08-04 10:41:36,Tier 2,625745,1260,1570,310,0,Fashion,Prepaid,Morning,Android,6.4.0,Marketplace_3P,South,5.3,1,743,8,2,0.25,6050,7,2,False,Returning,False
ORD1187373,U115028,2024-08-04 15:01:37,Tier 2,327648,1020,1350,330,0,Beauty,CoD,Afternoon,Android,6.4.0,Local_SmallSeller,West,21.4,1,1074,8,3,0.375,27310,6,3,False,Returning,True
ORD1362879,U191973,2024-08-04 16:01:16,Tier 2,234607,770,860,90,0,Beauty,Prepaid,Afternoon,Android,6.3.1,Marketplace_3P,North,3.7,1,384,3,0,0.0,1630,2,0,False,Returning,False
ORD1092952,U188493,2024-08-04 18:12:51,Tier 1,613978,410,490,80,40,Beauty,CoD,Evening,Android,6.2.0,Local_SmallSeller,Central,10.1,3,1481,13,4,0.308,16430,5,3,False,Returning,False
ORD1095918,U129394,2024-08-04 19:32:30,Tier 2,583523,420,490,70,40,Toys,CoD,Evening,Android,6.5.2,Marketplace_3P,South,8.5,1,1249,17,2,0.118,34540,8,2,False,Returning,True
ORD1129046,U121700,2024-08-04 20:32:54,Tier 1,710296,410,490,80,60,Beauty,Prepaid,Evening,Android,6.2.0,Local_SmallSeller,South,10.9,1,679,5,0,0.0,5300,3,0,False,Returning,False
ORD1117809,U115586,2024-08-04 20:44:21,Tier 1,567484,1640,1660,20,0,Home & Kitchen,Prepaid,Evening,Android,6.5.2,Marketplace_3P,East,12.3,1,619,7,1,0.143,6970,4,1,False,Returning,False
ORD1205145,U171888,2024-08-04 23:35:05,Tier 1,347335,1750,1810,60,0,Fashion,Prepaid,Late_Night,iOS,6.4.0,Local_SmallSeller,Central,10.5,1,1435,20,0,0.0,46110,8,0,False,Returning,False
ORD1248206,U150701,2024-08-05 00:19:21,Tier 1,390048,730,860,130,0,Books,CoD,Late_Night,Android,6.3.1,Marketplace_3P,South,4.1,1,1217,12,3,0.25,32090,3,3,False,Returning,False
ORD1477215,U217834,2024-08-05 04:20:54,Tier 1,340153,810,860,50,0,Beauty,Prepaid,Late_Night,Android,6.3.1,Marketplace_3P,North,16.0,1,37,1,0,0.0,1960,1,0,True,New,False
ORD1101549,U104334,2024-08-05 04:42:18,Tier 1,617482,750,970,220,0,Grocery,Prepaid,Late_Night,Android,6.4.0,Marketplace_3P,North,10.3,1,1375,25,0,0.0,82730,22,0,False,Returning,True
ORD1457739,U199190,2024-08-05 06:05:59,Tier 2,604845,5970,7610,1640,0,Mobiles,CoD,Morning,Android,6.3.1,Local_SmallSeller,Central,6.2,1,975,16,4,0.25,18020,5,4,False,Returning,False
ORD1284488,U194600,2024-08-05 09:09:29,Tier 2,831408,1180,1590,410,0,Footwear,Prepaid,Morning,iOS,7.0.0,Local_SmallSeller,North,20.6,1,570,7,0,0.0,19320,5,0,False,Returning,False
ORD1440303,U168346,2024-08-05 09:32:33,Tier 1,618228,43610,51770,8160,0,Mobiles,CoD,Morning,Android,6.2.0,Marketplace_3P,West,4.5,1,106,2,0,0.0,7270,1,0,False,Returning,False
ORD1086934,U163795,2024-08-05 11:12:16,Tier 2,286532,1560,1620,60,0,Fashion,Prepaid,Morning,Android,6.2.0,Marketplace_3P,West,21.1,1,992,11,1,0.091,18560,6,1,False,Returning,False
ORD1413256,U134864,2024-08-05 11:42:45,Tier 1,818549,1020,1090,70,0,Fashion,CoD,Morning,Android,6.4.0,Local_SmallSeller,East,5.4,1,269,2,1,0.5,1720,1,1,False,Returning,False
ORD1169020,U156198,2024-08-05 12:30:44,Tier 2,564105,5820,7290,1470,0,Electronics,CoD,Afternoon,iOS,6.5.2,Marketplace_3P,East,31.1,1,1392,13,2,0.154,18730,3,2,False,Returning,False
ORD1171969,U183830,2024-08-05 13:00:25,Tier 2,653714,17260,17790,530,0,Appliances,CoD,Afternoon,iOS,6.5.2,Marketplace_3P,West,3.7,1,660,8,4,0.5,24220,7,4,False,Returning,False
ORD1004618,U211101,2024-08-05 13:06:47,Tier 1,127540,790,830,40,0,Grocery,CoD,Afternoon,Android,6.4.0,Local_SmallSeller,South,2.7,1,1300,13,2,0.154,6450,4,2,False,Returning,False
ORD1438855,U147228,2024-08-05 14:05:55,Tier 1,751913,6330,8370,2040,0,Electronics,CoD,Afternoon,Android,6.4.0,Marketplace_3P,North,16.4,2,1293,23,3,0.13,37560,11,3,False,Returning,False
ORD1131300,U145624,2024-08-05 14:09:53,Tier 3,166008,510,680,170,0,Footwear,CoD,Afternoon,Android,6.5.2,Marketplace_3P,East,28.7,1,956,15,3,0.2,10980,10,3,False,Returning,True
ORD1015873,U106374,2024-08-05 14:18:40,Tier 3,829755,2570,2750,180,0,Grocery,CoD,Afternoon,Android,6.3.1,Marketplace_3P,Central,16.6,2,219,4,2,0.5,17370,3,2,False,Returning,False
ORD1211338,U112196,2024-08-05 17:35:04,Tier 2,125933,10980,12810,1830,0,Mobiles,Prepaid,Evening,Android,6.2.0,Flagship_1P,South,34.9,1,957,9,0,0.0,30170,5,0,False,Returning,False
ORD1377943,U162597,2024-08-05 18:06:16,Tier 3,682791,150,160,10,40,Books,CoD,Evening,iOS,7.0.0,Local_SmallSeller,West,27.2,1,472,5,2,0.4,8710,3,2,False,Returning,False
ORD1472565,U216517,2024-08-05 19:42:55,Tier 1,441333,470,630,160,40,Grocery,Prepaid,Evening,Android,7.0.0,Marketplace_3P,Central,6.8,1,1407,17,0,0.0,33060,6,0,False,Returning,False
ORD1023504,U197425,2024-08-05 21:59:48,Tier 1,367979,1300,1740,440,0,Beauty,Prepaid,Evening,Android,6.5.2,Marketplace_3P,West,6.6,1,433,7,0,0.0,2080,2,0,False,Returning,False
ORD1115617,U197295,2024-08-05 22:22:28,Tier 1,269861,4460,4660,200,0,Fashion,CoD,Late_Night,Android,6.4.0,Local_SmallSeller,South,2.1,2,1253,15,2,0.133,7600,7,2,False,Returning,False
ORD1431500,U127647,2024-08-06 06:02:04,Tier 1,119884,970,980,10,0,Fashion,Prepaid,Morning,Android,6.2.0,Marketplace_3P,West,12.7,2,179,6,1,0.167,5810,1,1,False,Returning,False
ORD1143734,U210091,2024-08-06 06:04:18,Tier 3,213700,2710,3070,360,0,Footwear,CoD,Morning,Android,6.3.1,Marketplace_3P,Central,13.5,1,1125,10,0,0.0,12280,5,0,False,Returning,False
ORD1303549,U164131,2024-08-06 06:22:32,Tier 3,566763,3130,3800,670,0,Electronics,CoD,Morning,Android,6.4.0,Marketplace_3P,West,8.9,1,269,2,2,1.0,630,0,0,False,Returning,False
ORD1206550,U166971,2024-08-06 12:05:36,Tier 1,186288,320,400,80,40,Grocery,Prepaid,Afternoon,Android,6.3.1,Marketplace_3P,Central,14.9,1,235,3,0,0.0,10760,2,0,False,Returning,False
ORD1037953,U124005,2024-08-06 12:48:19,Tier 2,529336,2050,2580,530,0,Grocery,CoD,Afternoon,Android,6.3.1,Flagship_1P,South,10.6,1,415,3,1,0.333,2520,2,1,False,Returning,False
ORD1034937,U180512,2024-08-06 14:50:02,Tier 1,738491,500,610,110,0,Grocery,CoD,Afternoon,Android,6.5.2,Local_SmallSeller,South,6.4,1,961,6,2,0.333,8470,5,2,False,Returning,False
ORD1014046,U161673,2024-08-06 17:04:45,Tier 2,633023,6600,7920,1320,0,Mobiles,Prepaid,Evening,Android,6.3.1,Marketplace_3P,West,15.4,1,936,14,0,0.0,31270,12,0,False,Returning,False
ORD1245504,U154542,2024-08-06 17:41:33,Tier 1,163491,230,300,70,40,Books,Prepaid,Evening,Android,6.4.0,Marketplace_3P,West,17.2,2,286,5,2,0.4,3480,3,2,False,Returning,True
ORD1009287,U167339,2024-08-07 03:18:38,Tier 3,714980,480,640,160,0,Beauty,CoD,Late_Night,Android,6.3.1,Marketplace_3P,East,9.9,1,415,6,2,0.333,7960,2,2,False,Returning,False
ORD1352539,U151550,2024-08-07 03:39:42,Tier 2,701046,4220,5170,950,0,Electronics,Prepaid,Late_Night,Android,7.0.0,Local_SmallSeller,Central,10.7,1,1015,10,7,0.7,2450,8,5,False,Returning,False
ORD1186206,U130767,2024-08-07 05:38:44,Tier 3,727822,2700,3330,630,0,Footwear,CoD,Morning,Android,6.2.0,Marketplace_3P,South,10.0,1,985,15,1,0.067,145170,8,1,False,Returning,False
ORD1440730,U188906,2024-08-07 06:01:12,Tier 1,137793,1570,1820,250,0,Fashion,Prepaid,Morning,Android,6.2.0,Flagship_1P,North,3.5,1,1147,20,1,0.05,32640,11,1,False,Returning,False
ORD1294123,U100923,2024-08-07 06:04:04,Tier 3,414284,1530,1820,290,0,Beauty,CoD,Morning,Android,7.0.0,Flagship_1P,South,25.9,1,218,3,1,0.333,1450,1,1,False,Returning,False
ORD1486007,U175488,2024-08-07 07:08:36,Tier 2,790238,560,700,140,0,Grocery,Prepaid,Morning,Android,7.0.0,Flagship_1P,North,11.5,1,824,9,1,0.111,11940,6,1,False,Returning,False
ORD1394554,U103725,2024-08-07 10:12:23,Tier 2,830675,13320,13350,30,0,Electronics,Prepaid,Morning,Android,6.5.2,Marketplace_3P,East,15.5,2,1485,13,0,0.0,16420,7,0,False,Returning,False
ORD1288765,U127657,2024-08-07 10:28:29,Tier 3,568334,2390,2800,410,0,Fashion,Prepaid,Morning,Android,7.0.0,Flagship_1P,Central,24.4,3,120,2,1,0.5,1820,1,1,False,Returning,False
ORD1294080,U135342,2024-08-07 13:11:21,Tier 2,303557,830,880,50,0,Grocery,CoD,Afternoon,Android,6.5.2,Flagship_1P,South,17.8,1,723,10,0,0.0,4860,3,0,False,Returning,False
ORD1498847,U197421,2024-08-07 17:06:08,Tier 3,842382,660,870,210,0,Beauty,CoD,Evening,Android,6.3.1,Flagship_1P,East,23.7,3,269,6,2,0.333,6440,3,2,False,Returning,True
ORD1036130,U167445,2024-08-07 17:11:25,Tier 1,598678,720,770,50,0,Grocery,Prepaid,Evening,Android,7.0.0,Marketplace_3P,North,10.7,1,619,8,1,0.125,13920,3,1,False,Returning,False
ORD1389882,U168923,2024-08-07 17:41:35,Tier 3,318465,440,480,40,40,Grocery,CoD,Evening,Android,7.0.0,Local_SmallSeller,West,22.2,1,85,1,0,0.0,1850,1,0,True,New,False
ORD1269974,U152210,2024-08-07 19:43:20,Tier 2,354741,10670,12160,1490,0,Mobiles,Prepaid,Evening,iOS,7.0.0,Marketplace_3P,North,9.7,1,1315,10,1,0.1,10620,6,1,False,Returning,False
ORD1121190,U127432,2024-08-07 19:45:08,Tier 3,186377,340,420,80,60,Grocery,CoD,Evening,Android,6.4.0,Flagship_1P,Central,12.8,1,962,16,2,0.125,12040,9,2,False,Returning,False
ORD1059703,U146228,2024-08-07 22:45:43,Tier 2,247257,2480,2690,210,0,Fashion,Prepaid,Late_Night,Android,6.4.0,Marketplace_3P,West,11.4,2,211,3,0,0.0,6600,2,0,False,Returning,False
ORD1244596,U136970,2024-08-08 03:15:00,Tier 3,484172,370,490,120,40,Books,CoD,Late_Night,Android,6.4.0,Marketplace_3P,West,10.0,1,524,9,1,0.111,11300,3,1,False,Returning,False
ORD1330578,U113903,2024-08-08 03:19:24,Tier 1,566001,2270,3040,770,0,Fashion,CoD,Late_Night,Android,6.2.0,Local_SmallSeller,East,5.1,1,570,6,1,0.167,5730,2,1,False,Returning,False
ORD1081816,U135455,2024-08-08 05:17:10,Tier 2,539690,250,320,70,60,Books,Prepaid,Morning,Android,6.4.0,Local_SmallSeller,West,19.9,1,946,13,5,0.385,6690,4,3,False,Returning,False
ORD1072376,U176869,2024-08-08 05:49:47,Tier 3,801986,790,840,50,0,Fashion,CoD,Morning,Android,6.5.2,Flagship_1P,Central,22.7,2,1182,19,0,0.0,58550,6,0,False,Returning,False
ORD1016454,U145138,2024-08-08 09:37:59,Tier 1,129495,5750,6240,490,0,Home & Kitchen,Prepaid,Morning,Android,6.2.0,Local_SmallSeller,Central,15.5,1,545,7,1,0.143,7570,5,1,False,Returning,False
ORD1126521,U212634,2024-08-08 09:51:19,Tier 3,616550,6490,7960,1470,0,Electronics,CoD,Morning,Android,6.2.0,Flagship_1P,South,27.3,1,1161,15,1,0.067,4970,13,1,False,Returning,True
ORD1221049,U125610,2024-08-08 09:52:27,Tier 3,737157,1750,1980,230,0,Fashion,CoD,Morning,Android,6.5.2,Marketplace_3P,North,56.9,1,324,3,1,0.333,7520,1,1,False,Returning,False
ORD1407461,U167428,2024-08-08 10:59:32,Tier 3,217509,890,1100,210,0,Beauty,Prepaid,Morning,Android,7.0.0,Local_SmallSeller,East,10.3,2,903,6,1,0.167,11450,2,1,False,Returning,False
ORD1328332,U192089,2024-08-08 12:28:50,Tier 3,281141,860,950,90,0,Fashion,Prepaid,Afternoon,Android,6.5.2,Flagship_1P,West,38.2,1,1,2,1,0.5,2460,1,1,False,Returning,False
ORD1164713,U100736,2024-08-08 12:33:32,Tier 2,360471,3480,3660,180,0,Fashion,CoD,Afternoon,iOS,6.4.0,Marketplace_3P,East,14.8,1,1096,17,7,0.412,5230,11,6,False,Returning,False
ORD1057505,U118723,2024-08-08 14:12:06,Tier 2,213498,8810,11090,2280,0,Electronics,Prepaid,Afternoon,Android,6.4.0,Local_SmallSeller,South,4.4,3,41,1,0,0.0,1550,1,0,True,New,True
ORD1414277,U136278,2024-08-08 15:21:40,Tier 2,554676,7160,7390,230,0,Appliances,CoD,Afternoon,Android,7.0.0,Marketplace_3P,Central,8.7,1,478,8,3,0.375,12040,3,2,False,Returning,False
ORD1336853,U136230,2024-08-08 18:18:02,Tier 2,803136,1490,1860,370,0,Beauty,Prepaid,Evening,Android,6.4.0,Local_SmallSeller,Central,1.4,1,85,2,0,0.0,580,1,0,False,Returning,True
ORD1124299,U121175,2024-08-08 20:03:04,Tier 2,461544,2030,2130,100,0,Fashion,Prepaid,Evening,Android,6.4.0,Marketplace_3P,North,6.6,1,960,10,2,0.2,17270,4,2,False,Returning,False
ORD1470283,U155015,2024-08-08 21:14:56,Tier 1,552010,1850,2270,420,0,Fashion,Prepaid,Evening,Android,6.4.0,Marketplace_3P,West,17.9,2,1463,16,0,0.0,49200,3,0,False,Returning,False
ORD1109146,U118399,2024-08-08 22:08:55,Tier 2,277352,1590,1800,210,0,Fashion,CoD,Late_Night,Android,6.3.1,Flagship_1P,South,11.9,1,704,12,1,0.083,27540,5,1,False,Returning,False
ORD1137896,U197149,2024-08-08 22:26:11,Tier 2,189112,2760,2940,180,0,Footwear,CoD,Late_Night,Android,6.5.2,Marketplace_3P,North,15.3,1,757,11,1,0.091,26670,3,1,False,Returning,False
ORD1343925,U126556,2024-08-08 22:26:11,Tier 1,528605,1530,2030,500,0,Fashion,Prepaid,Late_Night,Android,6.4.0,Marketplace_3P,South,5.7,1,465,4,0,0.0,2590,2,0,False,Returning,False
ORD1474217,U176643,2024-08-08 23:37:22,Tier 2,653647,1630,2070,440,0,Beauty,CoD,Late_Night,iOS,6.3.1,Local_SmallSeller,South,10.2,3,176,4,0,0.0,6000,3,0,False,Returning,False
ORD1443657,U123112,2024-08-09 00:04:36,Tier 3,820412,1380,1560,180,0,Grocery,CoD,Late_Night,Android,6.2.0,Marketplace_3P,West,27.0,1,306,4,0,0.0,21950,2,0,False,Returning,True
ORD1142971,U154327,2024-08-09 00:08:08,Tier 2,420456,3250,4050,800,0,Electronics,CoD,Late_Night,Android,7.0.0,Marketplace_3P,West,14.5,1,1102,9,2,0.222,19290,4,2,False,Returning,False
ORD1325239,U192747,2024-08-09 00:13:44,Tier 3,760067,1510,1520,10,0,Home & Kitchen,CoD,Late_Night,Android,6.4.0,Local_SmallSeller,South,9.6,1,1353,12,0,0.0,20220,5,0,False,Returning,True
ORD1126532,U143353,2024-08-09 01:52:50,Tier 3,448052,890,940,50,0,Toys,CoD,Late_Night,Android,6.3.1,Local_SmallSeller,South,9.2,1,1199,19,8,0.421,20640,7,4,False,Returning,True
ORD1056242,U126268,2024-08-09 03:37:26,Tier 2,336894,1070,1120,50,0,Fashion,CoD,Late_Night,Android,6.4.0,Marketplace_3P,West,18.2,1,175,6,0,0.0,10370,2,0,False,Returning,False
ORD1190848,U111368,2024-08-09 06:46:17,Tier 1,638234,580,640,60,0,Fashion,Prepaid,Morning,Android,6.3.1,Marketplace_3P,West,20.3,1,631,7,2,0.286,30140,3,2,False,Returning,False
ORD1402605,U122021,2024-08-09 07:53:26,Tier 1,810014,3410,4560,1150,0,Electronics,CoD,Morning,Android,6.3.1,Local_SmallSeller,East,9.9,1,860,14,1,0.071,35870,8,1,False,Returning,False
ORD1223772,U131585,2024-08-09 10:57:26,Tier 2,462085,1210,1290,80,0,Grocery,Prepaid,Morning,Android,7.0.0,Local_SmallSeller,North,2.0,1,194,3,0,0.0,5730,2,0,False,Returning,False
ORD1162225,U199734,2024-08-09 11:35:47,Tier 1,423474,670,710,40,0,Toys,CoD,Morning,Android,6.4.0,Marketplace_3P,East,5.9,1,1482,15,8,0.533,10940,9,6,False,Returning,False
ORD1133257,U219165,2024-08-09 15:55:19,Tier 3,650843,2160,2510,350,0,Fashion,Prepaid,Afternoon,Android,6.3.1,Local_SmallSeller,South,24.6,1,1117,11,3,0.273,14410,6,3,False,Returning,False
ORD1030562,U143962,2024-08-09 16:38:15,Tier 1,324988,43250,49550,6300,0,Mobiles,CoD,Afternoon,Android,6.2.0,Marketplace_3P,East,3.8,1,600,10,3,0.3,16620,5,3,False,Returning,False
ORD1336647,U148891,2024-08-09 16:46:02,Tier 2,163474,18780,19080,300,0,Mobiles,Prepaid,Afternoon,iOS,6.4.0,Marketplace_3P,South,25.5,1,359,6,0,0.0,13090,4,0,False,Returning,False
ORD1131064,U124005,2024-08-09 20:09:07,Tier 2,749511,160,190,30,40,Beauty,Prepaid,Evening,Android,6.2.0,Marketplace_3P,East,9.0,1,415,3,1,0.333,2520,2,1,False,Returning,False
ORD1415561,U180635,2024-08-09 20:47:17,Tier 1,710436,9840,12620,2780,0,Mobiles,Prepaid,Evening,iOS,7.0.0,Flagship_1P,West,6.8,2,361,4,0,0.0,4140,1,0,False,Returning,False
ORD1441398,U158695,2024-08-09 20:51:56,Tier 3,271764,1280,1380,100,0,Beauty,CoD,Evening,Android,6.2.0,Marketplace_3P,North,11.2,1,703,11,3,0.273,22880,6,3,False,Returning,False
ORD1174639,U102119,2024-08-10 01:48:58,Tier 2,347820,1870,1880,10,0,Beauty,Prepaid,Late_Night,Android,6.5.2,Flagship_1P,North,6.5,1,1052,9,4,0.444,5440,2,2,False,Returning,False
ORD1066207,U110990,2024-08-10 02:55:45,Tier 3,806184,1090,1330,240,0,Beauty,CoD,Late_Night,Android,7.0.0,Local_SmallSeller,East,27.2,2,376,4,0,0.0,7840,1,0,False,Returning,False
ORD1265029,U113026,2024-08-10 03:53:51,Tier 2,648412,1210,1430,220,0,Toys,CoD,Late_Night,Android,6.4.0,Marketplace_3P,East,33.7,1,1128,17,3,0.176,21470,8,3,False,Returning,False
ORD1381516,U141559,2024-08-10 04:35:03,Tier 3,477204,480,510,30,40,Footwear,CoD,Late_Night,Android,6.2.0,Flagship_1P,East,14.7,2,213,4,0,0.0,7520,2,0,False,Returning,False
ORD1196244,U180632,2024-08-10 04:50:12,Tier 2,280663,32630,39080,6450,0,Mobiles,Prepaid,Late_Night,Android,6.2.0,Marketplace_3P,North,3.3,1,111,2,1,0.5,4490,1,1,False,Returning,True
ORD1459974,U156444,2024-08-10 05:42:39,Tier 2,657537,390,420,30,0,Books,CoD,Morning,Android,6.2.0,Marketplace_3P,East,26.5,1,1015,18,3,0.167,33780,7,3,False,Returning,False
ORD1051665,U155640,2024-08-10 06:41:27,Tier 1,486017,3700,4970,1270,0,Fashion,Prepaid,Morning,Android,6.2.0,Flagship_1P,South,11.5,1,950,11,2,0.182,27440,6,2,False,Returning,False
ORD1366590,U162750,2024-08-10 08:57:49,Tier 1,689142,560,750,190,0,Books,Prepaid,Morning,Android,6.4.0,Local_SmallSeller,West,5.6,1,1299,12,1,0.083,51220,3,1,False,Returning,False
ORD1299305,U171820,2024-08-10 12:30:03,Tier 3,641685,290,320,30,40,Books,Prepaid,Afternoon,Android,6.4.0,Flagship_1P,East,29.3,1,629,5,3,0.6,5340,4,2,False,Returning,False
ORD1407707,U218232,2024-08-10 13:12:14,Tier 2,321358,610,790,180,0,Fashion,Prepaid,Afternoon,Android,7.0.0,Flagship_1P,East,4.4,2,1179,16,3,0.188,39130,10,3,False,Returning,False
ORD1225823,U167683,2024-08-10 17:00:28,Tier 1,600346,1190,1330,140,0,Grocery,CoD,Evening,iOS,6.4.0,Local_SmallSeller,North,7.5,1,1439,20,3,0.15,32780,12,3,False,Returning,False
ORD1325575,U175405,2024-08-10 19:43:10,Tier 1,849748,800,850,50,0,Fashion,Prepaid,Evening,Android,6.4.0,Marketplace_3P,North,5.7,1,1151,14,7,0.5,17390,5,3,False,Returning,False
ORD1045412,U165745,2024-08-11 00:21:52,Tier 1,470481,3080,3450,370,0,Electronics,CoD,Late_Night,Android,6.4.0,Marketplace_3P,East,8.2,1,1058,12,1,0.083,34110,8,1,False,Returning,False
ORD1148750,U169624,2024-08-11 02:41:04,Tier 1,121468,690,730,40,0,Grocery,CoD,Late_Night,Android,6.3.1,Marketplace_3P,West,7.3,1,413,7,0,0.0,17000,2,0,False,Returning,False
ORD1224201,U202570,2024-08-11 02:45:38,Tier 2,111947,7980,8250,270,0,Mobiles,Prepaid,Late_Night,Android,6.5.2,Local_SmallSeller,West,18.4,2,1370,14,2,0.143,22530,12,2,False,Returning,True
ORD1035006,U117948,2024-08-11 02:51:44,Tier 2,657719,3890,4360,470,0,Electronics,CoD,Late_Night,Android,7.0.0,Flagship_1P,North,15.6,2,447,10,0,0.0,6930,7,0,False,Returning,False
ORD1082867,U216907,2024-08-11 04:13:52,Tier 1,226339,12590,15450,2860,0,Appliances,CoD,Late_Night,Android,6.4.0,Marketplace_3P,West,18.5,2,1463,14,0,0.0,15210,7,0,False,Returning,False
ORD1301720,U126491,2024-08-11 04:28:22,Tier 2,695058,680,790,110,0,Beauty,CoD,Late_Night,Android,6.2.0,Flagship_1P,East,18.4,1,245,5,0,0.0,7310,2,0,False,Returning,True
ORD1306775,U216491,2024-08-11 06:34:06,Tier 1,222595,2170,2320,150,0,Home & Kitchen,Prepaid,Morning,Android,6.4.0,Marketplace_3P,Central,8.7,1,1408,9,3,0.333,4580,5,3,False,Returning,False
ORD1402013,U124005,2024-08-11 07:56:30,Tier 2,335767,10950,14710,3760,0,Mobiles,CoD,Morning,Android,7.0.0,Local_SmallSeller,North,6.9,1,415,3,1,0.333,2520,2,1,False,Returning,False
ORD1426237,U101654,2024-08-11 09:15:48,Tier 2,585867,19190,19940,750,0,Appliances,CoD,Morning,iOS,7.0.0,Marketplace_3P,North,16.1,1,235,5,3,0.6,9650,1,1,False,Returning,False
ORD1043678,U168826,2024-08-11 14:02:14,Tier 3,163936,5360,5450,90,0,Electronics,CoD,Afternoon,Android,6.4.0,Marketplace_3P,Central,5.7,1,1253,15,1,0.067,43810,12,1,False,Returning,False
ORD1258891,U104716,2024-08-11 16:32:33,Tier 2,176309,33960,39100,5140,0,Mobiles,CoD,Afternoon,Android,6.3.1,Flagship_1P,East,9.5,1,1334,20,3,0.15,46320,9,3,False,Returning,False
ORD1485033,U153332,2024-08-11 21:18:28,Tier 3,713850,550,620,70,0,Beauty,CoD,Evening,iOS,6.5.2,Marketplace_3P,South,10.4,1,120,2,0,0.0,2480,1,0,False,Returning,False
ORD1255551,U160456,2024-08-12 00:09:08,Tier 2,240206,2100,2830,730,0,Footwear,CoD,Late_Night,iOS,6.4.0,Marketplace_3P,East,4.6,1,601,9,2,0.222,19420,3,2,False,Returning,False
ORD1191561,U112477,2024-08-12 00:35:11,Tier 2,449418,1620,1640,20,0,Beauty,CoD,Late_Night,Android,6.4.0,Marketplace_3P,West,5.3,2,744,6,0,0.0,3150,1,0,False,Returning,False
ORD1154170,U104302,2024-08-12 04:22:05,Tier 2,661184,1280,1610,330,0,Home & Kitchen,Prepaid,Late_Night,Android,6.2.0,Marketplace_3P,East,38.4,1,201,3,0,0.0,390,3,0,False,Returning,False
ORD1207481,U165552,2024-08-12 04:33:03,Tier 1,534787,950,1070,120,0,Footwear,Prepaid,Late_Night,Android,6.3.1,Marketplace_3P,East,7.8,2,1164,15,4,0.267,23320,9,4,False,Returning,False
ORD1344948,U171067,2024-08-12 04:56:32,Tier 3,458025,980,1320,340,0,Toys,CoD,Late_Night,Android,7.0.0,Flagship_1P,Central,67.9,1,399,10,6,0.6,14090,7,4,False,Returning,False
ORD1183475,U110820,2024-08-12 05:22:09,Tier 1,236921,340,450,110,40,Grocery,Prepaid,Morning,Android,6.5.2,Marketplace_3P,West,3.4,2,402,3,0,0.0,9190,2,0,False,Returning,False
ORD1421958,U176357,2024-08-12 05:40:43,Tier 1,727826,1510,1880,370,0,Toys,Prepaid,Morning,Android,6.2.0,Marketplace_3P,North,4.9,1,516,2,1,0.5,3720,1,1,False,Returning,False
ORD1000814,U122449,2024-08-12 07:37:24,Tier 1,501304,520,630,110,0,Grocery,Prepaid,Morning,Android,6.3.1,Marketplace_3P,North,3.4,1,506,8,1,0.125,14540,3,1,False,Returning,False
ORD1183543,U217684,2024-08-12 07:39:03,Tier 2,458106,7970,9790,1820,0,Appliances,CoD,Morning,Android,7.0.0,Flagship_1P,Central,20.4,2,1410,11,0,0.0,1390,3,0,False,Returning,False
ORD1288785,U165577,2024-08-12 09:05:35,Tier 3,213185,15150,15800,650,0,Mobiles,CoD,Morning,Android,7.0.0,Marketplace_3P,North,13.8,1,437,8,1,0.125,20590,6,1,False,Returning,False
ORD1308225,U208907,2024-08-12 10:18:20,Tier 2,448032,1580,1830,250,0,Home & Kitchen,Prepaid,Morning,Android,6.4.0,Marketplace_3P,East,7.4,2,465,3,0,0.0,1030,3,0,False,Returning,False
ORD1337485,U150816,2024-08-12 12:09:23,Tier 2,475938,180,230,50,40,Books,CoD,Afternoon,Android,6.3.1,Marketplace_3P,Central,11.4,2,1140,14,6,0.429,45020,9,6,False,Returning,False
ORD1442952,U175944,2024-08-12 13:03:24,Tier 2,193714,1510,1940,430,0,Fashion,Prepaid,Afternoon,Android,7.0.0,Marketplace_3P,Central,7.0,1,294,7,3,0.429,6850,3,2,False,Returning,False
ORD1106250,U124688,2024-08-12 22:18:05,Tier 2,533861,12890,15180,2290,0,Mobiles,Prepaid,Late_Night,Android,6.3.1,Marketplace_3P,East,12.9,1,1200,23,4,0.174,33050,7,4,False,Returning,True
ORD1014000,U209702,2024-08-13 00:55:19,Tier 3,586524,11620,13070,1450,0,Mobiles,Prepaid,Late_Night,iOS,7.0.0,Marketplace_3P,North,7.4,1,958,12,3,0.25,24700,9,3,False,Returning,False
ORD1095405,U161072,2024-08-13 04:48:59,Tier 2,564078,1300,1720,420,0,Beauty,CoD,Late_Night,Android,6.5.2,Marketplace_3P,Central,8.7,1,383,7,2,0.286,8750,2,1,False,Returning,False
ORD1376688,U146354,2024-08-13 05:49:31,Tier 1,249596,420,460,40,60,Grocery,Prepaid,Morning,Android,7.0.0,Marketplace_3P,North,1.7,1,524,6,1,0.167,3150,2,1,False,Returning,False
ORD1206426,U168549,2024-08-13 07:55:03,Tier 1,816099,1880,1940,60,0,Fashion,Prepaid,Morning,Android,6.4.0,Marketplace_3P,Central,3.9,1,1011,11,0,0.0,17620,7,0,False,Returning,False
ORD1132556,U151145,2024-08-13 07:56:03,Tier 1,517245,980,1110,130,0,Footwear,Prepaid,Morning,Android,6.3.1,Local_SmallSeller,Central,3.8,1,361,4,1,0.25,4750,1,1,False,Returning,False
ORD1081763,U167036,2024-08-13 09:39:36,Tier 2,267443,4390,4990,600,0,Footwear,CoD,Morning,Android,6.4.0,Local_SmallSeller,North,22.7,2,870,15,3,0.2,38240,11,3,False,Returning,False
ORD1393731,U117965,2024-08-13 13:40:24,Tier 3,112778,1910,2220,310,0,Fashion,CoD,Afternoon,Android,6.3.1,Marketplace_3P,North,19.7,1,1414,18,0,0.0,47790,4,0,False,Returning,True
ORD1184009,U117021,2024-08-13 14:32:38,Tier 3,590600,11940,12680,740,0,Electronics,CoD,Afternoon,Android,6.5.2,Local_SmallSeller,North,5.5,1,424,5,0,0.0,3420,4,0,False,Returning,False
ORD1163218,U111773,2024-08-13 14:44:41,Tier 1,374068,2630,3400,770,0,Home & Kitchen,CoD,Afternoon,iOS,6.5.2,Flagship_1P,South,8.5,1,718,7,2,0.286,9030,5,2,False,Returning,False
ORD1032718,U172677,2024-08-13 17:51:43,Tier 2,371306,1480,1850,370,0,Fashion,Prepaid,Evening,Android,6.2.0,Local_SmallSeller,West,29.9,1,1214,15,3,0.2,28950,8,3,False,Returning,False
ORD1009154,U115160,2024-08-13 18:52:59,Tier 3,490703,1270,1670,400,0,Fashion,CoD,Evening,Android,6.4.0,Marketplace_3P,North,52.8,1,388,7,1,0.143,9080,5,1,False,Returning,True
ORD1001241,U209216,2024-08-13 18:53:29,Tier 2,495393,740,920,180,0,Beauty,Prepaid,Evening,Android,6.2.0,Marketplace_3P,West,5.8,1,403,4,1,0.25,6250,3,1,False,Returning,False
ORD1152467,U124898,2024-08-13 21:05:45,Tier 2,445959,9270,9660,390,0,Electronics,CoD,Evening,iOS,6.2.0,Flagship_1P,South,11.6,1,674,7,0,0.0,3440,3,0,False,Returning,False
ORD1473881,U173805,2024-08-14 01:50:32,Tier 3,205061,1790,1920,130,0,Fashion,CoD,Late_Night,Android,6.3.1,Local_SmallSeller,North,35.5,1,1431,14,5,0.357,15020,8,5,False,Returning,False
ORD1437240,U202968,2024-08-14 02:40:45,Tier 1,748273,1820,2300,480,0,Footwear,Prepaid,Late_Night,Android,6.3.1,Marketplace_3P,East,5.3,1,850,6,1,0.167,9430,3,1,False,Returning,False
ORD1071555,U179378,2024-08-14 03:08:03,Tier 1,450590,1470,1760,290,0,Grocery,Prepaid,Late_Night,Android,7.0.0,Flagship_1P,West,25.4,3,1168,12,4,0.333,3330,5,3,False,Returning,False
ORD1052609,U211076,2024-08-14 03:56:36,Tier 1,464105,570,750,180,0,Fashion,Prepaid,Late_Night,Android,6.4.0,Flagship_1P,North,3.0,1,1287,10,3,0.3,1670,6,3,False,Returning,False
ORD1379640,U126449,2024-08-14 04:57:25,Tier 2,112062,12510,13630,1120,0,Appliances,CoD,Late_Night,Android,6.2.0,Marketplace_3P,West,7.6,1,81,2,0,0.0,4420,0,0,False,Returning,False
ORD1208024,U191431,2024-08-14 05:42:08,Tier 2,219866,7060,7330,270,0,Mobiles,CoD,Morning,Android,6.3.1,Marketplace_3P,North,33.2,1,812,12,1,0.083,15520,5,1,False,Returning,False
ORD1003367,U207419,2024-08-14 08:19:20,Tier 1,574599,1490,1820,330,0,Home & Kitchen,Prepaid,Morning,Android,6.2.0,Marketplace_3P,East,2.9,1,29,2,1,0.5,650,2,1,False,Returning,False
ORD1154654,U150876,2024-08-14 09:23:06,Tier 2,702498,9530,12220,2690,0,Mobiles,Prepaid,Morning,Android,6.2.0,Local_SmallSeller,East,5.0,1,116,3,0,0.0,1070,2,0,False,Returning,True
ORD1193261,U128059,2024-08-14 10:30:47,Tier 1,531384,19810,24530,4720,0,Appliances,Prepaid,Morning,iOS,6.3.1,Marketplace_3P,North,10.3,1,147,5,1,0.2,9300,3,1,False,Returning,False
ORD1097688,U174927,2024-08-14 13:46:41,Tier 1,208776,6390,6400,10,0,Mobiles,Prepaid,Afternoon,Android,6.3.1,Marketplace_3P,East,5.4,1,720,15,1,0.067,21150,9,1,False,Returning,False
ORD1393683,U137722,2024-08-14 13:52:54,Tier 2,670738,350,360,10,0,Toys,Prepaid,Afternoon,Android,6.4.0,Marketplace_3P,Central,15.1,1,210,4,2,0.5,8180,3,2,False,Returning,False
ORD1308301,U160176,2024-08-14 18:19:49,Tier 2,138131,930,1110,180,0,Fashion,Prepaid,Evening,Android,6.2.0,Marketplace_3P,West,2.7,2,136,4,0,0.0,4310,2,0,False,Returning,False
ORD1041720,U153278,2024-08-14 21:38:11,Tier 1,547455,2950,3430,480,0,Electronics,Prepaid,Evening,iOS,6.2.0,Marketplace_3P,West,20.1,1,664,10,4,0.4,16670,5,4,False,Returning,False
ORD1102905,U107321,2024-08-14 22:28:09,Tier 2,472901,480,520,40,0,Grocery,Prepaid,Late_Night,iOS,6.4.0,Marketplace_3P,North,3.3,1,319,6,0,0.0,5370,3,0,False,Returning,False
ORD1339340,U207462,2024-08-14 23:15:29,Tier 2,399084,470,480,10,0,Beauty,Prepaid,Late_Night,Android,6.4.0,Flagship_1P,West,22.4,1,1229,13,3,0.231,21310,7,3,False,Returning,False
ORD1206298,U205375,2024-08-15 03:18:29,Tier 3,354906,1170,1470,300,0,Fashion,CoD,Late_Night,Android,7.0.0,Marketplace_3P,East,34.1,1,102,3,0,0.0,3910,3,0,False,Returning,False
ORD1471526,U104996,2024-08-15 05:18:28,Tier 3,799245,410,440,30,40,Grocery,CoD,Morning,Android,6.5.2,Marketplace_3P,East,13.2,2,1120,17,1,0.059,28170,7,1,False,Returning,False
ORD1256617,U195992,2024-08-15 10:25:45,Tier 1,798214,860,1140,280,0,Home & Kitchen,CoD,Morning,Android,7.0.0,Local_SmallSeller,North,8.2,1,1158,14,3,0.214,2890,9,3,False,Returning,False
ORD1365862,U100444,2024-08-15 12:00:59,Tier 3,765545,500,560,60,0,Grocery,Prepaid,Afternoon,Android,6.4.0,Marketplace_3P,Central,11.9,1,763,7,2,0.286,4680,5,2,False,Returning,False
ORD1396419,U115545,2024-08-15 12:25:35,Tier 2,217711,510,610,100,0,Books,CoD,Afternoon,Android,6.5.2,Local_SmallSeller,Central,6.9,2,1016,8,0,0.0,2880,2,0,False,Returning,False
ORD1373990,U201995,2024-08-15 15:36:06,Tier 1,199799,850,1030,180,0,Beauty,Prepaid,Afternoon,Android,6.5.2,Local_SmallSeller,West,14.4,1,494,6,0,0.0,2740,5,0,False,Returning,False
ORD1293315,U109316,2024-08-15 19:20:40,Tier 2,474816,1390,1830,440,0,Footwear,CoD,Evening,iOS,6.5.2,Marketplace_3P,Central,38.2,1,861,14,3,0.214,17450,7,3,False,Returning,False
ORD1187736,U129842,2024-08-15 19:59:56,Tier 1,770900,8790,11530,2740,0,Electronics,Prepaid,Evening,Android,6.2.0,Marketplace_3P,West,8.3,1,1156,15,6,0.4,4860,11,6,False,Returning,False
ORD1042999,U147505,2024-08-15 22:47:55,Tier 2,534431,540,720,180,0,Books,Prepaid,Late_Night,Android,7.0.0,Marketplace_3P,East,1.3,1,862,10,1,0.1,41450,4,1,False,Returning,False
ORD1228051,U204080,2024-08-16 01:42:06,Tier 2,518992,2200,2230,30,0,Home & Kitchen,Prepaid,Late_Night,Android,7.0.0,Marketplace_3P,Central,17.1,2,1330,12,0,0.0,7440,7,0,False,Returning,False
ORD1090315,U106764,2024-08-16 06:56:22,Tier 2,619342,1030,1250,220,0,Toys,CoD,Morning,Android,7.0.0,Flagship_1P,West,13.3,1,724,17,1,0.059,16430,15,1,False,Returning,False
ORD1096644,U169130,2024-08-16 07:49:14,Tier 3,142325,1300,1360,60,0,Fashion,CoD,Morning,Android,6.5.2,Marketplace_3P,South,8.0,2,1197,10,5,0.5,10480,7,5,False,Returning,False
ORD1135747,U125330,2024-08-16 08:05:20,Tier 2,442085,5960,7440,1480,0,Mobiles,Prepaid,Morning,iOS,6.4.0,Flagship_1P,South,26.0,1,667,2,0,0.0,5830,2,0,False,Returning,False
ORD1051987,U193011,2024-08-16 09:10:21,Tier 3,758978,1350,1500,150,0,Fashion,Prepaid,Morning,Android,6.4.0,Marketplace_3P,South,18.5,1,552,10,1,0.1,9210,6,1,False,Returning,False
ORD1127038,U178410,2024-08-16 11:36:55,Tier 2,843807,710,740,30,0,Grocery,CoD,Morning,Android,6.3.1,Marketplace_3P,East,5.4,1,358,4,1,0.25,11320,3,1,False,Returning,False
ORD1038649,U184503,2024-08-16 16:33:22,Tier 2,444233,1330,1550,220,0,Fashion,Prepaid,Afternoon,Android,6.5.2,Marketplace_3P,East,7.8,1,514,6,1,0.167,8200,2,1,False,Returning,False
ORD1276999,U189071,2024-08-16 18:11:43,Tier 3,466079,1860,2110,250,0,Home & Kitchen,CoD,Evening,Android,7.0.0,Local_SmallSeller,West,53.9,1,1350,21,4,0.19,49390,7,4,False,Returning,False
ORD1034584,U163483,2024-08-16 20:11:30,Tier 2,491695,2350,3080,730,0,Fashion,Prepaid,Evening,Android,6.5.2,Marketplace_3P,North,9.6,1,1459,18,0,0.0,39990,16,0,False,Returning,False
ORD1480060,U147941,2024-08-16 22:21:34,Tier 1,258985,3190,4160,970,0,Footwear,Prepaid,Late_Night,iOS,7.0.0,Local_SmallSeller,East,0.8,1,843,12,6,0.5,9540,5,3,False,Returning,False
ORD1251884,U214290,2024-08-16 22:41:48,Tier 2,742467,250,300,50,60,Grocery,Prepaid,Late_Night,Android,6.4.0,Local_SmallSeller,East,16.9,1,1246,7,0,0.0,10330,4,0,False,Returning,False
ORD1070009,U124645,2024-08-16 23:21:37,Tier 2,642429,1310,1320,10,0,Fashion,CoD,Late_Night,iOS,6.5.2,Marketplace_3P,Central,20.2,1,1134,15,5,0.333,33310,3,2,False,Returning,False
ORD1133700,U145047,2024-08-17 04:09:36,Tier 2,667026,7050,8160,1110,0,Electronics,CoD,Late_Night,Android,7.0.0,Marketplace_3P,South,6.3,1,1154,8,3,0.375,8400,6,3,False,Returning,False
ORD1144166,U153784,2024-08-17 04:23:08,Tier 3,552189,1360,1560,200,0,Fashion,CoD,Late_Night,Android,6.2.0,Local_SmallSeller,West,35.9,2,381,7,0,0.0,7610,4,0,False,Returning,False
ORD1465959,U124752,2024-08-17 06:26:20,Tier 3,420798,12810,13140,330,0,Appliances,CoD,Morning,Android,6.3.1,Local_SmallSeller,North,29.8,1,117,2,0,0.0,1390,1,0,False,Returning,True
ORD1367837,U156085,2024-08-17 09:37:48,Tier 2,542637,3640,4660,1020,0,Home & Kitchen,CoD,Morning,iOS,6.4.0,Marketplace_3P,Central,23.0,2,1285,15,7,0.467,10170,7,5,False,Returning,False
ORD1126058,U172122,2024-08-17 11:34:41,Tier 1,502318,360,470,110,0,Books,Prepaid,Morning,Android,6.5.2,Local_SmallSeller,North,6.6,1,1467,15,2,0.133,5330,13,2,False,Returning,False
ORD1367076,U108270,2024-08-17 11:56:03,Tier 2,417504,3070,3890,820,0,Fashion,CoD,Morning,Android,6.3.1,Marketplace_3P,South,22.4,1,31,1,0,0.0,2140,1,0,True,New,True
ORD1229645,U162597,2024-08-17 14:12:16,Tier 1,570012,1990,2250,260,0,Electronics,CoD,Afternoon,Android,6.4.0,Local_SmallSeller,West,13.0,1,472,5,2,0.4,8710,3,2,False,Returning,False
ORD1095466,U141929,2024-08-17 14:13:48,Tier 1,605238,1420,1710,290,0,Home & Kitchen,CoD,Afternoon,Android,7.0.0,Marketplace_3P,Central,4.4,2,441,9,6,0.667,4300,6,4,False,Returning,False
ORD1470551,U152163,2024-08-17 15:26:20,Tier 3,721333,5130,5830,700,0,Electronics,Prepaid,Afternoon,Android,6.3.1,Local_SmallSeller,North,4.1,1,316,3,1,0.333,3710,1,1,False,Returning,False
ORD1496918,U122666,2024-08-17 15:31:45,Tier 2,586541,7680,8400,720,0,Appliances,Prepaid,Afternoon,Android,7.0.0,Marketplace_3P,South,8.6,1,623,6,1,0.167,6870,2,1,False,Returning,False
ORD1121220,U178825,2024-08-17 15:42:08,Tier 2,788849,4290,5720,1430,0,Appliances,CoD,Afternoon,Android,6.2.0,Local_SmallSeller,East,11.9,1,1301,19,8,0.421,35040,9,7,False,Returning,False
ORD1437589,U165392,2024-08-17 15:54:15,Tier 2,380949,740,860,120,0,Books,CoD,Afternoon,Android,6.3.1,Flagship_1P,East,2.7,1,1228,11,2,0.182,29860,8,2,False,Returning,False
ORD1178005,U112108,2024-08-17 17:13:08,Tier 3,193840,740,820,80,0,Home & Kitchen,CoD,Evening,iOS,6.4.0,Flagship_1P,East,23.8,1,42,1,0,0.0,4140,1,0,True,New,False
ORD1139439,U142009,2024-08-17 17:16:19,Tier 3,762143,4430,4760,330,0,Electronics,CoD,Evening,Android,6.3.1,Flagship_1P,South,19.1,1,451,5,1,0.2,8330,3,1,False,Returning,True
ORD1293900,U106519,2024-08-17 18:49:03,Tier 2,348121,1900,1980,80,0,Fashion,Prepaid,Evening,Android,6.3.1,Local_SmallSeller,North,53.7,1,65,1,0,0.0,1060,0,0,True,New,False
ORD1032804,U110415,2024-08-17 20:10:52,Tier 2,637177,860,1140,280,0,Fashion,CoD,Evening,Android,6.3.1,Marketplace_3P,South,9.6,1,233,4,0,0.0,9930,1,0,False,Returning,False
ORD1492669,U201580,2024-08-17 20:32:19,Tier 1,339552,7800,8650,850,0,Electronics,Prepaid,Evening,Android,6.5.2,Marketplace_3P,East,2.3,1,565,8,1,0.125,8900,2,1,False,Returning,False
ORD1336109,U198412,2024-08-17 20:39:50,Tier 2,519781,2540,2650,110,0,Home & Kitchen,CoD,Evening,iOS,7.0.0,Local_SmallSeller,North,3.9,1,1131,14,8,0.571,19490,8,7,False,Returning,False
ORD1207298,U213979,2024-08-17 22:00:51,Tier 1,721887,1950,2260,310,0,Fashion,Prepaid,Late_Night,iOS,6.5.2,Flagship_1P,Central,1.9,1,629,13,3,0.231,1500,6,3,False,Returning,False
ORD1095078,U182558,2024-08-18 08:13:29,Tier 1,657839,210,270,60,40,Grocery,Prepaid,Morning,iOS,6.5.2,Local_SmallSeller,South,3.0,1,63,3,0,0.0,12880,1,0,False,Returning,False
ORD1160778,U203442,2024-08-18 10:55:57,Tier 3,140923,2040,2660,620,0,Fashion,CoD,Morning,Android,6.5.2,Local_SmallSeller,Central,26.2,2,960,13,1,0.077,23360,7,1,False,Returning,False
ORD1337296,U216318,2024-08-18 13:43:05,Tier 3,513684,5170,5970,800,0,Electronics,CoD,Afternoon,Android,7.0.0,Marketplace_3P,East,9.3,1,1058,18,3,0.167,15310,10,3,False,Returning,False
ORD1040424,U216164,2024-08-18 13:49:25,Tier 2,557450,2810,3100,290,0,Fashion,CoD,Afternoon,Android,6.5.2,Marketplace_3P,Central,8.4,1,107,3,0,0.0,6350,2,0,False,Returning,False
ORD1210436,U169587,2024-08-18 15:05:14,Tier 3,775418,2570,2720,150,0,Beauty,CoD,Afternoon,iOS,6.2.0,Local_SmallSeller,South,21.9,1,30,1,1,1.0,830,1,1,True,New,False
ORD1184513,U118239,2024-08-18 15:58:03,Tier 1,174899,2710,2910,200,0,Footwear,Prepaid,Afternoon,Android,6.4.0,Flagship_1P,North,0.6,1,901,8,2,0.25,6010,2,2,False,Returning,False
ORD1084504,U154651,2024-08-18 16:18:14,Tier 3,364275,1990,2620,630,0,Home & Kitchen,CoD,Afternoon,Android,6.2.0,Marketplace_3P,East,38.6,1,1200,11,0,0.0,14320,5,0,False,Returning,False
ORD1459582,U209309,2024-08-18 17:47:50,Tier 1,553989,8970,11540,2570,0,Appliances,CoD,Evening,Android,6.2.0,Marketplace_3P,South,10.3,1,1484,24,4,0.167,41910,10,4,False,Returning,False
ORD1129544,U178468,2024-08-18 20:51:47,Tier 2,334039,3250,4230,980,0,Electronics,CoD,Evening,Android,7.0.0,Flagship_1P,South,21.9,1,449,7,0,0.0,11160,3,0,False,Returning,False
ORD1117442,U124023,2024-08-19 01:03:40,Tier 3,439742,1140,1520,380,0,Footwear,CoD,Late_Night,iOS,7.0.0,Marketplace_3P,North,7.0,1,1126,9,1,0.111,5060,5,1,False,Returning,False
ORD1262353,U144983,2024-08-19 02:31:48,Tier 2,170966,5630,7080,1450,0,Electronics,Prepaid,Late_Night,Android,6.5.2,Marketplace_3P,North,6.2,1,1042,14,0,0.0,15000,5,0,False,Returning,False
ORD1297477,U156255,2024-08-19 03:37:13,Tier 2,203973,980,1230,250,0,Beauty,CoD,Late_Night,Android,6.2.0,Flagship_1P,Central,26.2,1,475,4,0,0.0,4540,2,0,False,Returning,False
ORD1357554,U148223,2024-08-19 05:09:23,Tier 1,235510,1590,1970,380,0,Footwear,Prepaid,Morning,Android,6.5.2,Local_SmallSeller,Central,5.0,2,1149,13,1,0.077,29530,8,1,False,Returning,False
ORD1378481,U204764,2024-08-19 05:14:23,Tier 3,745414,1540,1920,380,0,Fashion,CoD,Morning,Android,6.2.0,Local_SmallSeller,South,10.8,1,615,9,4,0.444,3520,5,3,False,Returning,False
ORD1397070,U159170,2024-08-19 10:10:24,Tier 1,637663,1190,1270,80,0,Beauty,Prepaid,Morning,Android,6.2.0,Marketplace_3P,Central,3.1,1,549,3,1,0.333,5020,3,1,False,Returning,False
ORD1162953,U122021,2024-08-19 12:05:30,Tier 2,692583,7820,9690,1870,0,Electronics,CoD,Afternoon,Android,6.4.0,Flagship_1P,East,17.5,2,860,14,1,0.071,35870,8,1,False,Returning,False
ORD1432735,U116931,2024-08-19 12:50:13,Tier 3,560290,650,850,200,0,Fashion,CoD,Afternoon,Android,7.0.0,Marketplace_3P,West,15.6,1,33,2,0,0.0,3730,1,0,False,Returning,False
ORD1409922,U139627,2024-08-19 17:34:58,Tier 3,822885,470,540,70,0,Books,CoD,Evening,Android,6.3.1,Flagship_1P,Central,17.3,1,128,1,1,1.0,1080,1,1,True,New,False
ORD1286954,U111092,2024-08-19 18:55:01,Tier 1,479872,270,330,60,40,Books,Prepaid,Evening,iOS,7.0.0,Marketplace_3P,Central,9.3,1,1457,18,3,0.167,13220,13,3,False,Returning,False
ORD1062640,U195810,2024-08-20 01:18:59,Tier 1,606919,860,870,10,0,Grocery,Prepaid,Late_Night,Android,6.4.0,Flagship_1P,East,3.2,1,979,21,1,0.048,14860,16,1,False,Returning,False
ORD1337256,U216471,2024-08-20 02:10:50,Tier 2,318324,6290,7220,930,0,Mobiles,CoD,Late_Night,Android,6.2.0,Local_SmallSeller,North,6.2,2,707,9,4,0.444,41290,7,4,False,Returning,False
ORD1310124,U122101,2024-08-20 02:32:38,Tier 2,522746,640,790,150,0,Toys,Prepaid,Late_Night,Android,6.3.1,Local_SmallSeller,South,31.6,1,91,1,1,1.0,590,1,1,True,New,False
ORD1087549,U136076,2024-08-20 03:08:51,Tier 2,461052,810,1000,190,0,Beauty,Prepaid,Late_Night,Android,6.5.2,Marketplace_3P,South,12.9,1,1304,14,3,0.214,27010,12,3,False,Returning,True
ORD1194241,U147960,2024-08-20 03:54:04,Tier 1,392186,10680,11200,520,0,Electronics,Prepaid,Late_Night,iOS,6.4.0,Flagship_1P,West,2.7,1,386,3,1,0.333,11440,2,1,False,Returning,False
ORD1094788,U201768,2024-08-20 03:57:34,Tier 1,394506,16520,20560,4040,0,Mobiles,CoD,Late_Night,Android,6.5.2,Marketplace_3P,East,5.0,2,658,10,0,0.0,35910,5,0,False,Returning,True
ORD1123134,U210590,2024-08-20 04:27:38,Tier 1,142597,840,940,100,0,Toys,Prepaid,Late_Night,Android,6.2.0,Flagship_1P,East,13.9,1,976,17,2,0.118,18710,4,2,False,Returning,False
ORD1409609,U184141,2024-08-20 04:45:32,Tier 2,769251,1850,2470,620,0,Grocery,CoD,Late_Night,Android,7.0.0,Marketplace_3P,East,18.2,1,1044,12,4,0.333,10420,5,4,False,Returning,False
ORD1200881,U112443,2024-08-20 08:44:25,Tier 2,635041,1190,1320,130,0,Footwear,Prepaid,Morning,Android,7.0.0,Marketplace_3P,Central,4.9,1,414,7,1,0.143,10240,3,1,False,Returning,False
ORD1390790,U138524,2024-08-20 09:24:51,Tier 2,555781,2800,2910,110,0,Fashion,CoD,Morning,Android,6.4.0,Marketplace_3P,West,13.1,3,974,11,2,0.182,32670,3,2,False,Returning,False
ORD1208730,U100768,2024-08-20 09:34:31,Tier 1,652056,1770,2200,430,0,Fashion,Prepaid,Morning,Android,6.5.2,Local_SmallSeller,Central,2.3,1,210,4,0,0.0,17780,3,0,False,Returning,False
ORD1084288,U200049,2024-08-20 14:10:16,Tier 1,677606,2110,2630,520,0,Fashion,CoD,Afternoon,Android,6.5.2,Local_SmallSeller,South,6.1,2,1232,18,4,0.222,20270,4,2,False,Returning,False
ORD1443227,U130608,2024-08-20 16:00:10,Tier 2,115585,900,970,70,0,Beauty,CoD,Afternoon,Android,7.0.0,Local_SmallSeller,East,15.0,1,334,5,0,0.0,590,2,0,False,Returning,False
ORD1244722,U144012,2024-08-20 16:37:10,Tier 2,582153,940,950,10,0,Fashion,CoD,Afternoon,Android,6.3.1,Local_SmallSeller,Central,15.7,1,1003,15,1,0.067,6090,7,1,False,Returning,False
ORD1397713,U209089,2024-08-20 16:42:07,Tier 2,490893,3660,3710,50,0,Electronics,CoD,Afternoon,Android,6.4.0,Marketplace_3P,North,33.7,1,709,6,3,0.5,14080,4,3,False,Returning,False
ORD1496551,U192642,2024-08-20 16:42:13,Tier 3,223820,420,480,60,0,Grocery,CoD,Afternoon,Android,6.2.0,Marketplace_3P,Central,6.5,1,706,12,0,0.0,11270,6,0,False,Returning,False
ORD1386438,U128364,2024-08-20 17:51:52,Tier 2,682454,1380,1410,30,0,Toys,CoD,Evening,Android,7.0.0,Marketplace_3P,North,11.3,3,857,13,4,0.308,20620,6,3,False,Returning,False
ORD1037372,U124005,2024-08-20 19:14:45,Tier 2,500923,2030,2190,160,0,Fashion,Prepaid,Evening,Android,6.3.1,Marketplace_3P,East,4.6,1,415,3,1,0.333,2520,2,1,False,Returning,False
ORD1379795,U124005,2024-08-20 19:43:55,Tier 2,583029,2660,2960,300,0,Home & Kitchen,CoD,Evening,Android,6.4.0,Local_SmallSeller,Central,1.8,1,415,3,1,0.333,2520,2,1,False,Returning,False
ORD1000028,U111493,2024-08-20 21:04:48,Tier 3,828131,920,980,60,0,Home & Kitchen,CoD,Evening,Android,6.3.1,Local_SmallSeller,East,11.2,1,1402,15,3,0.2,45610,6,3,False,Returning,False
ORD1110413,U123914,2024-08-20 21:38:33,Tier 1,348089,1340,1480,140,0,Electronics,CoD,Evening,Android,6.3.1,Marketplace_3P,West,9.9,1,193,3,0,0.0,560,1,0,False,Returning,False
ORD1280979,U142218,2024-08-20 22:18:48,Tier 1,765817,940,1240,300,0,Beauty,Prepaid,Late_Night,Android,6.3.1,Flagship_1P,East,0.7,3,449,12,2,0.167,29990,6,2,False,Returning,False
ORD1022405,U202855,2024-08-20 23:35:16,Tier 2,186296,10540,13130,2590,0,Appliances,Prepaid,Late_Night,Android,6.4.0,Local_SmallSeller,West,12.6,1,949,14,7,0.5,35870,4,4,False,Returning,False
ORD1403854,U202147,2024-08-21 00:20:37,Tier 1,649419,980,1020,40,0,Fashion,Prepaid,Late_Night,Android,7.0.0,Local_SmallSeller,Central,6.6,1,154,3,0,0.0,2220,1,0,False,Returning,False
ORD1114161,U183659,2024-08-21 02:44:02,Tier 1,626302,5070,6690,1620,0,Mobiles,Prepaid,Late_Night,iOS,6.5.2,Marketplace_3P,Central,13.0,1,1118,13,4,0.308,18420,7,4,False,Returning,False
ORD1113506,U181412,2024-08-21 03:27:04,Tier 2,392943,11070,12190,1120,0,Electronics,CoD,Late_Night,Android,7.0.0,Local_SmallSeller,Central,9.4,1,126,3,0,0.0,5770,2,0,False,Returning,False
ORD1379467,U219241,2024-08-21 04:20:19,Tier 1,768093,460,520,60,0,Books,CoD,Late_Night,Android,6.5.2,Local_SmallSeller,North,6.3,1,1378,22,10,0.455,37350,8,7,False,Returning,False
ORD1457284,U191063,2024-08-21 09:21:17,Tier 2,580480,16240,17560,1320,0,Mobiles,CoD,Morning,Android,6.5.2,Marketplace_3P,West,2.7,1,620,7,5,0.714,1630,2,2,False,Returning,True
ORD1114135,U128761,2024-08-21 09:28:38,Tier 3,501698,1270,1300,30,0,Footwear,Prepaid,Morning,iOS,6.3.1,Marketplace_3P,North,28.6,2,1212,14,2,0.143,16640,9,2,False,Returning,False
ORD1201938,U165251,2024-08-21 10:44:51,Tier 1,855693,2080,2360,280,0,Footwear,Prepaid,Morning,Android,6.2.0,Marketplace_3P,North,7.9,1,582,2,0,0.0,4910,1,0,False,Returning,False
ORD1474365,U188035,2024-08-21 11:17:10,Tier 2,123915,900,1150,250,0,Footwear,CoD,Morning,Android,7.0.0,Marketplace_3P,South,5.3,2,687,15,4,0.267,18800,10,4,False,Returning,False
ORD1202052,U197207,2024-08-21 13:17:10,Tier 3,620893,540,550,10,0,Beauty,Prepaid,Afternoon,iOS,6.5.2,Marketplace_3P,Central,28.7,1,515,3,0,0.0,5970,2,0,False,Returning,False
ORD1368030,U137654,2024-08-21 13:27:19,Tier 3,848919,2020,2210,190,0,Home & Kitchen,CoD,Afternoon,Android,6.3.1,Local_SmallSeller,South,17.2,1,604,9,0,0.0,2330,7,0,False,Returning,False
ORD1257189,U166532,2024-08-21 17:24:02,Tier 1,117451,1020,1310,290,0,Fashion,Prepaid,Evening,Android,6.3.1,Local_SmallSeller,Central,9.8,1,135,5,2,0.4,5760,2,1,False,Returning,False
ORD1058169,U179008,2024-08-21 20:01:20,Tier 1,634587,1130,1130,0,0,Fashion,CoD,Evening,Android,6.5.2,Flagship_1P,South,8.4,1,1254,17,4,0.235,10700,11,4,False,Returning,False
ORD1299970,U133527,2024-08-21 21:23:46,Tier 2,830349,330,440,110,40,Beauty,Prepaid,Evening,Android,6.2.0,Marketplace_3P,West,3.4,1,1148,9,0,0.0,9580,4,0,False,Returning,False
ORD1250310,U190327,2024-08-21 22:28:48,Tier 1,582337,1260,1390,130,0,Fashion,Prepaid,Late_Night,Android,7.0.0,Marketplace_3P,Central,16.8,1,1270,15,8,0.533,7450,8,6,False,Returning,False
ORD1282307,U201598,2024-08-22 00:00:54,Tier 3,275826,910,940,30,0,Fashion,CoD,Late_Night,Android,6.3.1,Flagship_1P,South,6.8,2,788,9,0,0.0,11100,4,0,False,Returning,True
ORD1312276,U163483,2024-08-22 00:07:39,Tier 2,822811,320,390,70,60,Grocery,CoD,Late_Night,Android,6.3.1,Marketplace_3P,East,9.5,1,1459,18,0,0.0,39990,16,0,False,Returning,False
ORD1075346,U114150,2024-08-22 01:30:46,Tier 1,564460,9740,9870,130,0,Appliances,CoD,Late_Night,iOS,7.0.0,Flagship_1P,East,5.4,2,693,7,2,0.286,10180,2,2,False,Returning,False
ORD1475966,U113997,2024-08-22 03:04:16,Tier 1,641756,16730,17600,870,0,Mobiles,Prepaid,Late_Night,Android,6.5.2,Flagship_1P,West,7.1,2,777,6,0,0.0,5680,3,0,False,Returning,False
ORD1489157,U126585,2024-08-22 03:06:16,Tier 3,759638,7550,8720,1170,0,Electronics,CoD,Late_Night,Android,7.0.0,Flagship_1P,South,38.6,1,401,4,0,0.0,8780,3,0,False,Returning,False
ORD1292850,U178181,2024-08-22 05:50:34,Tier 3,414919,1230,1530,300,0,Grocery,CoD,Morning,Android,6.2.0,Marketplace_3P,South,14.6,1,434,6,0,0.0,4390,3,0,False,Returning,False
ORD1365790,U154657,2024-08-22 08:47:06,Tier 2,607149,19130,25410,6280,0,Mobiles,CoD,Morning,Android,6.5.2,Local_SmallSeller,North,3.8,1,1278,16,5,0.312,21260,12,5,False,Returning,False
ORD1131299,U164872,2024-08-22 08:56:48,Tier 2,435905,15930,18360,2430,0,Appliances,Prepaid,Morning,Android,6.5.2,Local_SmallSeller,North,23.9,1,98,3,0,0.0,3310,2,0,False,Returning,False
ORD1424567,U124005,2024-08-22 11:55:45,Tier 2,666225,1260,1540,280,0,Grocery,CoD,Morning,Android,7.0.0,Flagship_1P,North,1.1,1,415,3,1,0.333,2520,2,1,False,Returning,False
ORD1175761,U180854,2024-08-22 15:48:09,Tier 3,152879,1240,1350,110,0,Footwear,CoD,Afternoon,iOS,6.3.1,Marketplace_3P,West,24.9,1,1338,13,4,0.308,870,10,4,False,Returning,False
ORD1157052,U169072,2024-08-22 16:22:45,Tier 3,537670,25480,30990,5510,0,Mobiles,Prepaid,Afternoon,Android,6.2.0,Local_SmallSeller,East,21.4,1,1031,6,2,0.333,16800,1,1,False,Returning,False
ORD1422533,U143354,2024-08-22 17:25:30,Tier 2,417909,1670,1750,80,0,Home & Kitchen,Prepaid,Evening,Android,7.0.0,Marketplace_3P,North,2.1,1,153,2,0,0.0,2110,1,0,False,Returning,False
ORD1305140,U133604,2024-08-22 19:32:22,Tier 2,510246,2360,2830,470,0,Home & Kitchen,Prepaid,Evening,Android,6.4.0,Marketplace_3P,North,6.2,2,316,5,2,0.4,5310,2,1,False,Returning,False
ORD1020192,U116928,2024-08-22 20:59:42,Tier 2,495664,1170,1540,370,0,Grocery,Prepaid,Evening,Android,6.3.1,Marketplace_3P,West,14.7,1,980,9,1,0.111,23850,6,1,False,Returning,False
ORD1362790,U195462,2024-08-22 23:43:37,Tier 2,148203,1420,1530,110,0,Home & Kitchen,CoD,Late_Night,Android,6.2.0,Flagship_1P,North,18.7,2,846,14,1,0.071,7660,7,1,False,Returning,False
ORD1176163,U164354,2024-08-23 00:12:07,Tier 2,326458,960,1290,330,0,Toys,CoD,Late_Night,iOS,6.2.0,Marketplace_3P,West,15.6,1,44,1,0,0.0,1340,1,0,True,New,True
ORD1181571,U180530,2024-08-23 01:00:45,Tier 3,381489,1480,1840,360,0,Footwear,CoD,Late_Night,Android,6.2.0,Flagship_1P,East,18.5,1,364,6,2,0.333,4120,5,2,False,Returning,False
ORD1114172,U134213,2024-08-23 02:25:12,Tier 1,488363,2520,3220,700,0,Home & Kitchen,Prepaid,Late_Night,Android,6.5.2,Marketplace_3P,North,3.1,2,875,10,2,0.2,10340,4,2,False,Returning,True
ORD1278904,U191158,2024-08-23 03:05:34,Tier 2,508850,800,890,90,0,Fashion,CoD,Late_Night,Android,7.0.0,Local_SmallSeller,North,14.7,1,26,2,0,0.0,4960,1,0,False,Returning,False
ORD1410644,U192325,2024-08-23 03:37:33,Tier 3,338012,210,220,10,60,Grocery,CoD,Late_Night,Android,6.3.1,Marketplace_3P,East,10.2,1,386,6,0,0.0,7560,5,0,False,Returning,False
ORD1482102,U174748,2024-08-23 05:24:33,Tier 1,609151,3650,4580,930,0,Electronics,Prepaid,Morning,Android,6.5.2,Marketplace_3P,West,3.9,1,1440,22,4,0.182,55210,17,4,False,Returning,False
ORD1354414,U146439,2024-08-23 06:12:59,Tier 1,199541,15010,15310,300,0,Mobiles,Prepaid,Morning,Android,6.5.2,Marketplace_3P,West,6.2,1,891,14,2,0.143,20510,10,2,False,Returning,False
ORD1000042,U106575,2024-08-23 06:18:55,Tier 2,276008,1830,1990,160,0,Fashion,Prepaid,Morning,Android,6.5.2,Local_SmallSeller,South,12.4,1,632,9,4,0.444,13050,7,4,False,Returning,False
ORD1018763,U128853,2024-08-23 06:55:42,Tier 2,472104,1510,1580,70,0,Home & Kitchen,CoD,Morning,Android,6.2.0,Marketplace_3P,West,18.7,1,719,8,2,0.25,26400,6,2,False,Returning,False
ORD1272754,U189573,2024-08-23 08:13:27,Tier 2,732296,3240,3400,160,0,Electronics,Prepaid,Morning,Android,6.3.1,Local_SmallSeller,North,4.4,1,696,5,0,0.0,2340,3,0,False,Returning,False
ORD1396673,U182557,2024-08-23 09:45:40,Tier 2,479275,970,1220,250,0,Grocery,Prepaid,Morning,iOS,6.3.1,Flagship_1P,Central,13.5,1,1265,27,10,0.37,67380,16,10,False,Returning,False
ORD1211673,U196169,2024-08-23 15:25:38,Tier 3,604099,900,950,50,0,Footwear,CoD,Afternoon,Android,7.0.0,Marketplace_3P,South,31.8,1,534,9,2,0.222,60440,3,2,False,Returning,False
ORD1447010,U103417,2024-08-23 16:11:07,Tier 3,376122,1970,2270,300,0,Fashion,CoD,Afternoon,Android,6.4.0,Local_SmallSeller,Central,37.2,2,1313,21,3,0.143,48580,6,3,False,Returning,False
ORD1227483,U182724,2024-08-23 20:35:28,Tier 1,773910,6510,7560,1050,0,Electronics,Prepaid,Evening,Android,7.0.0,Marketplace_3P,West,16.8,2,946,11,2,0.182,30380,4,2,False,Returning,False
ORD1380879,U179067,2024-08-23 21:22:49,Tier 2,555015,1590,1800,210,0,Fashion,Prepaid,Evening,Android,6.5.2,Local_SmallSeller,South,14.6,1,1291,13,2,0.154,27920,4,2,False,Returning,False
ORD1484460,U170574,2024-08-23 22:31:15,Tier 3,349993,2480,2820,340,0,Beauty,CoD,Late_Night,Android,6.5.2,Marketplace_3P,West,20.1,1,1417,12,1,0.083,24480,7,1,False,Returning,False
ORD1282065,U205996,2024-08-24 01:01:06,Tier 3,719094,11370,11460,90,0,Electronics,CoD,Late_Night,Android,7.0.0,Marketplace_3P,East,33.6,1,198,2,1,0.5,1250,2,1,False,Returning,False
ORD1450175,U177039,2024-08-24 01:46:29,Tier 3,764582,1250,1300,50,0,Home & Kitchen,CoD,Late_Night,Android,6.3.1,Marketplace_3P,Central,34.5,1,778,14,2,0.143,16140,11,2,False,Returning,False
ORD1035048,U148693,2024-08-24 04:48:26,Tier 1,848799,1390,1620,230,0,Home & Kitchen,Prepaid,Late_Night,iOS,6.5.2,Marketplace_3P,East,5.9,1,1103,15,2,0.133,55840,9,2,False,Returning,False
ORD1228838,U112141,2024-08-24 05:28:30,Tier 2,284014,730,880,150,0,Beauty,CoD,Morning,Android,6.3.1,Marketplace_3P,Central,20.9,1,113,3,0,0.0,3760,2,0,False,Returning,False
ORD1339763,U144967,2024-08-24 05:34:42,Tier 1,358594,700,730,30,0,Grocery,Prepaid,Morning,Android,6.3.1,Local_SmallSeller,North,7.3,1,1023,15,1,0.067,34550,3,1,False,Returning,False
ORD1219622,U147662,2024-08-24 06:32:22,Tier 2,216070,1230,1510,280,0,Grocery,CoD,Morning,Android,6.5.2,Marketplace_3P,West,3.3,1,638,6,1,0.167,12410,5,1,False,Returning,False
ORD1486557,U147558,2024-08-24 07:35:36,Tier 2,111930,3570,4610,1040,0,Electronics,Prepaid,Morning,Android,7.0.0,Local_SmallSeller,North,13.4,1,567,8,0,0.0,11770,3,0,False,Returning,False
ORD1442421,U119502,2024-08-24 08:33:57,Tier 2,281953,640,850,210,0,Grocery,Prepaid,Morning,iOS,6.4.0,Flagship_1P,West,5.6,1,1337,13,0,0.0,27800,9,0,False,Returning,False
ORD1337378,U189350,2024-08-24 09:34:03,Tier 1,318243,290,350,60,60,Beauty,Prepaid,Morning,Android,6.3.1,Marketplace_3P,North,10.1,1,761,12,0,0.0,37260,10,0,False,Returning,False
ORD1197923,U166697,2024-08-24 16:32:59,Tier 2,621763,20660,21240,580,0,Mobiles,Prepaid,Afternoon,Android,6.5.2,Local_SmallSeller,West,19.4,1,1148,18,2,0.111,26690,11,2,False,Returning,False
ORD1277792,U122991,2024-08-24 18:22:39,Tier 2,165639,600,740,140,0,Beauty,Prepaid,Evening,Android,6.4.0,Local_SmallSeller,Central,16.0,1,1470,17,2,0.118,18770,14,2,False,Returning,False
ORD1367718,U194934,2024-08-24 18:28:47,Tier 2,377839,4710,6090,1380,0,Appliances,Prepaid,Evening,Android,6.5.2,Local_SmallSeller,South,5.2,1,741,7,2,0.286,8920,3,2,False,Returning,False
ORD1495064,U145749,2024-08-24 23:13:48,Tier 1,775768,8960,11210,2250,0,Electronics,CoD,Late_Night,iOS,6.2.0,Flagship_1P,West,8.0,2,450,5,1,0.2,6770,3,1,False,Returning,True
ORD1317704,U205243,2024-08-24 23:36:16,Tier 1,143710,830,1060,230,0,Grocery,Prepaid,Late_Night,Android,6.2.0,Flagship_1P,North,4.3,1,764,11,0,0.0,26640,5,0,False,Returning,False
ORD1017118,U153741,2024-08-25 04:35:58,Tier 3,396023,4120,4240,120,0,Fashion,CoD,Late_Night,Android,6.5.2,Marketplace_3P,East,12.9,1,1200,13,4,0.308,7240,9,4,False,Returning,False
ORD1243333,U219055,2024-08-25 06:27:25,Tier 2,635813,2750,3340,590,0,Beauty,Prepaid,Morning,Android,6.3.1,Flagship_1P,North,14.2,2,590,10,0,0.0,6010,8,0,False,Returning,False
ORD1331950,U186465,2024-08-25 07:41:14,Tier 1,765300,3550,4250,700,0,Electronics,Prepaid,Morning,Android,7.0.0,Local_SmallSeller,South,3.7,1,510,14,5,0.357,40970,7,5,False,Returning,False
ORD1451581,U179460,2024-08-25 12:23:29,Tier 2,448889,910,1040,130,0,Beauty,CoD,Afternoon,Android,6.3.1,Flagship_1P,Central,12.7,1,1330,14,1,0.071,28000,9,1,False,Returning,False
ORD1433362,U185172,2024-08-25 12:39:41,Tier 2,485157,330,440,110,0,Toys,CoD,Afternoon,Android,6.3.1,Marketplace_3P,East,29.7,2,460,10,1,0.1,9770,9,1,False,Returning,False
ORD1164069,U216311,2024-08-25 16:45:58,Tier 1,700458,860,970,110,0,Fashion,Prepaid,Afternoon,Android,6.2.0,Marketplace_3P,Central,6.9,1,675,8,1,0.125,6800,3,1,False,Returning,False
ORD1116387,U103015,2024-08-25 17:07:16,Tier 1,729147,2220,2870,650,0,Footwear,CoD,Evening,Android,6.3.1,Marketplace_3P,South,15.7,1,690,4,0,0.0,5570,3,0,False,Returning,False
ORD1282271,U187081,2024-08-26 00:00:33,Tier 1,763901,1960,2260,300,0,Fashion,Prepaid,Late_Night,iOS,7.0.0,Marketplace_3P,West,3.7,1,1196,15,6,0.4,73830,4,4,False,Returning,False
ORD1162596,U117298,2024-08-26 00:52:55,Tier 2,653162,3570,4800,1230,0,Fashion,Prepaid,Late_Night,Android,6.4.0,Marketplace_3P,Central,32.3,1,967,10,2,0.2,23560,8,2,False,Returning,False
ORD1257817,U110200,2024-08-26 01:14:10,Tier 2,331194,2090,2330,240,0,Home & Kitchen,Prepaid,Late_Night,iOS,7.0.0,Flagship_1P,East,8.2,1,845,11,1,0.091,20170,9,1,False,Returning,False
ORD1412452,U139300,2024-08-26 03:41:00,Tier 1,767478,750,840,90,0,Beauty,Prepaid,Late_Night,iOS,6.5.2,Local_SmallSeller,Central,17.0,2,619,8,2,0.25,23530,4,2,False,Returning,False
ORD1034571,U188388,2024-08-26 06:07:17,Tier 1,720799,490,650,160,0,Beauty,Prepaid,Morning,iOS,6.4.0,Marketplace_3P,East,4.1,1,1144,12,1,0.083,38790,11,1,False,Returning,False
ORD1410024,U197157,2024-08-26 10:10:44,Tier 1,702142,1160,1300,140,0,Fashion,Prepaid,Morning,Android,6.4.0,Marketplace_3P,North,14.5,2,232,4,3,0.75,7720,3,2,False,Returning,False
ORD1208028,U145032,2024-08-26 10:58:03,Tier 1,598415,2030,2590,560,0,Fashion,CoD,Morning,Android,6.2.0,Marketplace_3P,East,4.2,2,943,10,1,0.1,21310,2,1,False,Returning,False
ORD1367154,U171505,2024-08-26 16:39:00,Tier 2,499134,6520,8330,1810,0,Appliances,CoD,Afternoon,Android,6.5.2,Marketplace_3P,East,6.1,1,1309,12,2,0.167,28130,8,2,False,Returning,False
ORD1387319,U151964,2024-08-26 20:23:49,Tier 1,701310,370,450,80,0,Beauty,CoD,Evening,Android,6.3.1,Marketplace_3P,Central,12.0,2,1321,18,1,0.056,19610,9,1,False,Returning,False
ORD1249794,U160280,2024-08-26 20:35:09,Tier 3,412961,2050,2310,260,0,Fashion,CoD,Evening,Android,6.4.0,Flagship_1P,Central,34.7,3,687,4,1,0.25,810,2,1,False,Returning,False
ORD1018639,U164781,2024-08-26 22:52:37,Tier 3,796846,1040,1400,360,0,Fashion,CoD,Late_Night,Android,6.3.1,Marketplace_3P,South,31.0,1,525,10,1,0.1,6130,4,1,False,Returning,False
ORD1371779,U115375,2024-08-27 00:18:13,Tier 2,826667,5150,5730,580,0,Mobiles,Prepaid,Late_Night,Android,6.4.0,Local_SmallSeller,East,24.4,1,995,11,4,0.364,36080,2,2,False,Returning,False
ORD1006821,U149674,2024-08-27 01:02:17,Tier 1,780241,350,460,110,40,Grocery,Prepaid,Late_Night,Android,7.0.0,Marketplace_3P,West,10.0,3,1248,16,0,0.0,25770,11,0,False,Returning,False
ORD1488076,U164960,2024-08-27 02:20:08,Tier 2,452916,1870,2500,630,0,Fashion,Prepaid,Late_Night,Android,7.0.0,Local_SmallSeller,North,35.8,1,54,2,1,0.5,5160,2,1,False,Returning,False
ORD1297896,U167669,2024-08-27 02:43:59,Tier 1,478125,7360,9890,2530,0,Mobiles,Prepaid,Late_Night,Android,6.5.2,Marketplace_3P,East,4.2,1,1024,5,4,0.8,1610,1,1,False,Returning,True
ORD1494205,U181107,2024-08-27 04:13:51,Tier 2,301810,3000,3190,190,0,Fashion,CoD,Late_Night,Android,6.4.0,Marketplace_3P,East,6.0,1,1129,16,6,0.375,12110,8,6,False,Returning,False
ORD1006826,U162005,2024-08-27 04:32:41,Tier 3,421674,2240,2380,140,0,Beauty,CoD,Late_Night,Android,6.5.2,Marketplace_3P,West,13.6,1,1225,17,3,0.176,10910,13,3,False,Returning,True
ORD1320547,U180252,2024-08-27 06:23:40,Tier 2,645915,550,570,20,0,Fashion,CoD,Morning,Android,6.5.2,Local_SmallSeller,South,2.9,1,866,15,2,0.133,10390,11,2,False,Returning,False
ORD1296023,U195282,2024-08-27 08:27:50,Tier 2,723469,4330,5110,780,0,Home & Kitchen,Prepaid,Morning,Android,6.3.1,Flagship_1P,West,1.9,1,443,3,0,0.0,3800,2,0,False,Returning,False
ORD1177123,U170251,2024-08-27 08:29:43,Tier 2,715526,3490,4290,800,0,Electronics,Prepaid,Morning,Android,6.3.1,Local_SmallSeller,North,24.0,3,893,11,3,0.273,17060,5,3,False,Returning,False
ORD1455797,U166339,2024-08-27 09:34:34,Tier 3,707626,6510,8010,1500,0,Electronics,Prepaid,Morning,Android,6.4.0,Local_SmallSeller,North,2.8,1,477,8,0,0.0,37980,6,0,False,Returning,False
ORD1320787,U114204,2024-08-27 10:29:59,Tier 3,228707,1070,1260,190,0,Grocery,Prepaid,Morning,Android,6.5.2,Marketplace_3P,North,12.8,1,858,14,0,0.0,47770,12,0,False,Returning,False
ORD1266395,U128365,2024-08-27 16:11:30,Tier 2,498957,1720,1880,160,0,Home & Kitchen,CoD,Afternoon,iOS,7.0.0,Marketplace_3P,North,9.7,1,1219,17,8,0.471,37000,13,8,False,Returning,False
ORD1329491,U178488,2024-08-27 19:00:19,Tier 3,210421,2940,3710,770,0,Home & Kitchen,CoD,Evening,Android,6.3.1,Flagship_1P,North,16.8,1,949,9,4,0.444,24740,7,4,False,Returning,False
ORD1221680,U175156,2024-08-27 19:05:02,Tier 2,853452,6410,7710,1300,0,Electronics,Prepaid,Evening,Android,6.3.1,Marketplace_3P,Central,35.5,1,1033,6,0,0.0,5360,2,0,False,Returning,False
ORD1309211,U184478,2024-08-27 19:58:25,Tier 2,376420,1580,1800,220,0,Fashion,CoD,Evening,Android,6.3.1,Flagship_1P,Central,2.2,1,252,3,0,0.0,7700,1,0,False,Returning,False
ORD1484356,U100732,2024-08-28 03:06:09,Tier 3,405169,1050,1260,210,0,Fashion,CoD,Late_Night,Android,6.5.2,Marketplace_3P,East,24.5,2,1382,14,2,0.143,19030,4,2,False,Returning,False
ORD1495709,U203565,2024-08-28 04:50:20,Tier 1,576687,650,840,190,0,Books,CoD,Late_Night,Android,6.5.2,Marketplace_3P,West,24.7,2,7,2,0,0.0,4090,1,0,False,Returning,False
ORD1271671,U120865,2024-08-28 18:00:39,Tier 3,233943,790,910,120,0,Toys,CoD,Evening,Android,6.3.1,Marketplace_3P,South,25.3,3,280,4,2,0.5,7130,2,2,False,Returning,False
ORD1047962,U150914,2024-08-28 18:41:42,Tier 3,623928,2410,2470,60,0,Footwear,CoD,Evening,Android,6.5.2,Local_SmallSeller,North,22.5,1,222,1,1,1.0,590,0,0,True,New,False
ORD1355972,U124740,2024-08-29 01:55:04,Tier 1,505338,900,1150,250,0,Beauty,Prepaid,Late_Night,iOS,6.4.0,Local_SmallSeller,South,8.9,2,1349,5,0,0.0,7870,1,0,False,Returning,False
ORD1332697,U200387,2024-08-29 07:42:07,Tier 2,206933,2890,3100,210,0,Fashion,CoD,Morning,Android,6.2.0,Marketplace_3P,North,2.6,1,1266,14,7,0.5,49180,4,3,False,Returning,False
ORD1043898,U109896,2024-08-29 07:42:31,Tier 1,235329,1440,1890,450,0,Beauty,Prepaid,Morning,Android,7.0.0,Local_SmallSeller,West,2.9,1,983,15,8,0.533,17790,6,3,False,Returning,False
ORD1068783,U141575,2024-08-29 08:17:45,Tier 2,836607,1940,2190,250,0,Electronics,Prepaid,Morning,Android,7.0.0,Local_SmallSeller,North,8.2,1,242,9,1,0.111,23320,4,1,False,Returning,False
ORD1095555,U167174,2024-08-29 08:47:41,Tier 2,445773,480,610,130,0,Grocery,CoD,Morning,iOS,6.5.2,Marketplace_3P,West,2.9,2,784,12,1,0.083,11240,9,1,False,Returning,False
ORD1039063,U208257,2024-08-29 09:16:59,Tier 2,233254,2320,2660,340,0,Fashion,CoD,Morning,Android,6.2.0,Marketplace_3P,Central,7.2,1,1460,21,9,0.429,34490,15,9,False,Returning,False
ORD1420508,U141020,2024-08-29 10:24:23,Tier 2,848149,15060,19390,4330,0,Mobiles,CoD,Morning,iOS,6.4.0,Local_SmallSeller,South,19.7,1,289,3,1,0.333,1560,2,1,False,Returning,False
ORD1133773,U115354,2024-08-29 12:19:05,Tier 3,247197,980,1210,230,0,Beauty,Prepaid,Afternoon,Android,7.0.0,Flagship_1P,South,16.6,1,1445,17,5,0.294,58960,14,5,False,Returning,False
ORD1354590,U150771,2024-08-29 12:28:57,Tier 1,642788,1220,1530,310,0,Fashion,CoD,Afternoon,Android,7.0.0,Marketplace_3P,Central,8.4,3,320,6,2,0.333,4770,3,2,False,Returning,False
ORD1211192,U110446,2024-08-29 14:51:15,Tier 3,741439,7030,8090,1060,0,Electronics,CoD,Afternoon,Android,6.4.0,Flagship_1P,North,34.4,1,155,2,1,0.5,1270,1,1,False,Returning,False
ORD1297379,U211905,2024-08-29 16:05:26,Tier 1,219938,860,1070,210,0,Fashion,CoD,Afternoon,Android,7.0.0,Local_SmallSeller,East,10.2,1,77,2,0,0.0,4260,1,0,False,Returning,True
ORD1057872,U100708,2024-08-29 17:15:39,Tier 3,400178,530,580,50,0,Books,CoD,Evening,Android,7.0.0,Marketplace_3P,South,8.8,1,714,9,2,0.222,13010,6,2,False,Returning,False
ORD1326371,U108705,2024-08-29 17:25:42,Tier 1,757158,600,660,60,0,Fashion,Prepaid,Evening,Android,6.2.0,Flagship_1P,South,0.6,1,879,11,0,0.0,14740,9,0,False,Returning,False
ORD1334839,U184478,2024-08-29 17:47:01,Tier 2,776466,5520,5540,20,0,Mobiles,CoD,Evening,Android,6.4.0,Marketplace_3P,West,11.5,1,252,3,0,0.0,7700,1,0,False,Returning,True
ORD1267694,U104679,2024-08-29 18:28:18,Tier 3,465760,790,880,90,0,Toys,CoD,Evening,Android,6.4.0,Marketplace_3P,North,6.5,1,104,2,1,0.5,1000,1,1,False,Returning,False
ORD1331538,U119540,2024-08-29 21:29:38,Tier 2,636706,920,1000,80,0,Books,Prepaid,Evening,Android,6.3.1,Marketplace_3P,South,7.3,1,561,7,4,0.571,10610,6,4,False,Returning,False
ORD1463644,U205117,2024-08-29 22:07:05,Tier 2,131326,880,1040,160,0,Home & Kitchen,CoD,Late_Night,iOS,6.2.0,Marketplace_3P,Central,0.7,2,1359,18,4,0.222,21560,4,3,False,Returning,False
ORD1167666,U195560,2024-08-30 00:39:27,Tier 2,151958,3710,4950,1240,0,Fashion,CoD,Late_Night,Android,7.0.0,Local_SmallSeller,South,13.0,1,552,5,3,0.6,1310,3,2,False,Returning,True
ORD1013476,U149190,2024-08-30 01:04:33,Tier 3,664356,1390,1500,110,0,Beauty,CoD,Late_Night,iOS,6.5.2,Marketplace_3P,North,11.5,1,1009,16,3,0.188,28430,11,3,False,Returning,False
ORD1422605,U180929,2024-08-30 01:28:44,Tier 3,608865,1640,1650,10,0,Fashion,Prepaid,Late_Night,Android,6.2.0,Marketplace_3P,East,21.0,1,115,2,0,0.0,670,0,0,False,Returning,False
ORD1086536,U160806,2024-08-30 01:35:42,Tier 3,370602,860,1150,290,0,Grocery,Prepaid,Late_Night,Android,6.4.0,Flagship_1P,West,16.0,1,1071,10,0,0.0,15820,3,0,False,Returning,False
ORD1332562,U216411,2024-08-30 03:33:18,Tier 1,839873,770,940,170,0,Grocery,Prepaid,Late_Night,Android,6.5.2,Flagship_1P,Central,3.3,1,1228,13,4,0.308,17850,7,4,False,Returning,False
ORD1150343,U182693,2024-08-30 07:42:44,Tier 2,443082,6600,8160,1560,0,Electronics,Prepaid,Morning,Android,6.3.1,Local_SmallSeller,North,27.8,1,1165,18,3,0.167,36370,7,3,False,Returning,False
ORD1493468,U167581,2024-08-30 09:25:52,Tier 2,555251,500,510,10,0,Grocery,CoD,Morning,Android,7.0.0,Local_SmallSeller,East,23.3,1,82,1,0,0.0,60,0,0,True,New,False
ORD1491459,U131961,2024-08-30 09:52:52,Tier 1,482411,690,790,100,0,Toys,CoD,Morning,Android,6.5.2,Local_SmallSeller,East,3.5,1,1487,15,1,0.067,46050,5,1,False,Returning,False
ORD1142471,U107120,2024-08-30 10:11:27,Tier 1,122799,330,420,90,0,Books,Prepaid,Morning,iOS,6.4.0,Local_SmallSeller,North,16.0,1,783,15,0,0.0,29790,9,0,False,Returning,False
ORD1277340,U152631,2024-08-30 11:36:44,Tier 2,486054,1110,1390,280,0,Beauty,CoD,Morning,Android,6.4.0,Marketplace_3P,South,10.5,1,792,4,0,0.0,9380,3,0,False,Returning,False
ORD1020546,U119235,2024-08-30 15:51:41,Tier 3,575678,900,1010,110,0,Fashion,Prepaid,Afternoon,iOS,6.4.0,Flagship_1P,West,11.9,1,212,3,0,0.0,6140,2,0,False,Returning,False
ORD1445363,U216580,2024-08-30 18:18:35,Tier 1,412934,13430,14490,1060,0,Mobiles,Prepaid,Evening,iOS,6.5.2,Marketplace_3P,South,13.2,2,1464,13,2,0.154,49720,11,2,False,Returning,False
ORD1174436,U143099,2024-08-30 19:25:05,Tier 3,452993,2440,2670,230,0,Home & Kitchen,CoD,Evening,Android,7.0.0,Local_SmallSeller,Central,33.0,2,782,10,1,0.1,31760,7,1,False,Returning,False
ORD1163727,U199842,2024-08-30 20:00:52,Tier 1,529210,1820,2030,210,0,Home & Kitchen,Prepaid,Evening,Android,6.3.1,Local_SmallSeller,South,5.2,1,474,7,1,0.143,7370,4,1,False,Returning,False
ORD1364223,U180275,2024-08-30 21:13:30,Tier 1,312118,8660,10590,1930,0,Appliances,CoD,Evening,Android,6.5.2,Local_SmallSeller,North,5.5,1,630,6,1,0.167,19280,1,1,False,Returning,True
ORD1194701,U182717,2024-08-30 21:22:23,Tier 3,326353,2260,2710,450,0,Home & Kitchen,CoD,Evening,Android,6.4.0,Marketplace_3P,East,59.5,1,605,7,1,0.143,3830,6,1,False,Returning,False
ORD1062897,U120247,2024-08-30 22:42:08,Tier 3,304421,660,810,150,0,Footwear,Prepaid,Late_Night,Android,7.0.0,Flagship_1P,West,31.5,1,566,8,3,0.375,850,3,3,False,Returning,True
ORD1212228,U140254,2024-08-31 00:09:54,Tier 2,487197,22250,23950,1700,0,Mobiles,Prepaid,Late_Night,Android,6.4.0,Flagship_1P,South,15.0,1,851,8,0,0.0,4370,6,0,False,Returning,False
ORD1498233,U143877,2024-08-31 01:08:36,Tier 2,639242,520,630,110,0,Toys,CoD,Late_Night,iOS,6.4.0,Local_SmallSeller,West,5.0,1,883,13,5,0.385,26960,10,5,False,Returning,False
ORD1421977,U206288,2024-08-31 05:48:53,Tier 2,675496,660,760,100,0,Beauty,Prepaid,Morning,Android,6.2.0,Marketplace_3P,South,10.7,2,409,2,0,0.0,3430,1,0,False,Returning,False
ORD1108777,U190891,2024-08-31 06:52:32,Tier 1,612192,16850,18920,2070,0,Appliances,CoD,Morning,Android,6.2.0,Flagship_1P,East,20.3,1,1311,16,2,0.125,10770,9,2,False,Returning,False
ORD1410012,U120868,2024-08-31 09:41:48,Tier 2,651246,5500,5650,150,0,Electronics,CoD,Morning,Android,6.4.0,Flagship_1P,West,6.3,1,447,7,1,0.143,14710,1,1,False,Returning,False
ORD1025760,U107344,2024-08-31 14:51:47,Tier 1,240243,650,850,200,0,Grocery,Prepaid,Afternoon,Android,6.3.1,Flagship_1P,East,6.5,3,1109,12,0,0.0,16290,8,0,False,Returning,False
ORD1042775,U106374,2024-08-31 17:45:22,Tier 2,206347,940,1140,200,0,Toys,CoD,Evening,Android,6.4.0,Marketplace_3P,North,5.1,1,219,4,2,0.5,17370,3,2,False,Returning,False
ORD1069759,U177516,2024-08-31 17:47:45,Tier 1,333770,610,750,140,0,Footwear,Prepaid,Evening,Android,6.3.1,Marketplace_3P,West,6.5,1,1163,12,1,0.083,20110,7,1,False,Returning,False
ORD1453760,U153581,2024-08-31 19:22:10,Tier 1,721762,980,1160,180,0,Toys,Prepaid,Evening,iOS,6.5.2,Marketplace_3P,West,3.5,2,105,2,0,0.0,1530,1,0,False,Returning,False
ORD1478525,U181519,2024-08-31 20:32:53,Tier 2,273078,520,610,90,0,Fashion,CoD,Evening,Android,6.4.0,Local_SmallSeller,East,15.2,1,524,6,0,0.0,6370,4,0,False,Returning,False
ORD1447856,U110212,2024-08-31 22:14:49,Tier 1,706547,920,1100,180,0,Beauty,Prepaid,Late_Night,Android,7.0.0,Flagship_1P,North,3.5,1,247,7,3,0.429,9740,6,3,False,Returning,True
ORD1223502,U167089,2024-09-01 00:15:17,Tier 2,457275,1240,1610,370,0,Fashion,CoD,Late_Night,Android,6.3.1,Flagship_1P,West,7.6,1,987,12,3,0.25,18060,4,2,False,Returning,False
ORD1310100,U216182,2024-09-01 00:52:46,Tier 2,601105,500,600,100,0,Grocery,Prepaid,Late_Night,Android,6.2.0,Marketplace_3P,East,15.6,1,1394,13,2,0.154,27010,10,2,False,Returning,False
ORD1420683,U180187,2024-09-01 00:55:11,Tier 1,328273,29530,36380,6850,0,Mobiles,CoD,Late_Night,Android,7.0.0,Flagship_1P,South,11.4,2,941,12,2,0.167,11400,4,2,False,Returning,False
ORD1270495,U171999,2024-09-01 01:14:58,Tier 2,590230,2700,3260,560,0,Footwear,CoD,Late_Night,Android,7.0.0,Local_SmallSeller,North,15.0,1,1380,15,2,0.133,24220,12,2,False,Returning,False
ORD1272861,U105960,2024-09-01 03:21:19,Tier 2,280647,860,1050,190,0,Footwear,Prepaid,Late_Night,Android,6.2.0,Marketplace_3P,East,6.9,1,262,3,1,0.333,6760,2,1,False,Returning,False
ORD1142663,U192934,2024-09-01 03:58:46,Tier 1,800517,5690,5910,220,0,Mobiles,CoD,Late_Night,Android,6.4.0,Marketplace_3P,Central,4.2,1,1217,13,3,0.231,30120,6,3,False,Returning,True
ORD1470943,U184855,2024-09-01 04:12:01,Tier 3,667644,770,960,190,0,Fashion,CoD,Late_Night,Android,6.5.2,Local_SmallSeller,West,27.7,1,1339,18,7,0.389,19610,14,7,False,Returning,True
ORD1325759,U209226,2024-09-01 04:41:10,Tier 3,758933,650,870,220,0,Books,Prepaid,Late_Night,Android,7.0.0,Marketplace_3P,East,14.4,1,173,4,0,0.0,4580,3,0,False,Returning,False
ORD1274374,U136841,2024-09-01 06:42:00,Tier 2,194322,8700,11150,2450,0,Electronics,Prepaid,Morning,iOS,7.0.0,Local_SmallSeller,Central,17.8,3,416,4,1,0.25,2380,3,1,False,Returning,False
ORD1400304,U189473,2024-09-01 07:11:48,Tier 3,646906,3750,4150,400,0,Home & Kitchen,CoD,Morning,Android,6.2.0,Local_SmallSeller,East,26.0,1,565,9,3,0.333,14970,8,3,False,Returning,False
ORD1295014,U111996,2024-09-01 07:35:35,Tier 1,277656,1780,2010,230,0,Electronics,Prepaid,Morning,Android,6.3.1,Local_SmallSeller,North,1.4,1,1291,23,4,0.174,32960,9,4,False,Returning,False
ORD1147307,U114049,2024-09-01 08:22:16,Tier 1,288334,3530,3790,260,0,Home & Kitchen,Prepaid,Morning,Android,6.3.1,Marketplace_3P,South,11.3,2,319,10,1,0.1,25990,8,1,False,Returning,False
ORD1029916,U141775,2024-09-01 14:28:32,Tier 2,656683,490,550,60,40,Grocery,Prepaid,Afternoon,Android,7.0.0,Local_SmallSeller,North,29.4,1,1472,17,2,0.118,73650,11,2,False,Returning,False
ORD1009440,U185756,2024-09-01 14:44:03,Tier 1,680148,590,760,170,0,Footwear,Prepaid,Afternoon,iOS,6.5.2,Local_SmallSeller,West,5.1,1,546,5,3,0.6,7880,3,2,False,Returning,False
ORD1455262,U134692,2024-09-01 17:08:40,Tier 3,176274,1000,1150,150,0,Footwear,CoD,Evening,iOS,6.5.2,Marketplace_3P,North,69.4,1,984,8,6,0.75,9260,2,1,False,Returning,True
ORD1293230,U147167,2024-09-01 18:13:09,Tier 2,778141,12850,15740,2890,0,Mobiles,Prepaid,Evening,Android,6.5.2,Marketplace_3P,North,22.9,2,200,3,1,0.333,3610,1,1,False,Returning,False
ORD1119877,U149753,2024-09-01 19:59:43,Tier 2,548032,740,800,60,0,Books,Prepaid,Evening,Android,6.4.0,Marketplace_3P,North,12.6,1,398,6,1,0.167,6830,5,1,False,Returning,False
ORD1270767,U145449,2024-09-01 21:05:14,Tier 2,666243,1050,1170,120,0,Grocery,CoD,Evening,Android,7.0.0,Local_SmallSeller,South,2.7,1,840,9,5,0.556,9070,5,3,False,Returning,False
ORD1374669,U147322,2024-09-02 00:13:21,Tier 1,784797,750,1010,260,0,Grocery,CoD,Late_Night,Android,7.0.0,Marketplace_3P,East,16.2,1,1122,7,4,0.571,2040,3,2,False,Returning,False
ORD1296470,U154833,2024-09-02 00:17:18,Tier 1,166233,860,930,70,0,Fashion,Prepaid,Late_Night,Android,6.3.1,Marketplace_3P,West,12.7,1,485,12,7,0.583,25820,2,2,False,Returning,False
ORD1330795,U214847,2024-09-02 01:27:04,Tier 2,477874,910,1030,120,0,Beauty,CoD,Late_Night,iOS,6.3.1,Local_SmallSeller,North,9.8,1,1331,16,3,0.188,17800,11,3,False,Returning,False
ORD1269074,U149582,2024-09-02 03:12:57,Tier 1,347650,12020,12290,270,0,Electronics,Prepaid,Late_Night,Android,6.2.0,Marketplace_3P,East,5.9,3,1178,19,5,0.263,2050,14,5,False,Returning,False
ORD1178349,U147153,2024-09-02 05:49:15,Tier 2,412840,2450,2800,350,0,Home & Kitchen,Prepaid,Morning,iOS,7.0.0,Local_SmallSeller,Central,6.8,1,634,9,1,0.111,7730,6,1,False,Returning,False
ORD1453798,U107276,2024-09-02 05:52:25,Tier 3,757251,990,1180,190,0,Beauty,Prepaid,Morning,Android,6.3.1,Marketplace_3P,East,3.4,1,395,7,1,0.143,11400,3,1,False,Returning,False
ORD1051400,U182833,2024-09-02 07:00:21,Tier 3,193873,28260,34910,6650,0,Mobiles,CoD,Morning,Android,6.4.0,Marketplace_3P,West,2.1,1,1485,20,3,0.15,5210,6,3,False,Returning,False
ORD1055755,U217447,2024-09-02 07:56:04,Tier 3,184036,1290,1720,430,0,Footwear,CoD,Morning,iOS,6.4.0,Marketplace_3P,Central,19.1,1,50,2,0,0.0,7440,1,0,False,Returning,False
ORD1434797,U170361,2024-09-02 11:05:10,Tier 1,444772,20160,24980,4820,0,Mobiles,Prepaid,Morning,Android,6.4.0,Marketplace_3P,North,3.9,1,1077,12,0,0.0,32510,7,0,False,Returning,False
ORD1331085,U124005,2024-09-02 13:43:18,Tier 2,753725,2160,2710,550,0,Fashion,Prepaid,Afternoon,Android,6.4.0,Local_SmallSeller,South,2.8,1,415,3,1,0.333,2520,2,1,False,Returning,False
ORD1198445,U165075,2024-09-02 15:14:57,Tier 1,855639,8300,9660,1360,0,Mobiles,Prepaid,Afternoon,Android,6.5.2,Marketplace_3P,East,2.8,2,792,8,0,0.0,11690,3,0,False,Returning,False
ORD1342906,U185226,2024-09-02 17:43:03,Tier 1,480124,830,960,130,0,Toys,Prepaid,Evening,Android,7.0.0,Flagship_1P,Central,4.2,3,287,1,0,0.0,990,0,0,True,New,False
ORD1130587,U136043,2024-09-02 21:18:02,Tier 2,808470,1990,2070,80,0,Footwear,Prepaid,Evening,iOS,6.5.2,Marketplace_3P,North,19.2,1,648,9,2,0.222,17100,8,2,False,Returning,False
ORD1201455,U205847,2024-09-02 23:38:14,Tier 2,559949,2000,2500,500,0,Home & Kitchen,CoD,Late_Night,Android,6.5.2,Marketplace_3P,North,10.1,1,1267,12,1,0.083,15660,3,1,False,Returning,False
ORD1047218,U127465,2024-09-03 02:35:07,Tier 1,835503,9020,9750,730,0,Appliances,CoD,Late_Night,Android,6.2.0,Local_SmallSeller,North,5.1,1,942,8,1,0.125,7540,6,1,False,Returning,False
ORD1362146,U198973,2024-09-03 08:26:49,Tier 3,202347,660,680,20,0,Beauty,Prepaid,Morning,Android,6.5.2,Marketplace_3P,East,22.5,2,810,5,0,0.0,15680,4,0,False,Returning,True
ORD1120101,U167135,2024-09-03 13:38:30,Tier 2,630330,1970,2570,600,0,Fashion,CoD,Afternoon,Android,6.4.0,Marketplace_3P,East,1.2,1,1133,12,1,0.083,33050,11,1,False,Returning,False
ORD1478242,U181370,2024-09-03 15:43:36,Tier 1,147063,9410,9670,260,0,Mobiles,CoD,Afternoon,Android,7.0.0,Marketplace_3P,Central,6.3,1,441,11,1,0.091,15340,6,1,False,Returning,False
ORD1219137,U218912,2024-09-03 15:56:14,Tier 2,581350,520,570,50,0,Books,Prepaid,Afternoon,Android,6.4.0,Marketplace_3P,South,20.7,1,765,8,3,0.375,5660,4,3,False,Returning,False
ORD1341867,U168994,2024-09-03 18:55:49,Tier 1,717616,520,660,140,0,Grocery,Prepaid,Evening,Android,7.0.0,Marketplace_3P,East,3.9,1,36,1,1,1.0,2730,1,1,True,New,False
ORD1413269,U201005,2024-09-03 23:14:43,Tier 3,652909,6920,7880,960,0,Electronics,CoD,Late_Night,Android,6.2.0,Marketplace_3P,West,30.1,1,885,11,5,0.455,24490,4,3,False,Returning,False
ORD1054114,U161233,2024-09-03 23:31:16,Tier 2,309894,1520,1900,380,0,Fashion,Prepaid,Late_Night,Android,6.2.0,Marketplace_3P,Central,23.2,1,107,2,0,0.0,6870,2,0,False,Returning,False
ORD1427682,U147132,2024-09-03 23:31:40,Tier 3,180678,650,830,180,0,Books,CoD,Late_Night,Android,6.5.2,Marketplace_3P,Central,25.3,1,5,2,0,0.0,8130,1,0,False,Returning,False
ORD1358387,U193051,2024-09-03 23:54:47,Tier 1,611927,8890,9030,140,0,Mobiles,Prepaid,Late_Night,iOS,6.4.0,Marketplace_3P,North,12.4,1,1268,12,1,0.083,14130,4,1,False,Returning,False
ORD1092618,U212652,2024-09-04 03:20:38,Tier 2,390111,970,1300,330,0,Grocery,CoD,Late_Night,Android,6.5.2,Local_SmallSeller,South,4.4,1,614,10,6,0.6,12120,7,6,False,Returning,True
ORD1244896,U208395,2024-09-04 03:35:47,Tier 3,239359,580,630,50,0,Grocery,CoD,Late_Night,iOS,6.5.2,Marketplace_3P,South,17.8,1,93,3,0,0.0,3880,1,0,False,Returning,True
ORD1008028,U177014,2024-09-04 04:49:17,Tier 3,423038,300,350,50,40,Beauty,CoD,Late_Night,iOS,6.4.0,Marketplace_3P,Central,21.1,2,470,5,1,0.2,12950,2,1,False,Returning,True
ORD1233545,U107735,2024-09-04 05:40:15,Tier 2,556032,1050,1290,240,0,Beauty,CoD,Morning,iOS,6.2.0,Local_SmallSeller,North,4.4,1,248,7,2,0.286,15170,5,2,False,Returning,False
ORD1321216,U118932,2024-09-04 05:42:42,Tier 2,573261,1070,1150,80,0,Beauty,Prepaid,Morning,Android,7.0.0,Marketplace_3P,South,12.9,1,302,5,1,0.2,18760,4,1,False,Returning,False
ORD1044503,U174085,2024-09-04 07:35:30,Tier 1,116715,1000,1210,210,0,Fashion,Prepaid,Morning,Android,6.3.1,Marketplace_3P,South,12.2,1,588,11,3,0.273,11410,10,3,False,Returning,False
ORD1405123,U183544,2024-09-04 08:41:39,Tier 2,712943,9840,11950,2110,0,Mobiles,CoD,Morning,Android,6.2.0,Marketplace_3P,West,22.7,1,604,7,0,0.0,10670,5,0,False,Returning,False
ORD1262250,U124028,2024-09-04 09:08:17,Tier 2,550851,1460,1890,430,0,Grocery,Prepaid,Morning,Android,6.3.1,Marketplace_3P,West,4.3,2,587,6,0,0.0,39010,3,0,False,Returning,False
ORD1369221,U216949,2024-09-04 09:40:44,Tier 3,136140,1130,1250,120,0,Fashion,Prepaid,Morning,Android,6.4.0,Marketplace_3P,North,31.5,1,1399,23,5,0.217,45650,16,5,False,Returning,False
ORD1069756,U139964,2024-09-04 10:24:41,Tier 1,660803,1990,2230,240,0,Footwear,Prepaid,Morning,Android,6.2.0,Local_SmallSeller,East,11.6,1,1029,10,1,0.1,5200,5,1,False,Returning,False
ORD1014814,U153474,2024-09-04 14:29:13,Tier 2,180142,11570,12790,1220,0,Mobiles,Prepaid,Afternoon,Android,7.0.0,Marketplace_3P,East,3.9,1,1226,22,2,0.091,39390,7,2,False,Returning,False
ORD1398789,U211748,2024-09-04 14:37:16,Tier 2,197308,210,230,20,60,Books,CoD,Afternoon,Android,6.2.0,Local_SmallSeller,East,44.4,1,710,9,3,0.333,10220,5,3,False,Returning,False
ORD1030459,U168613,2024-09-04 15:25:29,Tier 3,624084,970,1150,180,0,Grocery,CoD,Afternoon,Android,7.0.0,Marketplace_3P,East,28.4,1,378,5,2,0.4,15960,4,2,False,Returning,False
ORD1132056,U146546,2024-09-04 16:07:28,Tier 2,427134,5270,6440,1170,0,Mobiles,Prepaid,Afternoon,Android,6.2.0,Flagship_1P,East,7.8,1,1138,15,2,0.133,16960,13,2,False,Returning,False
ORD1379833,U106593,2024-09-04 19:18:58,Tier 2,491178,3310,3640,330,0,Fashion,Prepaid,Evening,iOS,6.5.2,Local_SmallSeller,Central,8.4,1,1134,9,2,0.222,18390,3,2,False,Returning,False
ORD1114066,U166658,2024-09-04 20:59:18,Tier 2,161393,1690,2000,310,0,Fashion,CoD,Evening,iOS,6.2.0,Marketplace_3P,Central,2.3,1,1257,15,5,0.333,20060,13,5,False,Returning,False
ORD1497898,U107073,2024-09-04 21:32:47,Tier 1,810387,1350,1690,340,0,Beauty,Prepaid,Evening,Android,6.3.1,Marketplace_3P,West,5.3,1,343,4,0,0.0,2550,3,0,False,Returning,False
ORD1176054,U118820,2024-09-04 21:34:36,Tier 1,165925,2140,2740,600,0,Fashion,Prepaid,Evening,iOS,6.5.2,Flagship_1P,Central,5.7,1,514,6,4,0.667,10140,4,3,False,Returning,False
ORD1122691,U106374,2024-09-04 21:41:49,Tier 3,372352,670,730,60,0,Grocery,Prepaid,Evening,Android,6.4.0,Marketplace_3P,Central,12.5,1,219,4,2,0.5,17370,3,2,False,Returning,False
ORD1218190,U188159,2024-09-04 21:43:27,Tier 1,607598,310,330,20,0,Grocery,Prepaid,Evening,Android,6.3.1,Marketplace_3P,Central,1.9,2,960,9,0,0.0,27860,3,0,False,Returning,False
ORD1369454,U118475,2024-09-05 04:29:41,Tier 2,525785,9560,9940,380,0,Electronics,CoD,Late_Night,Android,6.2.0,Marketplace_3P,West,8.1,1,166,1,0,0.0,1670,1,0,True,New,False
ORD1413671,U121289,2024-09-05 04:39:00,Tier 3,382631,23910,28240,4330,0,Appliances,Prepaid,Late_Night,Android,6.3.1,Marketplace_3P,North,8.9,1,284,3,1,0.333,1810,1,1,False,Returning,False
ORD1273897,U205695,2024-09-05 05:52:31,Tier 1,353787,2170,2850,680,0,Footwear,Prepaid,Morning,iOS,6.4.0,Flagship_1P,South,8.3,1,450,5,0,0.0,5300,3,0,False,Returning,False
ORD1383531,U193555,2024-09-05 07:55:42,Tier 1,118510,790,940,150,0,Fashion,Prepaid,Morning,Android,7.0.0,Flagship_1P,West,13.1,1,170,5,2,0.4,9540,3,2,False,Returning,False
ORD1295229,U180044,2024-09-05 10:17:46,Tier 3,849201,28190,33060,4870,0,Mobiles,CoD,Morning,Android,7.0.0,Flagship_1P,South,47.4,1,691,6,1,0.167,20680,1,1,False,Returning,False
ORD1263150,U123667,2024-09-05 15:26:22,Tier 2,686471,1860,2040,180,0,Fashion,Prepaid,Afternoon,Android,6.3.1,Marketplace_3P,East,35.4,3,719,11,1,0.091,8980,5,1,False,Returning,False
ORD1452937,U207479,2024-09-05 17:08:19,Tier 2,317073,1110,1240,130,0,Fashion,Prepaid,Evening,Android,6.2.0,Marketplace_3P,West,16.8,1,914,8,0,0.0,18800,7,0,False,Returning,False
ORD1444160,U136089,2024-09-05 17:13:14,Tier 1,753465,1180,1200,20,0,Beauty,CoD,Evening,Android,6.2.0,Marketplace_3P,South,3.7,1,693,13,2,0.154,43160,8,2,False,Returning,False
ORD1345205,U113947,2024-09-05 17:42:45,Tier 2,395416,1290,1310,20,0,Footwear,CoD,Evening,iOS,6.2.0,Local_SmallSeller,North,3.2,1,442,3,3,1.0,3890,2,1,False,Returning,False
ORD1216797,U153707,2024-09-05 22:38:33,Tier 3,484053,940,1130,190,0,Footwear,CoD,Late_Night,Android,7.0.0,Marketplace_3P,North,15.5,3,723,12,0,0.0,25530,7,0,False,Returning,False
ORD1467287,U180703,2024-09-06 00:19:32,Tier 3,260892,1140,1140,0,0,Footwear,Prepaid,Late_Night,Android,6.3.1,Marketplace_3P,North,32.5,1,204,4,1,0.25,3970,2,1,False,Returning,False
ORD1496791,U175497,2024-09-06 00:38:20,Tier 2,712439,270,350,80,40,Books,CoD,Late_Night,Android,7.0.0,Local_SmallSeller,South,16.2,1,894,6,1,0.167,7870,4,1,False,Returning,False
ORD1060302,U175255,2024-09-06 02:01:59,Tier 1,529784,870,1080,210,0,Fashion,Prepaid,Late_Night,Android,7.0.0,Marketplace_3P,South,9.3,1,1359,21,4,0.19,37010,10,4,False,Returning,False
ORD1000083,U181742,2024-09-06 08:06:02,Tier 1,435063,3750,4270,520,0,Home & Kitchen,Prepaid,Morning,Android,6.3.1,Marketplace_3P,West,16.6,2,1243,16,0,0.0,37330,5,0,False,Returning,False
ORD1200485,U147764,2024-09-06 08:20:16,Tier 2,686202,1510,1800,290,0,Fashion,CoD,Morning,Android,6.3.1,Marketplace_3P,North,3.9,1,199,2,0,0.0,1100,1,0,False,Returning,False
ORD1253023,U159231,2024-09-06 10:54:28,Tier 2,149258,650,720,70,0,Beauty,Prepaid,Morning,Android,6.4.0,Flagship_1P,East,30.0,3,1274,11,0,0.0,30510,4,0,False,Returning,False
ORD1015240,U166229,2024-09-06 17:22:15,Tier 1,677490,2940,3660,720,0,Footwear,CoD,Evening,Android,6.5.2,Local_SmallSeller,West,10.8,1,516,4,2,0.5,1880,3,2,False,Returning,False
ORD1303598,U151903,2024-09-06 17:48:03,Tier 2,505937,860,1080,220,0,Books,CoD,Evening,Android,7.0.0,Local_SmallSeller,South,27.5,1,838,6,1,0.167,3800,5,1,False,Returning,False
ORD1237265,U139750,2024-09-06 18:12:40,Tier 2,391715,35030,39420,4390,0,Mobiles,Prepaid,Evening,iOS,6.4.0,Local_SmallSeller,East,3.9,1,1099,19,3,0.158,78480,15,3,False,Returning,True
ORD1171922,U188016,2024-09-06 20:20:33,Tier 3,389267,420,510,90,40,Grocery,Prepaid,Evening,Android,6.5.2,Marketplace_3P,West,11.9,1,1297,15,2,0.133,35270,5,2,False,Returning,False
ORD1357514,U153636,2024-09-06 21:02:48,Tier 3,479796,3820,4060,240,0,Electronics,CoD,Evening,iOS,7.0.0,Marketplace_3P,South,7.7,1,344,4,1,0.25,12050,1,1,False,Returning,False
ORD1471614,U196495,2024-09-07 04:28:07,Tier 2,761782,16400,21530,5130,0,Mobiles,CoD,Late_Night,Android,6.5.2,Marketplace_3P,North,8.5,1,1202,10,5,0.5,1330,8,5,False,Returning,False
ORD1437287,U159098,2024-09-07 04:58:25,Tier 3,306594,2150,2860,710,0,Fashion,CoD,Late_Night,Android,6.5.2,Marketplace_3P,South,29.3,1,770,13,8,0.615,7090,9,7,False,Returning,True
ORD1141233,U218570,2024-09-07 06:33:09,Tier 2,208081,1720,1740,20,0,Footwear,Prepaid,Morning,iOS,6.3.1,Marketplace_3P,East,22.5,1,813,9,1,0.111,19510,7,1,False,Returning,False
ORD1043899,U164184,2024-09-07 07:29:24,Tier 1,824579,7230,9750,2520,0,Electronics,CoD,Morning,Android,6.4.0,Marketplace_3P,Central,4.6,1,1427,21,6,0.286,63790,4,3,False,Returning,False
ORD1373677,U169032,2024-09-07 07:39:53,Tier 1,659977,2730,3060,330,0,Fashion,CoD,Morning,Android,6.4.0,Marketplace_3P,East,3.4,1,1448,22,1,0.045,36610,10,1,False,Returning,False
ORD1205212,U153224,2024-09-07 09:01:57,Tier 1,522846,420,540,120,40,Grocery,Prepaid,Morning,Android,6.2.0,Flagship_1P,South,2.7,1,257,3,0,0.0,11850,3,0,False,Returning,False
ORD1359384,U200859,2024-09-07 10:37:57,Tier 1,461518,2430,2710,280,0,Appliances,CoD,Morning,Android,6.5.2,Local_SmallSeller,West,4.9,1,594,5,1,0.2,4170,1,1,False,Returning,False
ORD1412245,U153955,2024-09-07 10:42:31,Tier 1,205928,3770,5070,1300,0,Electronics,CoD,Morning,iOS,7.0.0,Marketplace_3P,East,13.7,1,303,3,0,0.0,7060,2,0,False,Returning,False
ORD1100220,U132087,2024-09-07 15:47:44,Tier 2,281477,3490,4540,1050,0,Electronics,CoD,Afternoon,Android,6.5.2,Marketplace_3P,East,5.5,1,313,4,3,0.75,3470,2,2,False,Returning,True
ORD1404222,U215037,2024-09-07 17:33:24,Tier 1,597365,17060,21370,4310,0,Mobiles,Prepaid,Evening,Android,6.2.0,Marketplace_3P,South,5.1,3,1243,17,1,0.059,16330,4,1,False,Returning,False
ORD1144240,U219507,2024-09-08 00:57:01,Tier 1,267766,1890,2070,180,0,Fashion,Prepaid,Late_Night,Android,6.5.2,Local_SmallSeller,West,12.1,2,512,8,3,0.375,26990,3,3,False,Returning,False
ORD1078586,U186340,2024-09-08 01:44:35,Tier 1,703683,3160,3840,680,0,Home & Kitchen,Prepaid,Late_Night,Android,6.5.2,Marketplace_3P,Central,1.6,1,651,9,0,0.0,10780,7,0,False,Returning,False
ORD1134839,U106531,2024-09-08 02:27:48,Tier 1,427351,1050,1200,150,0,Fashion,Prepaid,Late_Night,Android,6.2.0,Local_SmallSeller,East,7.1,1,342,3,1,0.333,2200,2,1,False,Returning,False
ORD1451685,U162444,2024-09-08 02:44:54,Tier 3,597119,2360,2780,420,0,Fashion,Prepaid,Late_Night,Android,6.5.2,Marketplace_3P,North,26.3,1,756,14,1,0.071,24310,3,1,False,Returning,False
ORD1210684,U123424,2024-09-08 04:22:29,Tier 2,178399,7260,9370,2110,0,Electronics,CoD,Late_Night,iOS,6.3.1,Marketplace_3P,West,10.8,2,143,2,1,0.5,2950,1,1,False,Returning,False
ORD1462644,U216373,2024-09-08 04:39:38,Tier 1,221942,830,1040,210,0,Toys,CoD,Late_Night,Android,7.0.0,Marketplace_3P,South,6.1,1,1070,9,0,0.0,20830,5,0,False,Returning,False
ORD1138539,U163268,2024-09-08 05:19:04,Tier 1,552394,3790,4210,420,0,Home & Kitchen,Prepaid,Morning,Android,6.2.0,Local_SmallSeller,South,5.9,1,513,6,1,0.167,6330,2,1,False,Returning,False
ORD1090506,U210560,2024-09-08 05:31:59,Tier 3,238638,1060,1150,90,0,Fashion,Prepaid,Morning,Android,7.0.0,Marketplace_3P,North,30.1,1,700,6,0,0.0,3460,3,0,False,Returning,False
ORD1272104,U135437,2024-09-08 06:13:27,Tier 1,215044,640,860,220,0,Fashion,Prepaid,Morning,Android,6.2.0,Marketplace_3P,West,0.2,1,1439,19,10,0.526,68960,17,10,False,Returning,False
ORD1156355,U144146,2024-09-08 08:35:45,Tier 1,459049,6310,7300,990,0,Appliances,Prepaid,Morning,Android,6.2.0,Flagship_1P,Central,12.3,2,1106,10,2,0.2,5130,7,2,False,Returning,False
ORD1227980,U109670,2024-09-08 16:35:31,Tier 1,798866,1290,1520,230,0,Beauty,Prepaid,Afternoon,Android,7.0.0,Marketplace_3P,East,8.1,1,1239,11,0,0.0,16040,8,0,False,Returning,False
ORD1321910,U164981,2024-09-08 18:10:51,Tier 3,654770,7480,9680,2200,0,Electronics,Prepaid,Evening,Android,6.3.1,Local_SmallSeller,East,6.1,2,438,6,2,0.333,11510,4,2,False,Returning,False
ORD1430050,U216330,2024-09-08 18:28:52,Tier 2,394239,1460,1700,240,0,Fashion,CoD,Evening,Android,7.0.0,Marketplace_3P,West,19.8,1,7,1,0,0.0,2100,1,0,True,New,False
ORD1331598,U179674,2024-09-08 18:45:38,Tier 2,385234,5030,6030,1000,0,Beauty,CoD,Evening,Android,6.2.0,Marketplace_3P,East,9.4,1,340,7,1,0.143,4190,3,1,False,Returning,True
ORD1077561,U204645,2024-09-08 21:55:46,Tier 2,721944,11650,15300,3650,0,Mobiles,Prepaid,Evening,Android,6.5.2,Marketplace_3P,North,40.7,2,224,2,0,0.0,520,1,0,False,Returning,False
ORD1333621,U135342,2024-09-09 01:26:41,Tier 2,175700,3400,4540,1140,0,Home & Kitchen,CoD,Late_Night,Android,6.2.0,Local_SmallSeller,West,16.8,1,723,10,0,0.0,4860,3,0,False,Returning,False
ORD1315217,U101963,2024-09-09 01:48:35,Tier 2,532553,1480,1860,380,0,Fashion,CoD,Late_Night,Android,6.5.2,Flagship_1P,North,3.7,1,1227,16,2,0.125,29280,10,2,False,Returning,False
ORD1378671,U208269,2024-09-09 02:20:28,Tier 1,691345,990,1050,60,0,Grocery,Prepaid,Late_Night,Android,6.4.0,Marketplace_3P,West,10.4,1,786,15,3,0.2,9280,12,3,False,Returning,False
ORD1311420,U116848,2024-09-09 03:16:08,Tier 2,446061,24790,25530,740,0,Mobiles,Prepaid,Late_Night,iOS,6.2.0,Marketplace_3P,North,25.2,1,514,8,1,0.125,23010,4,1,False,Returning,False
ORD1476263,U132927,2024-09-09 04:16:17,Tier 1,215505,3030,3410,380,0,Electronics,Prepaid,Late_Night,iOS,6.3.1,Marketplace_3P,West,9.3,1,921,9,1,0.111,5860,3,1,False,Returning,True
ORD1008908,U158167,2024-09-09 04:20:24,Tier 3,464936,2740,3650,910,0,Footwear,CoD,Late_Night,Android,6.4.0,Marketplace_3P,Central,22.4,1,687,12,0,0.0,22270,8,0,False,Returning,False
ORD1141138,U138516,2024-09-09 05:24:12,Tier 1,159148,27730,28200,470,0,Mobiles,CoD,Morning,Android,6.2.0,Marketplace_3P,South,2.7,1,1393,15,4,0.267,1160,6,4,False,Returning,False
ORD1169195,U169328,2024-09-09 10:21:17,Tier 3,259172,470,590,120,40,Beauty,CoD,Morning,Android,7.0.0,Local_SmallSeller,South,10.5,1,604,8,1,0.125,9760,2,1,False,Returning,False
ORD1073361,U148445,2024-09-09 11:23:55,Tier 2,363447,10710,12910,2200,0,Electronics,CoD,Morning,Android,7.0.0,Marketplace_3P,West,8.2,1,1258,15,3,0.2,11200,9,3,False,Returning,True
ORD1196544,U138847,2024-09-09 11:25:44,Tier 3,849686,1570,1870,300,0,Toys,Prepaid,Morning,Android,6.4.0,Marketplace_3P,East,22.5,1,90,2,0,0.0,7850,1,0,False,Returning,False
ORD1451999,U197797,2024-09-09 12:17:46,Tier 1,743231,9010,10650,1640,0,Electronics,Prepaid,Afternoon,Android,6.4.0,Marketplace_3P,North,9.1,1,1478,20,6,0.3,15840,12,6,False,Returning,False
ORD1327845,U159061,2024-09-09 12:37:24,Tier 2,450237,800,830,30,0,Toys,Prepaid,Afternoon,Android,7.0.0,Marketplace_3P,Central,14.6,1,717,9,1,0.111,20390,2,1,False,Returning,False
ORD1207372,U176901,2024-09-09 14:50:21,Tier 2,525249,540,660,120,0,Beauty,Prepaid,Afternoon,Android,6.4.0,Marketplace_3P,Central,12.3,1,1164,6,0,0.0,10260,2,0,False,Returning,False
ORD1499989,U156237,2024-09-09 15:05:45,Tier 2,616698,910,970,60,0,Grocery,Prepaid,Afternoon,iOS,7.0.0,Marketplace_3P,West,46.5,1,552,8,1,0.125,41980,5,1,False,Returning,False
ORD1236323,U111865,2024-09-09 15:08:59,Tier 3,651637,630,740,110,0,Grocery,CoD,Afternoon,Android,6.5.2,Local_SmallSeller,Central,86.7,1,896,4,0,0.0,6390,2,0,False,Returning,False
ORD1431332,U104763,2024-09-09 15:22:52,Tier 2,514552,3860,4590,730,0,Home & Kitchen,CoD,Afternoon,Android,6.2.0,Flagship_1P,Central,11.6,2,357,8,2,0.25,10900,4,2,False,Returning,False
ORD1019621,U120166,2024-09-09 18:36:55,Tier 2,571188,8870,10510,1640,0,Mobiles,Prepaid,Evening,Android,6.2.0,Flagship_1P,North,6.9,1,1435,26,1,0.038,10660,7,1,False,Returning,False
ORD1212235,U130587,2024-09-09 19:34:11,Tier 3,391109,1110,1490,380,0,Toys,Prepaid,Evening,Android,6.2.0,Flagship_1P,West,11.0,2,84,2,0,0.0,2610,1,0,False,Returning,False
ORD1421649,U144562,2024-09-09 20:21:14,Tier 1,616614,940,1020,80,0,Books,Prepaid,Evening,Android,6.5.2,Flagship_1P,West,3.3,1,1360,19,2,0.105,34860,15,2,False,Returning,False
ORD1134959,U203232,2024-09-09 20:31:41,Tier 1,501397,330,380,50,60,Books,Prepaid,Evening,Android,6.3.1,Marketplace_3P,North,3.0,1,700,9,0,0.0,42820,4,0,False,Returning,False
ORD1162694,U183712,2024-09-10 00:50:34,Tier 2,453529,17430,19020,1590,0,Appliances,Prepaid,Late_Night,Android,6.3.1,Marketplace_3P,North,2.3,1,353,8,0,0.0,48450,4,0,False,Returning,False
ORD1439936,U167036,2024-09-10 01:42:10,Tier 2,317997,3980,5050,1070,0,Home & Kitchen,Prepaid,Late_Night,Android,6.2.0,Flagship_1P,West,6.0,1,870,15,3,0.2,38240,11,3,False,Returning,False
ORD1102514,U156339,2024-09-10 06:37:16,Tier 2,641107,940,1230,290,0,Fashion,CoD,Morning,Android,7.0.0,Marketplace_3P,South,8.1,1,849,8,0,0.0,4000,2,0,False,Returning,False
ORD1265698,U110704,2024-09-10 15:42:29,Tier 1,113220,890,970,80,0,Beauty,CoD,Afternoon,iOS,6.5.2,Local_SmallSeller,South,3.1,1,986,10,1,0.1,12380,8,1,False,Returning,False
ORD1101839,U178203,2024-09-10 18:22:33,Tier 1,720401,1110,1460,350,0,Footwear,Prepaid,Evening,Android,7.0.0,Flagship_1P,East,3.9,1,689,7,0,0.0,3700,3,0,False,Returning,False
ORD1352727,U156317,2024-09-10 20:31:38,Tier 1,440505,1240,1490,250,0,Fashion,Prepaid,Evening,Android,6.4.0,Marketplace_3P,North,4.5,1,1023,12,2,0.167,3920,9,2,False,Returning,False
ORD1317997,U117037,2024-09-10 20:39:40,Tier 3,542274,1870,2150,280,0,Home & Kitchen,CoD,Evening,Android,6.2.0,Marketplace_3P,East,12.9,1,41,1,0,0.0,3410,0,0,True,New,False
ORD1377007,U101136,2024-09-10 23:35:22,Tier 3,159713,2340,2840,500,0,Home & Kitchen,Prepaid,Late_Night,Android,6.3.1,Marketplace_3P,North,10.4,3,1087,16,2,0.125,20390,6,2,False,Returning,False
ORD1383152,U217822,2024-09-11 00:16:08,Tier 3,758368,1450,1860,410,0,Footwear,Prepaid,Late_Night,iOS,7.0.0,Flagship_1P,East,25.5,1,462,3,0,0.0,2320,1,0,False,Returning,False
ORD1257681,U173895,2024-09-11 01:18:04,Tier 3,574093,6080,6640,560,0,Electronics,CoD,Late_Night,iOS,7.0.0,Flagship_1P,North,27.4,1,1239,19,7,0.368,35880,4,4,False,Returning,True
ORD1032034,U186627,2024-09-11 01:30:28,Tier 2,614479,1000,1300,300,0,Fashion,CoD,Late_Night,Android,7.0.0,Marketplace_3P,South,9.6,3,773,12,0,0.0,74110,5,0,False,Returning,True
ORD1464415,U177563,2024-09-11 03:09:52,Tier 1,453638,3680,4310,630,0,Electronics,Prepaid,Late_Night,Android,7.0.0,Flagship_1P,North,5.9,1,710,7,1,0.143,8200,2,1,False,Returning,False
ORD1246377,U202387,2024-09-11 03:46:33,Tier 1,157767,1790,2300,510,0,Fashion,Prepaid,Late_Night,Android,6.4.0,Marketplace_3P,South,17.0,1,487,4,1,0.25,1480,3,1,False,Returning,False
ORD1358040,U140096,2024-09-11 04:41:30,Tier 1,493726,960,1140,180,0,Fashion,CoD,Late_Night,Android,6.4.0,Flagship_1P,South,5.4,1,212,1,0,0.0,590,1,0,True,New,False
ORD1077613,U127152,2024-09-11 04:59:10,Tier 1,536342,920,1140,220,0,Fashion,CoD,Late_Night,iOS,6.3.1,Local_SmallSeller,South,9.4,1,617,11,1,0.091,22360,9,1,False,Returning,False
ORD1295402,U145814,2024-09-11 05:34:09,Tier 1,448798,2520,3150,630,0,Mobiles,CoD,Morning,Android,7.0.0,Marketplace_3P,Central,4.8,1,595,3,0,0.0,4850,1,0,False,Returning,False
ORD1068392,U186133,2024-09-11 05:53:16,Tier 3,578239,1750,1760,10,0,Home & Kitchen,CoD,Morning,iOS,6.5.2,Marketplace_3P,North,33.8,1,976,12,6,0.5,11050,5,4,False,Returning,False
ORD1050199,U128266,2024-09-11 06:25:41,Tier 2,477740,6250,6870,620,0,Electronics,Prepaid,Morning,Android,6.5.2,Local_SmallSeller,East,3.6,1,855,9,1,0.111,16560,4,1,False,Returning,False
ORD1106770,U165267,2024-09-11 07:18:39,Tier 1,659339,1360,1760,400,0,Fashion,Prepaid,Morning,Android,6.3.1,Local_SmallSeller,West,7.6,1,1112,14,2,0.143,12980,11,2,False,Returning,False
ORD1413838,U192768,2024-09-11 08:40:18,Tier 1,157703,1970,2400,430,0,Fashion,Prepaid,Morning,Android,6.5.2,Marketplace_3P,South,5.1,1,1431,15,2,0.133,8530,13,2,False,Returning,False
ORD1225279,U165228,2024-09-11 11:27:11,Tier 1,129925,5350,5440,90,0,Appliances,Prepaid,Morning,Android,6.5.2,Flagship_1P,Central,8.9,1,464,6,0,0.0,2280,5,0,False,Returning,False
ORD1393759,U178561,2024-09-11 15:32:50,Tier 2,343656,1480,1870,390,0,Fashion,CoD,Afternoon,Android,6.3.1,Marketplace_3P,West,19.7,1,491,4,0,0.0,5350,2,0,False,Returning,False
ORD1123385,U217455,2024-09-11 15:56:47,Tier 1,685858,2440,3180,740,0,Home & Kitchen,CoD,Afternoon,iOS,6.5.2,Marketplace_3P,East,13.0,1,227,3,1,0.333,2450,2,1,False,Returning,False
ORD1221130,U119213,2024-09-11 19:52:14,Tier 1,257378,7300,7420,120,0,Electronics,Prepaid,Evening,Android,7.0.0,Flagship_1P,North,3.0,1,233,5,1,0.2,8560,2,1,False,Returning,False
ORD1338035,U194407,2024-09-11 21:02:25,Tier 3,711876,150,180,30,40,Books,CoD,Evening,Android,6.4.0,Marketplace_3P,Central,22.0,2,626,11,4,0.364,14350,5,4,False,Returning,False
ORD1370917,U193913,2024-09-11 21:34:50,Tier 2,773510,1560,2050,490,0,Fashion,CoD,Evening,Android,7.0.0,Marketplace_3P,Central,12.1,2,8,2,0,0.0,2140,1,0,False,Returning,False
ORD1347121,U184498,2024-09-11 23:56:21,Tier 3,135545,280,360,80,0,Toys,CoD,Late_Night,iOS,6.5.2,Marketplace_3P,East,29.9,1,815,9,2,0.222,10560,2,2,False,Returning,False
ORD1227014,U200450,2024-09-12 00:19:47,Tier 1,173248,1300,1620,320,0,Beauty,CoD,Late_Night,iOS,6.5.2,Local_SmallSeller,East,2.4,2,194,1,1,1.0,1040,0,0,True,New,False
ORD1469530,U129183,2024-09-12 00:59:07,Tier 2,845640,22750,26850,4100,0,Mobiles,Prepaid,Late_Night,Android,7.0.0,Local_SmallSeller,East,20.2,1,911,7,1,0.143,9350,4,1,False,Returning,False
ORD1290551,U215417,2024-09-12 02:27:29,Tier 2,299338,5990,6200,210,0,Electronics,CoD,Late_Night,Android,6.2.0,Marketplace_3P,South,27.1,1,932,13,4,0.308,32400,8,4,False,Returning,False
ORD1126976,U146898,2024-09-12 04:59:19,Tier 3,186622,6670,8460,1790,0,Electronics,Prepaid,Late_Night,Android,7.0.0,Flagship_1P,Central,24.8,2,905,14,1,0.071,13630,11,1,False,Returning,False
ORD1493565,U155757,2024-09-12 05:36:28,Tier 1,460895,5850,6300,450,0,Footwear,CoD,Morning,Android,6.5.2,Marketplace_3P,West,11.4,1,405,1,0,0.0,1220,0,0,True,New,False
ORD1020538,U111125,2024-09-12 11:51:01,Tier 2,262586,2360,2930,570,0,Fashion,CoD,Morning,Android,6.5.2,Local_SmallSeller,East,30.5,1,403,6,0,0.0,6560,2,0,False,Returning,False
ORD1310235,U167539,2024-09-12 14:06:48,Tier 3,170708,2890,3440,550,0,Electronics,CoD,Afternoon,iOS,6.5.2,Flagship_1P,East,23.2,1,399,7,0,0.0,4100,6,0,False,Returning,False
ORD1140139,U122755,2024-09-12 15:34:55,Tier 3,654216,660,670,10,0,Books,Prepaid,Afternoon,iOS,6.5.2,Flagship_1P,South,18.2,1,203,3,1,0.333,1930,1,1,False,Returning,False
ORD1185209,U216163,2024-09-12 16:07:00,Tier 2,401302,1440,1540,100,0,Fashion,CoD,Afternoon,iOS,6.3.1,Marketplace_3P,West,7.9,1,660,12,1,0.083,17220,5,1,False,Returning,True
ORD1155534,U200850,2024-09-12 17:34:34,Tier 1,756012,23990,29240,5250,0,Mobiles,Prepaid,Evening,iOS,6.5.2,Marketplace_3P,South,7.1,1,821,11,1,0.091,16790,10,1,False,Returning,False
ORD1027011,U174211,2024-09-12 23:17:06,Tier 1,398188,900,1020,120,0,Grocery,CoD,Late_Night,Android,6.2.0,Local_SmallSeller,Central,13.8,1,1331,11,3,0.273,22910,5,3,False,Returning,False
ORD1232548,U140523,2024-09-13 01:01:15,Tier 1,150289,1720,1910,190,0,Home & Kitchen,Prepaid,Late_Night,Android,6.2.0,Local_SmallSeller,East,9.1,1,429,5,1,0.2,14840,4,1,False,Returning,True
ORD1441872,U146354,2024-09-13 05:08:24,Tier 1,586475,360,420,60,60,Books,Prepaid,Morning,Android,6.4.0,Flagship_1P,West,2.0,1,524,6,1,0.167,3150,2,1,False,Returning,False
ORD1124095,U125243,2024-09-13 06:48:38,Tier 1,801578,8320,8400,80,0,Mobiles,Prepaid,Morning,Android,6.5.2,Local_SmallSeller,West,2.4,1,601,10,1,0.1,12730,3,1,False,Returning,False
ORD1200651,U218844,2024-09-13 07:45:41,Tier 2,721673,2440,3170,730,0,Fashion,CoD,Morning,Android,6.2.0,Marketplace_3P,Central,17.4,2,450,11,5,0.455,11130,5,5,False,Returning,True
ORD1340058,U100645,2024-09-13 10:05:07,Tier 2,283170,1330,1790,460,0,Grocery,CoD,Morning,iOS,7.0.0,Marketplace_3P,East,13.9,3,493,8,1,0.125,48800,3,1,False,Returning,False
ORD1399493,U217833,2024-09-13 12:02:25,Tier 3,389615,820,1100,280,0,Beauty,Prepaid,Afternoon,Android,6.3.1,Marketplace_3P,North,13.8,2,878,9,0,0.0,15300,2,0,False,Returning,False
ORD1315465,U165771,2024-09-13 14:07:41,Tier 1,256662,9130,9950,820,0,Electronics,Prepaid,Afternoon,Android,6.4.0,Marketplace_3P,West,14.6,1,497,10,0,0.0,20170,6,0,False,Returning,False
ORD1094572,U106374,2024-09-13 16:16:00,Tier 1,127233,5400,5820,420,0,Electronics,CoD,Afternoon,Android,6.5.2,Local_SmallSeller,West,4.7,1,219,4,2,0.5,17370,3,2,False,Returning,False
ORD1425673,U158605,2024-09-13 17:07:58,Tier 3,424728,15120,19140,4020,0,Mobiles,CoD,Evening,Android,6.5.2,Local_SmallSeller,Central,43.1,1,513,5,2,0.4,930,4,2,False,Returning,True
ORD1353365,U134585,2024-09-13 19:42:47,Tier 2,342968,1740,1820,80,0,Footwear,Prepaid,Evening,Android,7.0.0,Marketplace_3P,West,3.4,1,133,4,1,0.25,4500,3,1,False,Returning,False
ORD1011538,U128689,2024-09-13 20:57:02,Tier 2,304142,2020,2340,320,0,Home & Kitchen,Prepaid,Evening,Android,6.2.0,Local_SmallSeller,Central,11.5,1,1372,15,1,0.067,15840,3,1,False,Returning,False
ORD1189626,U133653,2024-09-13 21:18:01,Tier 3,354312,640,710,70,0,Beauty,CoD,Evening,iOS,7.0.0,Marketplace_3P,East,29.7,1,770,9,2,0.222,13690,8,2,False,Returning,False
ORD1397981,U143474,2024-09-13 22:50:55,Tier 3,380538,3070,3680,610,0,Home & Kitchen,CoD,Late_Night,Android,6.3.1,Marketplace_3P,North,28.1,1,163,1,0,0.0,4040,0,0,True,New,False
ORD1445588,U167377,2024-09-14 01:46:01,Tier 1,616344,9880,12440,2560,0,Mobiles,Prepaid,Late_Night,Android,6.3.1,Marketplace_3P,West,6.5,1,1100,16,1,0.062,6270,10,1,False,Returning,False
ORD1097693,U106274,2024-09-14 01:52:59,Tier 3,824777,4190,5580,1390,0,Home & Kitchen,CoD,Late_Night,Android,6.3.1,Local_SmallSeller,Central,15.6,1,844,8,1,0.125,20450,4,1,False,Returning,False
ORD1177843,U171138,2024-09-14 02:37:17,Tier 3,190284,7650,10230,2580,0,Mobiles,CoD,Late_Night,iOS,6.5.2,Marketplace_3P,East,12.5,2,1349,13,0,0.0,3530,5,0,False,Returning,False
ORD1094815,U160588,2024-09-14 05:37:17,Tier 2,638215,1350,1420,70,0,Beauty,CoD,Morning,Android,6.4.0,Local_SmallSeller,East,7.9,1,1444,17,1,0.059,30820,7,1,False,Returning,False
ORD1181174,U165835,2024-09-14 06:16:41,Tier 2,394118,19970,26340,6370,0,Mobiles,CoD,Morning,Android,6.2.0,Flagship_1P,North,31.9,1,612,11,7,0.636,15220,4,3,False,Returning,False
ORD1153300,U208560,2024-09-14 07:10:13,Tier 3,382321,2920,3170,250,0,Fashion,Prepaid,Morning,Android,6.5.2,Marketplace_3P,East,24.2,1,442,8,3,0.375,29830,2,2,False,Returning,False
ORD1093607,U175838,2024-09-14 07:35:59,Tier 1,607742,1200,1360,160,0,Fashion,Prepaid,Morning,Android,6.3.1,Marketplace_3P,West,9.1,2,249,3,0,0.0,1720,1,0,False,Returning,False
ORD1119563,U117636,2024-09-14 08:07:28,Tier 2,743538,3150,4100,950,0,Home & Kitchen,Prepaid,Morning,Android,6.3.1,Marketplace_3P,West,5.5,3,1163,19,3,0.158,4630,13,3,False,Returning,False
ORD1231538,U121235,2024-09-14 08:27:59,Tier 3,244418,1150,1550,400,0,Books,CoD,Morning,Android,6.5.2,Marketplace_3P,South,13.7,1,710,9,4,0.444,6770,5,3,False,Returning,False
ORD1056225,U100649,2024-09-14 10:21:52,Tier 3,700444,28310,37960,9650,0,Mobiles,CoD,Morning,Android,6.5.2,Local_SmallSeller,West,23.5,1,1272,16,0,0.0,58840,5,0,False,Returning,False
ORD1388215,U193937,2024-09-14 12:12:36,Tier 2,843145,2640,2780,140,0,Home & Kitchen,CoD,Afternoon,Android,7.0.0,Marketplace_3P,North,6.7,2,997,12,4,0.333,37930,9,4,False,Returning,False
ORD1478002,U128311,2024-09-14 13:32:18,Tier 2,212863,2680,3010,330,0,Footwear,Prepaid,Afternoon,Android,7.0.0,Marketplace_3P,West,4.1,1,898,13,1,0.077,53850,7,1,False,Returning,False
ORD1398288,U162278,2024-09-14 14:41:17,Tier 2,669230,7190,7620,430,0,Electronics,Prepaid,Afternoon,Android,6.3.1,Marketplace_3P,South,8.6,1,862,10,2,0.2,16410,5,2,False,Returning,False
ORD1139539,U171615,2024-09-14 15:42:44,Tier 2,209238,980,1190,210,0,Toys,CoD,Afternoon,Android,6.3.1,Marketplace_3P,West,31.4,1,1428,22,12,0.545,28960,5,3,False,Returning,False
ORD1046638,U176041,2024-09-14 16:57:53,Tier 1,771110,1400,1690,290,0,Grocery,CoD,Afternoon,iOS,7.0.0,Marketplace_3P,Central,3.3,2,171,2,0,0.0,130,1,0,False,Returning,False
ORD1410164,U179154,2024-09-14 20:59:10,Tier 3,741229,3640,4670,1030,0,Fashion,CoD,Evening,Android,6.4.0,Marketplace_3P,South,10.7,1,288,4,0,0.0,7080,1,0,False,Returning,False
ORD1272235,U216653,2024-09-14 21:09:39,Tier 2,371908,1790,2070,280,0,Home & Kitchen,CoD,Evening,Android,7.0.0,Marketplace_3P,South,7.2,1,661,6,2,0.333,3240,1,1,False,Returning,False
ORD1039495,U148430,2024-09-15 00:04:34,Tier 3,448781,3190,3640,450,0,Footwear,Prepaid,Late_Night,Android,7.0.0,Marketplace_3P,Central,9.4,1,60,1,0,0.0,2910,1,0,True,New,False
ORD1066866,U156231,2024-09-15 02:00:35,Tier 1,664637,1000,1190,190,0,Footwear,Prepaid,Late_Night,Android,7.0.0,Marketplace_3P,North,1.8,2,1324,16,10,0.625,13970,5,4,False,Returning,False
ORD1412291,U138679,2024-09-15 06:10:14,Tier 2,770970,1550,1990,440,0,Fashion,Prepaid,Morning,iOS,6.5.2,Local_SmallSeller,West,11.5,1,579,10,3,0.3,3000,6,3,False,Returning,False
ORD1423399,U173213,2024-09-15 08:24:39,Tier 2,527580,1650,2090,440,0,Fashion,CoD,Morning,Android,6.2.0,Marketplace_3P,Central,13.8,1,73,2,1,0.5,2760,1,1,False,Returning,False
ORD1204811,U120807,2024-09-15 13:30:24,Tier 2,593324,830,930,100,0,Fashion,CoD,Afternoon,Android,6.2.0,Marketplace_3P,South,37.8,2,24,1,1,1.0,850,0,0,True,New,False
ORD1201712,U199184,2024-09-15 13:41:34,Tier 2,413059,2050,2680,630,0,Home & Kitchen,CoD,Afternoon,Android,6.3.1,Marketplace_3P,Central,18.0,2,773,5,1,0.2,13580,4,1,False,Returning,False
ORD1208551,U127319,2024-09-15 16:58:23,Tier 2,440888,1580,1940,360,0,Grocery,CoD,Afternoon,Android,6.5.2,Local_SmallSeller,West,16.2,1,1406,14,3,0.214,28570,4,2,False,Returning,False
ORD1003986,U132366,2024-09-15 18:55:39,Tier 2,469556,4130,5390,1260,0,Electronics,CoD,Evening,Android,6.2.0,Marketplace_3P,Central,11.3,1,71,1,0,0.0,4360,0,0,True,New,False
ORD1335341,U123535,2024-09-15 19:02:25,Tier 1,832355,1430,1730,300,0,Books,CoD,Evening,Android,7.0.0,Marketplace_3P,North,1.5,1,1003,10,6,0.6,8210,6,5,False,Returning,False
ORD1432256,U154505,2024-09-15 19:41:02,Tier 1,120963,1750,2310,560,0,Fashion,Prepaid,Evening,Android,6.4.0,Marketplace_3P,Central,2.0,1,849,12,5,0.417,3040,8,5,False,Returning,False
ORD1109623,U114902,2024-09-15 20:11:56,Tier 1,609930,9590,10310,720,0,Electronics,CoD,Evening,Android,6.3.1,Flagship_1P,South,4.2,1,471,7,2,0.286,16500,4,2,False,Returning,False
ORD1197505,U167195,2024-09-15 23:24:00,Tier 2,505167,780,1030,250,0,Fashion,CoD,Late_Night,Android,6.2.0,Marketplace_3P,Central,9.6,1,812,16,5,0.312,1290,5,3,False,Returning,False
ORD1421480,U217002,2024-09-15 23:45:40,Tier 1,682795,970,1240,270,0,Beauty,Prepaid,Late_Night,iOS,6.4.0,Marketplace_3P,East,6.4,2,270,3,0,0.0,2810,1,0,False,Returning,False
ORD1205584,U168455,2024-09-16 00:25:45,Tier 1,526825,1130,1270,140,0,Footwear,Prepaid,Late_Night,Android,6.4.0,Local_SmallSeller,South,2.4,2,754,11,3,0.273,8960,6,3,False,Returning,False
ORD1355727,U213189,2024-09-16 01:44:37,Tier 2,605298,4970,5830,860,0,Electronics,CoD,Late_Night,Android,6.2.0,Flagship_1P,West,5.8,1,650,5,1,0.2,11460,2,1,False,Returning,True
ORD1180414,U178171,2024-09-16 05:33:08,Tier 2,679470,14580,17740,3160,0,Electronics,CoD,Morning,Android,7.0.0,Marketplace_3P,North,7.0,1,370,3,0,0.0,8330,2,0,False,Returning,False
ORD1332504,U140659,2024-09-16 05:58:03,Tier 1,639375,5020,6370,1350,0,Electronics,Prepaid,Morning,iOS,6.4.0,Local_SmallSeller,Central,7.6,1,1353,20,2,0.1,46300,5,2,False,Returning,False
ORD1414341,U106353,2024-09-16 06:10:33,Tier 3,460545,23030,29470,6440,0,Mobiles,CoD,Morning,Android,6.5.2,Local_SmallSeller,Central,31.8,1,1300,14,3,0.214,8220,10,3,False,Returning,False
ORD1173757,U173906,2024-09-16 06:52:36,Tier 1,215966,1100,1200,100,0,Toys,CoD,Morning,Android,6.2.0,Flagship_1P,East,7.2,2,528,7,1,0.143,15770,3,1,False,Returning,False
ORD1146798,U159811,2024-09-16 07:22:57,Tier 2,481317,2360,2660,300,0,Footwear,CoD,Morning,Android,6.4.0,Marketplace_3P,North,32.4,1,203,7,0,0.0,10110,4,0,False,Returning,False
ORD1455264,U169193,2024-09-16 09:41:20,Tier 1,693613,4130,5140,1010,0,Fashion,Prepaid,Morning,Android,6.4.0,Local_SmallSeller,East,8.6,1,796,13,5,0.385,24080,11,5,False,Returning,False
ORD1225898,U112282,2024-09-16 09:54:22,Tier 2,569576,530,640,110,0,Grocery,Prepaid,Morning,Android,6.2.0,Marketplace_3P,West,9.4,1,235,3,3,1.0,3770,1,1,False,Returning,False
ORD1333508,U122211,2024-09-16 10:28:07,Tier 2,741670,1090,1230,140,0,Fashion,CoD,Morning,Android,6.4.0,Flagship_1P,South,9.4,1,241,7,1,0.143,12840,2,1,False,Returning,False
ORD1332084,U185118,2024-09-16 13:25:26,Tier 1,542278,890,1110,220,0,Home & Kitchen,Prepaid,Afternoon,Android,6.5.2,Marketplace_3P,West,8.2,1,1335,13,5,0.385,6610,5,4,False,Returning,False
ORD1288992,U136161,2024-09-16 13:35:47,Tier 3,480060,280,320,40,40,Grocery,CoD,Afternoon,Android,7.0.0,Local_SmallSeller,West,11.1,1,1110,11,1,0.091,20100,5,1,False,Returning,False
ORD1277822,U205788,2024-09-16 15:34:55,Tier 3,164590,1030,1090,60,0,Beauty,CoD,Afternoon,Android,6.2.0,Marketplace_3P,Central,34.4,1,119,1,0,0.0,1220,0,0,True,New,True
ORD1211066,U130514,2024-09-16 16:20:20,Tier 2,377324,2500,2730,230,0,Home & Kitchen,Prepaid,Afternoon,Android,6.5.2,Local_SmallSeller,Central,28.3,2,280,6,0,0.0,11520,2,0,False,Returning,False
ORD1178104,U114131,2024-09-16 17:19:45,Tier 2,409167,930,1190,260,0,Fashion,CoD,Evening,Android,7.0.0,Local_SmallSeller,East,23.7,2,1323,13,4,0.308,16260,6,3,False,Returning,True
ORD1017066,U149655,2024-09-16 18:14:03,Tier 2,337454,160,170,10,0,Grocery,CoD,Evening,Android,6.5.2,Marketplace_3P,Central,16.8,1,580,9,4,0.444,10590,7,4,False,Returning,False
ORD1332776,U209047,2024-09-16 19:34:40,Tier 2,211078,1160,1380,220,0,Home & Kitchen,CoD,Evening,Android,6.2.0,Marketplace_3P,South,8.5,1,1278,16,4,0.25,4180,7,4,False,Returning,False
ORD1290978,U121424,2024-09-16 21:14:21,Tier 2,601601,1090,1350,260,0,Toys,Prepaid,Evening,Android,6.5.2,Flagship_1P,Central,18.5,1,746,5,1,0.2,4090,3,1,False,Returning,False
ORD1035575,U191890,2024-09-16 21:30:54,Tier 3,855598,2240,2350,110,0,Footwear,CoD,Evening,Android,6.2.0,Local_SmallSeller,Central,18.6,1,1153,13,1,0.077,25640,3,1,False,Returning,False
ORD1116464,U155375,2024-09-16 22:36:00,Tier 1,135126,2250,2600,350,0,Fashion,CoD,Late_Night,Android,6.2.0,Marketplace_3P,North,3.7,2,1342,14,5,0.357,38860,8,4,False,Returning,False
ORD1431185,U185456,2024-09-16 22:50:59,Tier 1,180852,520,690,170,0,Fashion,Prepaid,Late_Night,Android,7.0.0,Marketplace_3P,West,2.4,1,577,7,1,0.143,13480,5,1,False,Returning,False
ORD1239327,U167619,2024-09-16 23:13:25,Tier 1,416835,5030,6700,1670,0,Fashion,Prepaid,Late_Night,Android,6.3.1,Marketplace_3P,West,11.4,1,483,4,0,0.0,11080,3,0,False,Returning,False
ORD1096299,U192423,2024-09-17 01:30:30,Tier 3,164187,17260,22390,5130,0,Mobiles,CoD,Late_Night,Android,6.2.0,Local_SmallSeller,East,7.5,1,1360,15,4,0.267,41790,8,4,False,Returning,False
ORD1360602,U104202,2024-09-17 04:55:57,Tier 3,702692,880,1080,200,0,Toys,Prepaid,Late_Night,Android,6.4.0,Local_SmallSeller,Central,37.3,1,516,4,1,0.25,1920,3,1,False,Returning,False
ORD1139348,U132444,2024-09-17 05:44:50,Tier 2,722632,440,490,50,0,Beauty,Prepaid,Morning,iOS,6.2.0,Marketplace_3P,Central,8.5,1,772,4,0,0.0,10550,2,0,False,Returning,False
ORD1356554,U208156,2024-09-17 09:07:44,Tier 3,738707,1450,1510,60,0,Fashion,Prepaid,Morning,iOS,6.3.1,Marketplace_3P,South,29.0,1,161,4,2,0.5,810,2,2,False,Returning,False
ORD1378627,U195833,2024-09-17 09:47:59,Tier 3,851820,1930,2310,380,0,Footwear,CoD,Morning,Android,6.4.0,Flagship_1P,East,2.4,1,426,7,5,0.714,5630,3,2,False,Returning,False
ORD1162282,U133855,2024-09-17 12:27:37,Tier 3,546050,610,780,170,0,Grocery,CoD,Afternoon,Android,6.3.1,Local_SmallSeller,Central,8.0,1,1402,16,3,0.188,21040,4,3,False,Returning,False
ORD1215253,U105187,2024-09-17 13:13:42,Tier 1,646633,1470,1940,470,0,Beauty,Prepaid,Afternoon,Android,6.2.0,Marketplace_3P,West,1.9,1,187,2,0,0.0,2150,1,0,False,Returning,False
ORD1450012,U102284,2024-09-17 14:17:19,Tier 1,422889,1000,1130,130,0,Beauty,Prepaid,Afternoon,Android,6.2.0,Local_SmallSeller,North,14.1,2,1022,12,0,0.0,27510,7,0,False,Returning,False
ORD1309761,U207142,2024-09-17 14:52:07,Tier 3,231272,1670,2150,480,0,Home & Kitchen,Prepaid,Afternoon,Android,6.4.0,Marketplace_3P,East,23.9,1,207,3,0,0.0,2900,2,0,False,Returning,False
ORD1308608,U125910,2024-09-17 15:54:35,Tier 2,562201,390,470,80,40,Toys,CoD,Afternoon,iOS,6.4.0,Marketplace_3P,South,10.9,2,451,10,3,0.3,12260,6,3,False,Returning,False
ORD1216548,U139032,2024-09-17 18:05:00,Tier 1,583111,520,630,110,0,Grocery,Prepaid,Evening,Android,6.2.0,Marketplace_3P,South,5.0,1,12,1,1,1.0,300,1,1,True,New,False
ORD1231073,U107166,2024-09-17 18:40:25,Tier 1,579847,1640,1970,330,0,Fashion,CoD,Evening,Android,6.5.2,Marketplace_3P,Central,5.2,1,884,15,1,0.067,24100,5,1,False,Returning,False
ORD1327590,U106048,2024-09-17 19:02:47,Tier 2,813200,4860,5100,240,0,Home & Kitchen,Prepaid,Evening,Android,6.4.0,Marketplace_3P,South,5.5,2,263,8,0,0.0,7640,6,0,False,Returning,False
ORD1192278,U192691,2024-09-17 23:55:53,Tier 2,452451,1580,1690,110,0,Fashion,CoD,Late_Night,iOS,7.0.0,Local_SmallSeller,South,14.6,2,675,8,1,0.125,21240,5,1,False,Returning,False
ORD1144644,U100705,2024-09-18 01:25:47,Tier 1,421055,8070,9440,1370,0,Mobiles,CoD,Late_Night,iOS,6.5.2,Marketplace_3P,South,2.5,1,847,11,0,0.0,22690,7,0,False,Returning,False
ORD1476282,U120897,2024-09-18 03:57:07,Tier 1,601721,990,1120,130,0,Beauty,CoD,Late_Night,Android,6.5.2,Marketplace_3P,West,1.3,1,1376,15,3,0.2,8630,7,3,False,Returning,False
ORD1248128,U200842,2024-09-18 05:54:11,Tier 1,147772,4130,4500,370,0,Mobiles,CoD,Morning,Android,6.4.0,Local_SmallSeller,Central,7.1,1,1091,8,2,0.25,15790,2,2,False,Returning,False
ORD1063530,U186320,2024-09-18 06:02:39,Tier 2,593382,730,740,10,0,Toys,Prepaid,Morning,Android,6.2.0,Marketplace_3P,North,18.0,1,1161,21,5,0.238,21490,11,5,False,Returning,False
ORD1298667,U148465,2024-09-18 06:36:39,Tier 3,342297,240,300,60,60,Books,Prepaid,Morning,Android,6.2.0,Local_SmallSeller,East,20.0,1,446,6,0,0.0,4310,5,0,False,Returning,False
ORD1050257,U190394,2024-09-18 07:45:52,Tier 3,587911,6070,6900,830,0,Electronics,CoD,Morning,Android,6.2.0,Marketplace_3P,North,19.0,2,901,12,5,0.417,16390,4,4,False,Returning,False
ORD1241131,U206847,2024-09-18 08:28:44,Tier 3,346854,1590,1900,310,0,Beauty,Prepaid,Morning,Android,6.3.1,Marketplace_3P,North,58.9,1,341,2,1,0.5,890,1,1,False,Returning,False
ORD1395089,U216412,2024-09-18 08:52:20,Tier 1,685932,3530,3560,30,0,Home & Kitchen,Prepaid,Morning,Android,6.4.0,Marketplace_3P,Central,9.4,1,1141,10,1,0.1,3320,2,1,False,Returning,False
ORD1040960,U149819,2024-09-18 12:06:30,Tier 1,451239,11080,12120,1040,0,Appliances,Prepaid,Afternoon,iOS,6.4.0,Marketplace_3P,West,8.7,1,1309,15,5,0.333,38200,4,4,False,Returning,False
ORD1258404,U219910,2024-09-18 17:07:50,Tier 2,789699,1650,1930,280,0,Grocery,CoD,Evening,Android,6.5.2,Flagship_1P,South,20.6,1,80,2,0,0.0,6480,2,0,False,Returning,False
ORD1075847,U128763,2024-09-18 22:28:40,Tier 2,725689,1680,1730,50,0,Beauty,Prepaid,Late_Night,Android,6.2.0,Flagship_1P,East,12.1,1,1132,12,0,0.0,31980,9,0,False,Returning,False
ORD1302807,U188754,2024-09-19 02:07:57,Tier 2,854873,710,780,70,0,Toys,CoD,Late_Night,Android,6.5.2,Flagship_1P,North,1.5,1,366,6,0,0.0,11250,2,0,False,Returning,False
ORD1431119,U125249,2024-09-19 05:45:21,Tier 2,204860,9900,12280,2380,0,Electronics,Prepaid,Morning,Android,6.4.0,Flagship_1P,South,12.0,2,1095,23,2,0.087,28280,6,2,False,Returning,False
ORD1031246,U126552,2024-09-19 08:11:17,Tier 2,144541,2530,3020,490,0,Home & Kitchen,Prepaid,Morning,iOS,6.3.1,Local_SmallSeller,South,4.0,1,795,9,0,0.0,23580,5,0,False,Returning,False
ORD1440280,U154687,2024-09-19 12:02:33,Tier 1,708607,490,650,160,60,Fashion,Prepaid,Afternoon,Android,6.4.0,Flagship_1P,South,1.3,1,1018,15,1,0.067,15560,7,1,False,Returning,True
ORD1169406,U103274,2024-09-19 13:14:49,Tier 2,276775,3920,5130,1210,0,Electronics,CoD,Afternoon,Android,7.0.0,Flagship_1P,East,11.5,3,365,5,0,0.0,4890,4,0,False,Returning,False
ORD1091846,U168621,2024-09-19 13:44:31,Tier 2,212523,370,480,110,40,Books,Prepaid,Afternoon,Android,6.2.0,Marketplace_3P,East,4.9,2,581,8,2,0.25,12340,2,1,False,Returning,False
ORD1315127,U203349,2024-09-19 14:46:30,Tier 1,667577,1280,1480,200,0,Footwear,Prepaid,Afternoon,Android,6.5.2,Marketplace_3P,South,3.1,1,1115,18,3,0.167,19330,8,3,False,Returning,False
ORD1217456,U166103,2024-09-19 15:04:08,Tier 2,593622,10600,10610,10,0,Mobiles,Prepaid,Afternoon,Android,7.0.0,Local_SmallSeller,North,30.7,1,109,2,0,0.0,1140,2,0,False,Returning,True
ORD1139207,U178021,2024-09-19 17:53:54,Tier 1,401224,890,1120,230,0,Fashion,Prepaid,Evening,iOS,6.2.0,Flagship_1P,South,4.1,3,1175,13,0,0.0,7260,10,0,False,Returning,False
ORD1021678,U110136,2024-09-19 18:11:36,Tier 1,733794,700,860,160,0,Beauty,CoD,Evening,Android,6.2.0,Flagship_1P,North,3.5,3,415,3,0,0.0,14970,2,0,False,Returning,False
ORD1421151,U118992,2024-09-19 19:30:19,Tier 2,161182,10680,12170,1490,0,Appliances,Prepaid,Evening,Android,6.3.1,Marketplace_3P,North,4.6,3,116,2,2,1.0,2860,1,1,False,Returning,False
ORD1224051,U157959,2024-09-19 19:46:31,Tier 2,388567,9890,11560,1670,0,Mobiles,Prepaid,Evening,iOS,6.2.0,Local_SmallSeller,West,12.1,1,1471,23,8,0.348,65420,18,8,False,Returning,False
ORD1478226,U198993,2024-09-19 20:36:19,Tier 2,698601,1510,1510,0,0,Beauty,Prepaid,Evening,iOS,6.5.2,Flagship_1P,North,15.3,1,410,6,3,0.5,9640,3,2,False,Returning,False
ORD1351444,U155693,2024-09-19 22:05:47,Tier 1,251918,6480,7570,1090,0,Electronics,CoD,Late_Night,Android,6.4.0,Marketplace_3P,South,9.3,1,973,13,2,0.154,25860,3,2,False,Returning,False
ORD1115839,U199631,2024-09-19 22:28:13,Tier 2,596238,850,880,30,0,Home & Kitchen,Prepaid,Late_Night,Android,6.5.2,Marketplace_3P,Central,8.5,1,397,6,2,0.333,3400,3,2,False,Returning,False
ORD1171315,U130464,2024-09-20 04:26:39,Tier 2,761446,1450,1460,10,0,Footwear,CoD,Late_Night,Android,6.3.1,Marketplace_3P,Central,14.6,1,390,6,1,0.167,9090,5,1,False,Returning,False
ORD1170327,U205728,2024-09-20 10:33:12,Tier 1,196169,12020,12060,40,0,Mobiles,Prepaid,Morning,Android,6.4.0,Marketplace_3P,East,8.2,1,257,4,0,0.0,10740,1,0,False,Returning,False
ORD1097435,U165771,2024-09-20 13:38:02,Tier 2,134104,17950,19940,1990,0,Mobiles,CoD,Afternoon,Android,6.3.1,Marketplace_3P,South,13.7,1,497,10,0,0.0,20170,6,0,False,Returning,False
ORD1290020,U138720,2024-09-20 13:48:55,Tier 1,838529,600,720,120,0,Toys,Prepaid,Afternoon,Android,7.0.0,Marketplace_3P,South,7.7,1,1272,19,6,0.316,46980,12,6,False,Returning,False
ORD1355601,U140675,2024-09-20 15:12:44,Tier 1,722300,2510,2710,200,0,Home & Kitchen,CoD,Afternoon,Android,6.4.0,Marketplace_3P,South,5.5,1,1459,11,2,0.182,20520,5,2,False,Returning,False
ORD1192055,U203696,2024-09-20 18:39:40,Tier 3,160338,240,240,0,40,Grocery,Prepaid,Evening,Android,6.2.0,Marketplace_3P,North,7.6,1,843,10,0,0.0,32990,2,0,False,Returning,False
ORD1407379,U198753,2024-09-20 21:37:57,Tier 2,718535,230,280,50,40,Footwear,Prepaid,Evening,Android,6.3.1,Flagship_1P,Central,14.5,1,1107,17,3,0.176,24960,9,3,False,Returning,False
ORD1247748,U205843,2024-09-21 04:17:00,Tier 2,481145,16510,21850,5340,0,Electronics,CoD,Late_Night,Android,6.2.0,Marketplace_3P,East,10.4,1,1322,13,1,0.077,22430,11,1,False,Returning,False
ORD1247080,U128689,2024-09-21 04:58:26,Tier 3,257026,9190,9820,630,0,Mobiles,CoD,Late_Night,Android,6.4.0,Local_SmallSeller,South,13.1,1,1372,15,1,0.067,15840,3,1,False,Returning,True
ORD1458145,U161615,2024-09-21 06:49:22,Tier 2,762652,1170,1450,280,0,Footwear,Prepaid,Morning,Android,6.4.0,Local_SmallSeller,North,13.6,1,1067,14,0,0.0,16540,7,0,False,Returning,False
ORD1388999,U131352,2024-09-21 08:35:22,Tier 1,750972,3340,3450,110,0,Fashion,Prepaid,Morning,Android,6.4.0,Marketplace_3P,North,7.2,1,1215,12,0,0.0,53790,10,0,False,Returning,True
ORD1131578,U142312,2024-09-21 11:33:19,Tier 2,419680,5330,5400,70,0,Electronics,CoD,Morning,Android,6.2.0,Marketplace_3P,East,26.1,2,395,6,3,0.5,6760,3,2,False,Returning,False
ORD1096151,U185101,2024-09-21 13:45:16,Tier 2,715609,1320,1440,120,0,Grocery,CoD,Afternoon,Android,7.0.0,Marketplace_3P,South,15.2,2,286,5,0,0.0,12530,2,0,False,Returning,True
ORD1409889,U196916,2024-09-21 16:55:33,Tier 2,395628,550,600,50,0,Grocery,CoD,Afternoon,Android,6.2.0,Flagship_1P,Central,5.3,2,394,3,0,0.0,2070,2,0,False,Returning,False
ORD1180580,U165829,2024-09-21 20:33:20,Tier 3,238135,940,1220,280,0,Footwear,Prepaid,Evening,Android,7.0.0,Marketplace_3P,South,31.7,1,751,10,7,0.7,5650,8,4,False,Returning,False
ORD1074697,U139534,2024-09-21 21:52:45,Tier 1,791339,980,1240,260,0,Fashion,CoD,Evening,Android,6.2.0,Local_SmallSeller,South,14.4,1,493,10,1,0.1,7370,5,1,False,Returning,False
ORD1479139,U214956,2024-09-22 00:24:30,Tier 2,738243,6090,7740,1650,0,Appliances,CoD,Late_Night,iOS,7.0.0,Marketplace_3P,North,20.6,1,1172,19,2,0.105,26230,11,2,False,Returning,False
ORD1464252,U186896,2024-09-22 01:30:29,Tier 3,110769,13010,15330,2320,0,Appliances,CoD,Late_Night,Android,6.5.2,Marketplace_3P,East,7.2,2,619,10,5,0.5,18670,7,4,False,Returning,False
ORD1016103,U107595,2024-09-22 01:54:45,Tier 1,845280,16280,18040,1760,0,Electronics,CoD,Late_Night,iOS,6.5.2,Flagship_1P,South,14.6,1,967,16,0,0.0,23770,12,0,False,Returning,False
ORD1395938,U153167,2024-09-22 05:48:31,Tier 1,196450,1230,1410,180,0,Fashion,Prepaid,Morning,Android,6.2.0,Local_SmallSeller,West,10.6,1,1180,14,1,0.071,19850,9,1,False,Returning,False
ORD1107029,U182792,2024-09-22 08:25:11,Tier 2,446061,350,400,50,40,Toys,CoD,Morning,Android,6.2.0,Flagship_1P,South,20.5,1,251,7,2,0.286,11100,2,2,False,Returning,False
ORD1047619,U219211,2024-09-22 10:25:55,Tier 1,589582,12760,14000,1240,0,Mobiles,CoD,Morning,iOS,6.5.2,Flagship_1P,South,10.2,2,1376,22,6,0.273,36250,14,6,False,Returning,False
ORD1246895,U115175,2024-09-22 10:51:03,Tier 3,253447,820,1010,190,0,Books,CoD,Morning,iOS,6.3.1,Flagship_1P,West,29.1,1,1110,16,4,0.25,39620,8,4,False,Returning,False
ORD1122090,U177159,2024-09-22 11:17:14,Tier 3,608266,2960,3570,610,0,Fashion,CoD,Morning,Android,6.2.0,Marketplace_3P,South,25.3,1,1068,5,0,0.0,19490,4,0,False,Returning,True
ORD1498201,U213542,2024-09-22 13:14:25,Tier 2,539145,26870,29270,2400,0,Mobiles,Prepaid,Afternoon,Android,7.0.0,Marketplace_3P,East,23.4,1,837,8,0,0.0,29810,7,0,False,Returning,False
ORD1468588,U196235,2024-09-22 13:45:09,Tier 1,821600,1000,1120,120,0,Grocery,Prepaid,Afternoon,Android,6.5.2,Flagship_1P,North,3.6,1,364,3,1,0.333,2260,1,1,False,Returning,False
ORD1086069,U206710,2024-09-22 14:27:51,Tier 1,587007,590,640,50,0,Grocery,Prepaid,Afternoon,Android,6.3.1,Flagship_1P,East,5.7,2,434,5,1,0.2,2960,3,1,False,Returning,False
ORD1439109,U107145,2024-09-22 14:40:05,Tier 1,688421,3050,4000,950,0,Beauty,Prepaid,Afternoon,Android,6.4.0,Local_SmallSeller,North,1.5,1,461,6,1,0.167,11910,3,1,False,Returning,False
ORD1430993,U138068,2024-09-23 01:28:00,Tier 3,456882,8920,9120,200,0,Appliances,CoD,Late_Night,Android,6.2.0,Local_SmallSeller,East,12.8,2,1480,23,10,0.435,43990,20,10,False,Returning,False
ORD1434770,U135784,2024-09-23 04:57:59,Tier 3,661774,15970,20510,4540,0,Electronics,CoD,Late_Night,Android,6.3.1,Marketplace_3P,South,23.4,1,1444,18,1,0.056,71820,6,1,False,Returning,True
ORD1069262,U214452,2024-09-23 05:13:36,Tier 2,156035,800,940,140,0,Fashion,CoD,Morning,Android,6.5.2,Marketplace_3P,North,14.6,1,1014,7,2,0.286,450,6,2,False,Returning,False
ORD1461516,U178877,2024-09-23 05:29:09,Tier 3,119902,5380,6070,690,0,Footwear,CoD,Morning,Android,6.5.2,Marketplace_3P,West,34.9,1,911,12,0,0.0,16090,9,0,False,Returning,False
ORD1024472,U131950,2024-09-23 06:50:32,Tier 1,253071,700,750,50,0,Beauty,Prepaid,Morning,Android,6.5.2,Marketplace_3P,Central,11.2,1,940,6,0,0.0,5710,4,0,False,Returning,False
ORD1235358,U104681,2024-09-23 08:57:27,Tier 1,751493,2670,3520,850,0,Fashion,Prepaid,Morning,Android,6.2.0,Local_SmallSeller,South,5.6,1,256,5,0,0.0,3970,3,0,False,Returning,False
ORD1211817,U196495,2024-09-23 15:48:15,Tier 1,216535,10860,11460,600,0,Electronics,Prepaid,Afternoon,iOS,6.4.0,Local_SmallSeller,South,4.0,1,1202,10,5,0.5,1330,8,5,False,Returning,False
ORD1313872,U109020,2024-09-23 16:26:12,Tier 1,342116,840,920,80,0,Grocery,Prepaid,Afternoon,iOS,6.4.0,Marketplace_3P,South,1.6,1,883,9,3,0.333,27640,2,1,False,Returning,False
ORD1151232,U116395,2024-09-23 21:58:24,Tier 1,692828,1010,1220,210,0,Footwear,Prepaid,Evening,Android,6.3.1,Marketplace_3P,East,7.9,1,686,4,1,0.25,13870,1,1,False,Returning,False
ORD1163635,U207538,2024-09-23 23:07:28,Tier 2,202010,2370,3090,720,0,Fashion,Prepaid,Late_Night,Android,6.5.2,Flagship_1P,West,11.1,1,1318,21,5,0.238,7990,18,5,False,Returning,True
ORD1118635,U178214,2024-09-24 01:33:03,Tier 2,442446,740,840,100,0,Grocery,Prepaid,Late_Night,iOS,7.0.0,Flagship_1P,West,3.1,1,603,7,4,0.571,2180,2,2,False,Returning,False
ORD1308819,U121790,2024-09-24 05:47:06,Tier 1,374645,5890,6120,230,0,Mobiles,CoD,Morning,Android,6.3.1,Marketplace_3P,North,3.3,1,1443,24,5,0.208,22430,17,5,False,Returning,True
ORD1361964,U177988,2024-09-24 06:08:09,Tier 2,709971,1790,2280,490,0,Footwear,CoD,Morning,Android,6.3.1,Flagship_1P,East,4.2,1,1152,20,14,0.7,14820,13,7,False,Returning,False
ORD1215865,U171409,2024-09-24 06:22:11,Tier 1,726151,3800,4000,200,0,Home & Kitchen,CoD,Morning,Android,6.4.0,Local_SmallSeller,South,18.5,2,1182,18,2,0.111,44230,12,2,False,Returning,True
ORD1149497,U119734,2024-09-24 08:06:09,Tier 2,754714,2630,3110,480,0,Footwear,CoD,Morning,Android,7.0.0,Marketplace_3P,West,9.7,1,1179,11,2,0.182,18460,6,2,False,Returning,False
ORD1442629,U149808,2024-09-24 08:08:31,Tier 3,476041,460,570,110,40,Grocery,CoD,Morning,Android,6.3.1,Flagship_1P,South,21.8,1,228,4,0,0.0,4320,1,0,False,Returning,False
ORD1313755,U139054,2024-09-24 09:20:41,Tier 1,426529,10740,12300,1560,0,Mobiles,Prepaid,Morning,Android,6.4.0,Local_SmallSeller,West,2.4,3,1061,15,1,0.067,21900,7,1,False,Returning,False
ORD1391159,U213497,2024-09-24 10:55:33,Tier 2,172207,13580,14270,690,0,Mobiles,CoD,Morning,Android,6.4.0,Marketplace_3P,East,10.6,1,730,10,1,0.1,13770,2,1,False,Returning,True
ORD1241149,U145561,2024-09-24 12:17:53,Tier 2,604040,720,790,70,0,Footwear,Prepaid,Afternoon,iOS,6.4.0,Local_SmallSeller,South,3.7,1,1287,17,3,0.176,55210,15,3,False,Returning,False
ORD1357480,U208266,2024-09-24 13:46:27,Tier 1,644652,7570,8810,1240,0,Mobiles,Prepaid,Afternoon,Android,6.5.2,Flagship_1P,West,26.3,1,629,11,3,0.273,12270,3,3,False,Returning,False
ORD1375967,U111979,2024-09-24 15:27:55,Tier 1,507941,970,1270,300,0,Grocery,Prepaid,Afternoon,Android,7.0.0,Local_SmallSeller,East,13.4,3,969,9,3,0.333,5180,3,2,False,Returning,False
ORD1046746,U209780,2024-09-24 15:41:44,Tier 1,283218,6980,8940,1960,0,Electronics,Prepaid,Afternoon,Android,6.3.1,Flagship_1P,Central,16.1,1,874,4,0,0.0,13720,2,0,False,Returning,False
ORD1138916,U109936,2024-09-24 18:04:06,Tier 1,803937,1660,1930,270,0,Electronics,CoD,Evening,iOS,6.3.1,Marketplace_3P,North,6.3,1,47,2,0,0.0,2830,1,0,False,Returning,False
ORD1497652,U184238,2024-09-25 03:34:29,Tier 1,573612,1550,1590,40,0,Footwear,Prepaid,Late_Night,Android,6.5.2,Marketplace_3P,North,8.2,2,1162,11,1,0.091,24860,5,1,False,Returning,False
ORD1236902,U192702,2024-09-25 11:56:29,Tier 2,611912,6770,8510,1740,0,Mobiles,CoD,Morning,iOS,6.4.0,Marketplace_3P,Central,13.7,1,1487,16,2,0.125,23170,7,2,False,Returning,False
ORD1264448,U134589,2024-09-25 12:45:36,Tier 1,477416,5480,6890,1410,0,Electronics,CoD,Afternoon,Android,6.4.0,Flagship_1P,West,3.2,1,310,6,0,0.0,5140,3,0,False,Returning,False
ORD1255341,U101112,2024-09-25 13:06:29,Tier 3,720646,2790,3330,540,0,Footwear,Prepaid,Afternoon,Android,6.5.2,Marketplace_3P,South,10.3,1,289,4,0,0.0,750,2,0,False,Returning,False
ORD1336915,U130996,2024-09-25 17:56:14,Tier 1,559963,440,570,130,0,Grocery,Prepaid,Evening,Android,6.5.2,Marketplace_3P,East,2.4,1,528,7,4,0.571,25250,3,2,False,Returning,False
ORD1459948,U208248,2024-09-25 18:36:02,Tier 2,751649,5340,5840,500,0,Electronics,CoD,Evening,Android,7.0.0,Marketplace_3P,East,6.0,1,1119,15,7,0.467,7600,8,7,False,Returning,False
ORD1209561,U131433,2024-09-25 18:51:36,Tier 1,137801,3530,3990,460,0,Electronics,CoD,Evening,Android,6.4.0,Marketplace_3P,South,1.8,1,164,2,1,0.5,2370,1,1,False,Returning,True
ORD1185167,U128386,2024-09-25 19:45:20,Tier 1,170962,2550,3350,800,0,Fashion,CoD,Evening,Android,7.0.0,Marketplace_3P,West,10.0,2,1342,16,5,0.312,3100,10,5,False,Returning,False
ORD1239271,U173675,2024-09-25 20:19:23,Tier 1,288317,2670,3340,670,0,Home & Kitchen,CoD,Evening,Android,6.5.2,Flagship_1P,West,5.5,1,44,2,0,0.0,11210,1,0,False,Returning,False
ORD1069271,U165771,2024-09-25 20:20:37,Tier 2,130121,1520,1740,220,0,Fashion,Prepaid,Evening,Android,7.0.0,Marketplace_3P,South,24.4,1,497,10,0,0.0,20170,6,0,False,Returning,False
ORD1367675,U194131,2024-09-25 20:44:28,Tier 2,759873,730,760,30,0,Beauty,CoD,Evening,Android,6.3.1,Flagship_1P,Central,4.5,1,394,8,0,0.0,18090,3,0,False,Returning,False
ORD1101295,U197892,2024-09-25 22:19:53,Tier 1,306928,3350,3730,380,0,Electronics,Prepaid,Late_Night,Android,6.5.2,Marketplace_3P,West,11.9,2,691,15,4,0.267,26520,13,4,False,Returning,False
ORD1310095,U137923,2024-09-25 22:38:18,Tier 2,480771,550,550,0,0,Grocery,CoD,Late_Night,iOS,6.2.0,Marketplace_3P,West,4.6,1,82,2,1,0.5,2260,1,1,False,Returning,False
ORD1258219,U132283,2024-09-25 23:36:52,Tier 2,790610,1610,2020,410,0,Home & Kitchen,CoD,Late_Night,Android,6.5.2,Flagship_1P,South,27.7,1,1435,17,3,0.176,23410,14,3,False,Returning,False
ORD1052589,U170727,2024-09-25 23:43:11,Tier 3,380991,1740,2190,450,0,Beauty,CoD,Late_Night,Android,6.4.0,Marketplace_3P,North,12.7,1,691,10,2,0.2,7850,3,2,False,Returning,True
ORD1427989,U191490,2024-09-26 00:15:50,Tier 3,373293,1940,2410,470,0,Beauty,Prepaid,Late_Night,Android,6.2.0,Marketplace_3P,West,28.0,1,776,9,1,0.111,28390,4,1,False,Returning,False
ORD1462341,U202372,2024-09-26 01:10:22,Tier 3,325774,2780,3280,500,0,Home & Kitchen,CoD,Late_Night,Android,6.3.1,Flagship_1P,West,5.4,1,413,10,4,0.4,20090,7,4,False,Returning,False
ORD1021853,U133413,2024-09-26 03:20:27,Tier 1,190749,840,900,60,0,Grocery,Prepaid,Late_Night,Android,6.5.2,Marketplace_3P,North,11.6,1,1428,13,6,0.462,11960,11,6,False,Returning,False
ORD1285437,U141328,2024-09-26 04:05:48,Tier 3,792331,1300,1400,100,0,Home & Kitchen,CoD,Late_Night,Android,6.2.0,Flagship_1P,East,7.9,1,1382,19,1,0.053,37550,10,1,False,Returning,True
ORD1116115,U110925,2024-09-26 04:25:32,Tier 2,674827,3590,4570,980,0,Footwear,Prepaid,Late_Night,Android,7.0.0,Local_SmallSeller,Central,13.8,1,1127,10,3,0.3,9450,8,3,False,Returning,False
ORD1216610,U111579,2024-09-26 04:27:53,Tier 3,723505,3620,4770,1150,0,Electronics,CoD,Late_Night,Android,6.4.0,Marketplace_3P,South,16.6,2,1138,15,5,0.333,28700,12,5,False,Returning,False
ORD1385140,U213469,2024-09-26 05:10:48,Tier 2,699306,2090,2510,420,0,Home & Kitchen,CoD,Morning,iOS,6.4.0,Flagship_1P,East,2.6,1,153,3,2,0.667,5340,1,1,False,Returning,False
ORD1459702,U171548,2024-09-26 05:59:35,Tier 1,572224,3300,4050,750,0,Fashion,Prepaid,Morning,Android,6.4.0,Marketplace_3P,North,4.4,1,183,4,1,0.25,7920,2,1,False,Returning,False
ORD1455249,U181107,2024-09-26 06:11:48,Tier 1,559007,2580,3200,620,0,Footwear,Prepaid,Morning,Android,6.4.0,Flagship_1P,West,21.2,1,1129,16,6,0.375,12110,8,6,False,Returning,False
ORD1139915,U100495,2024-09-26 10:10:02,Tier 1,464313,15280,17420,2140,0,Mobiles,CoD,Morning,Android,6.4.0,Flagship_1P,North,9.8,1,619,5,0,0.0,7230,4,0,False,Returning,False
ORD1300839,U135390,2024-09-26 10:35:59,Tier 1,362208,580,690,110,0,Grocery,CoD,Morning,Android,6.4.0,Local_SmallSeller,East,10.0,1,1376,9,1,0.111,10100,2,1,False,Returning,False
ORD1289212,U192674,2024-09-26 11:43:01,Tier 1,582970,780,980,200,0,Fashion,Prepaid,Morning,Android,7.0.0,Flagship_1P,South,4.2,1,412,5,1,0.2,2020,4,1,False,Returning,False
ORD1393617,U178733,2024-09-26 13:22:57,Tier 2,469424,7770,8530,760,0,Electronics,CoD,Afternoon,iOS,6.3.1,Marketplace_3P,East,6.8,1,941,15,1,0.067,48590,4,1,False,Returning,True
ORD1386634,U184288,2024-09-26 13:31:52,Tier 2,611724,1140,1430,290,0,Toys,CoD,Afternoon,Android,6.5.2,Local_SmallSeller,North,11.7,2,1433,14,1,0.071,24430,7,1,False,Returning,False
ORD1236139,U121781,2024-09-26 21:18:52,Tier 2,850998,290,290,0,0,Toys,Prepaid,Evening,Android,6.4.0,Marketplace_3P,Central,18.4,3,34,1,0,0.0,930,1,0,True,New,False
ORD1040935,U188316,2024-09-26 22:55:14,Tier 2,638471,900,1050,150,0,Beauty,Prepaid,Late_Night,Android,6.5.2,Marketplace_3P,Central,12.1,1,1466,8,0,0.0,48590,5,0,False,Returning,False
ORD1026092,U201393,2024-09-27 00:21:23,Tier 2,801874,7210,9200,1990,0,Mobiles,Prepaid,Late_Night,Android,6.5.2,Flagship_1P,Central,13.3,1,1241,14,0,0.0,23960,4,0,False,Returning,False
ORD1115760,U193468,2024-09-27 03:46:06,Tier 2,141660,1140,1530,390,0,Fashion,Prepaid,Late_Night,Android,6.4.0,Local_SmallSeller,North,13.6,1,1390,15,0,0.0,4150,5,0,False,Returning,False
ORD1241501,U159641,2024-09-27 03:48:44,Tier 2,666564,21210,26410,5200,0,Mobiles,CoD,Late_Night,iOS,6.5.2,Marketplace_3P,Central,13.9,1,1452,19,2,0.105,41230,10,2,False,Returning,False
ORD1204714,U115347,2024-09-27 09:17:27,Tier 2,801521,610,770,160,0,Fashion,Prepaid,Morning,Android,6.5.2,Marketplace_3P,East,24.1,1,523,2,0,0.0,610,1,0,False,Returning,False
ORD1486391,U168348,2024-09-27 13:59:44,Tier 2,628582,1410,1700,290,0,Home & Kitchen,CoD,Afternoon,Android,7.0.0,Marketplace_3P,North,9.5,3,1289,18,5,0.278,15330,10,5,False,Returning,False
ORD1348825,U122755,2024-09-27 16:51:19,Tier 1,385523,1090,1250,160,0,Home & Kitchen,Prepaid,Afternoon,iOS,6.4.0,Marketplace_3P,South,12.4,1,203,3,1,0.333,1930,1,1,False,Returning,False
ORD1458284,U147735,2024-09-27 17:27:19,Tier 3,147835,6280,7250,970,0,Electronics,CoD,Evening,iOS,6.4.0,Local_SmallSeller,East,7.6,1,604,8,1,0.125,8800,7,1,False,Returning,False
ORD1486211,U123923,2024-09-27 19:17:20,Tier 2,177823,1140,1230,90,0,Grocery,CoD,Evening,iOS,6.2.0,Marketplace_3P,Central,11.0,1,35,2,1,0.5,1270,1,1,False,Returning,False
ORD1445338,U141669,2024-09-27 21:08:33,Tier 1,419869,1360,1510,150,0,Books,Prepaid,Evening,iOS,6.5.2,Flagship_1P,East,5.0,1,860,16,7,0.438,12570,7,4,False,Returning,False
ORD1376380,U166114,2024-09-27 22:16:38,Tier 2,769822,35620,35810,190,0,Mobiles,Prepaid,Late_Night,Android,6.3.1,Local_SmallSeller,West,17.7,2,816,10,0,0.0,26200,3,0,False,Returning,False
ORD1401789,U164085,2024-09-28 01:08:50,Tier 1,790476,680,830,150,0,Books,Prepaid,Late_Night,iOS,6.4.0,Marketplace_3P,West,27.2,1,1142,7,2,0.286,8910,5,2,False,Returning,False
ORD1193458,U217205,2024-09-28 01:32:44,Tier 2,353254,2920,3300,380,0,Home & Kitchen,Prepaid,Late_Night,iOS,6.5.2,Flagship_1P,Central,6.7,1,921,13,1,0.077,21100,12,1,False,Returning,False
ORD1338361,U153353,2024-09-28 02:30:29,Tier 1,444591,5330,6490,1160,0,Electronics,CoD,Late_Night,Android,6.4.0,Flagship_1P,East,12.4,1,415,4,0,0.0,4660,3,0,False,Returning,False
ORD1402972,U202591,2024-09-28 06:47:27,Tier 3,605967,1380,1790,410,0,Books,CoD,Morning,Android,6.4.0,Local_SmallSeller,North,28.5,1,659,4,0,0.0,4320,2,0,False,Returning,False
ORD1290622,U187607,2024-09-28 08:05:02,Tier 1,443028,780,880,100,0,Beauty,CoD,Morning,Android,7.0.0,Flagship_1P,South,2.3,1,1337,11,0,0.0,17670,9,0,False,Returning,False
ORD1237874,U163727,2024-09-28 08:24:14,Tier 3,786298,1040,1200,160,0,Toys,CoD,Morning,iOS,6.4.0,Local_SmallSeller,East,23.5,1,1443,18,8,0.444,7220,4,3,False,Returning,False
ORD1367214,U133694,2024-09-28 08:48:31,Tier 2,313009,13540,17140,3600,0,Electronics,CoD,Morning,iOS,6.4.0,Flagship_1P,South,5.1,1,157,3,0,0.0,9000,3,0,False,Returning,False
ORD1236244,U219184,2024-09-28 10:43:54,Tier 3,534118,600,700,100,0,Beauty,CoD,Morning,Android,6.2.0,Marketplace_3P,North,34.9,1,316,6,0,0.0,8270,5,0,False,Returning,False
ORD1235012,U104282,2024-09-28 13:19:51,Tier 2,128756,630,780,150,0,Grocery,CoD,Afternoon,Android,6.4.0,Flagship_1P,South,36.8,2,255,1,0,0.0,4920,0,0,True,New,False
ORD1299302,U174126,2024-09-28 14:38:27,Tier 1,842718,660,870,210,0,Books,Prepaid,Afternoon,Android,6.5.2,Local_SmallSeller,Central,7.5,1,441,11,4,0.364,27880,6,4,False,Returning,False
ORD1030115,U128592,2024-09-28 14:59:20,Tier 2,815752,310,380,70,0,Books,CoD,Afternoon,iOS,6.2.0,Marketplace_3P,North,7.0,2,205,2,0,0.0,1470,2,0,False,Returning,False
ORD1386812,U147810,2024-09-28 15:07:50,Tier 1,779702,3370,3730,360,0,Home & Kitchen,Prepaid,Afternoon,Android,6.3.1,Local_SmallSeller,West,6.4,1,346,1,0,0.0,1800,1,0,True,New,False
ORD1348091,U189111,2024-09-28 17:30:35,Tier 1,428615,920,1220,300,0,Footwear,CoD,Evening,Android,6.2.0,Flagship_1P,West,2.8,1,406,8,2,0.25,5790,3,2,False,Returning,False
ORD1007830,U104792,2024-09-28 18:31:40,Tier 2,817504,800,930,130,0,Grocery,CoD,Evening,Android,6.2.0,Flagship_1P,South,15.9,1,1456,21,2,0.095,9750,11,2,False,Returning,False
ORD1418612,U100680,2024-09-28 20:59:15,Tier 2,714605,7990,10350,2360,0,Electronics,Prepaid,Evening,Android,6.4.0,Local_SmallSeller,North,37.4,1,1085,13,1,0.077,24550,9,1,False,Returning,False
ORD1179829,U133387,2024-09-29 00:10:08,Tier 3,834857,560,710,150,0,Footwear,CoD,Late_Night,Android,6.2.0,Local_SmallSeller,Central,21.0,1,1114,13,5,0.385,48400,9,5,False,Returning,True
ORD1213491,U170092,2024-09-29 01:18:34,Tier 1,651184,960,1000,40,0,Beauty,Prepaid,Late_Night,Android,7.0.0,Marketplace_3P,West,9.1,1,522,8,4,0.5,12880,2,1,False,Returning,False
ORD1284858,U103778,2024-09-29 01:22:12,Tier 3,383354,790,930,140,0,Grocery,CoD,Late_Night,Android,6.5.2,Marketplace_3P,North,22.0,2,1478,14,2,0.143,42000,10,2,False,Returning,True
ORD1187543,U168862,2024-09-29 06:15:23,Tier 1,637812,14140,18900,4760,0,Electronics,Prepaid,Morning,Android,6.3.1,Marketplace_3P,North,14.0,1,1015,8,4,0.5,7550,5,4,False,Returning,False
ORD1298332,U140489,2024-09-29 06:39:05,Tier 1,274708,1740,2210,470,0,Fashion,CoD,Morning,iOS,7.0.0,Marketplace_3P,East,14.9,1,1079,15,0,0.0,35030,10,0,False,Returning,False
ORD1072353,U145219,2024-09-29 10:07:01,Tier 3,152432,2430,3150,720,0,Fashion,CoD,Morning,Android,6.3.1,Marketplace_3P,South,26.8,1,91,1,0,0.0,520,0,0,True,New,False
ORD1111598,U144570,2024-09-29 13:43:45,Tier 2,411689,470,510,40,40,Grocery,CoD,Afternoon,Android,6.4.0,Marketplace_3P,West,8.4,1,648,4,0,0.0,4790,2,0,False,Returning,False
ORD1045192,U135764,2024-09-29 14:30:59,Tier 3,140277,630,720,90,0,Beauty,CoD,Afternoon,Android,6.2.0,Marketplace_3P,South,16.5,2,807,9,2,0.222,6530,4,2,False,Returning,True
ORD1439839,U107713,2024-09-29 14:34:36,Tier 3,424288,3340,4370,1030,0,Fashion,CoD,Afternoon,Android,7.0.0,Marketplace_3P,Central,28.0,1,217,2,0,0.0,4220,0,0,False,Returning,False
ORD1104465,U134300,2024-09-29 15:04:02,Tier 3,571046,710,770,60,0,Books,CoD,Afternoon,Android,6.2.0,Marketplace_3P,East,25.5,2,1310,17,0,0.0,23080,8,0,False,Returning,False
ORD1327329,U134668,2024-09-29 15:34:56,Tier 1,588009,420,460,40,0,Beauty,Prepaid,Afternoon,Android,7.0.0,Flagship_1P,North,4.9,1,41,1,0,0.0,1430,0,0,True,New,False
ORD1126728,U106242,2024-09-29 16:17:40,Tier 2,682171,8090,10670,2580,0,Electronics,CoD,Afternoon,Android,7.0.0,Marketplace_3P,North,8.4,1,1377,15,0,0.0,20080,4,0,False,Returning,False
ORD1194180,U116441,2024-09-29 18:36:19,Tier 2,355031,1490,1770,280,0,Fashion,CoD,Evening,Android,6.3.1,Flagship_1P,East,10.8,1,1423,21,9,0.429,16060,17,9,False,Returning,False
ORD1344263,U106974,2024-09-29 22:18:33,Tier 3,614876,1340,1780,440,0,Fashion,CoD,Late_Night,Android,6.5.2,Marketplace_3P,South,30.5,2,459,3,1,0.333,5730,1,1,False,Returning,False
ORD1263239,U159614,2024-09-29 23:44:05,Tier 2,627276,450,550,100,0,Toys,CoD,Late_Night,Android,7.0.0,Marketplace_3P,North,4.4,1,544,5,2,0.4,2560,4,2,False,Returning,True
ORD1047567,U140407,2024-09-29 23:59:26,Tier 3,763809,960,1000,40,0,Fashion,CoD,Late_Night,Android,7.0.0,Marketplace_3P,Central,22.7,2,875,8,2,0.25,13880,6,2,False,Returning,False
ORD1237536,U209537,2024-09-30 00:12:50,Tier 2,500810,1550,2040,490,0,Beauty,Prepaid,Late_Night,Android,6.4.0,Marketplace_3P,North,6.8,1,746,14,0,0.0,27950,6,0,False,Returning,False
ORD1125495,U210094,2024-09-30 01:45:52,Tier 2,501177,1420,1800,380,0,Fashion,Prepaid,Late_Night,Android,6.5.2,Marketplace_3P,North,7.3,2,1000,10,4,0.4,4300,6,4,False,Returning,False
ORD1191378,U107317,2024-09-30 05:08:04,Tier 1,685188,300,320,20,60,Beauty,Prepaid,Morning,Android,6.3.1,Marketplace_3P,East,4.5,1,1319,15,1,0.067,36540,3,1,False,Returning,False
ORD1130870,U197415,2024-09-30 05:44:05,Tier 3,246956,4110,4340,230,0,Fashion,CoD,Morning,Android,6.3.1,Local_SmallSeller,East,7.1,1,252,2,1,0.5,2620,1,1,False,Returning,True
ORD1254967,U178560,2024-09-30 07:17:03,Tier 1,768469,14770,18170,3400,0,Electronics,CoD,Morning,Android,6.2.0,Local_SmallSeller,North,1.5,1,1051,14,6,0.429,3720,10,6,False,Returning,False
ORD1462021,U142567,2024-09-30 07:45:05,Tier 2,399707,670,880,210,0,Fashion,Prepaid,Morning,iOS,6.4.0,Flagship_1P,North,13.0,2,792,9,3,0.333,8410,5,3,False,Returning,False
ORD1361283,U144207,2024-09-30 07:53:13,Tier 3,442741,6160,8310,2150,0,Electronics,CoD,Morning,Android,6.2.0,Local_SmallSeller,West,28.3,1,1493,16,5,0.312,10520,6,5,False,Returning,False
ORD1276407,U102350,2024-09-30 10:01:29,Tier 1,796693,750,830,80,0,Grocery,Prepaid,Morning,Android,6.2.0,Flagship_1P,West,3.6,1,808,9,5,0.556,16030,2,2,False,Returning,False
ORD1129438,U113817,2024-09-30 10:02:17,Tier 1,300145,570,580,10,0,Beauty,CoD,Morning,Android,6.2.0,Local_SmallSeller,North,3.1,1,992,12,3,0.25,43650,9,3,False,Returning,False
ORD1397270,U152109,2024-09-30 14:31:29,Tier 1,808282,10880,13400,2520,0,Mobiles,Prepaid,Afternoon,iOS,6.4.0,Local_SmallSeller,Central,1.0,1,437,6,0,0.0,5440,2,0,False,Returning,False
ORD1108590,U134422,2024-09-30 14:39:06,Tier 1,472522,12290,13190,900,0,Appliances,CoD,Afternoon,Android,7.0.0,Flagship_1P,Central,3.0,2,1187,11,2,0.182,41240,5,2,False,Returning,False
ORD1433715,U208563,2024-09-30 15:47:28,Tier 2,292056,560,560,0,0,Fashion,CoD,Afternoon,Android,6.5.2,Marketplace_3P,South,1.2,1,840,12,0,0.0,4030,6,0,False,Returning,False
ORD1161819,U152694,2024-09-30 16:18:21,Tier 2,292957,8930,11240,2310,0,Appliances,CoD,Afternoon,Android,6.2.0,Flagship_1P,North,12.6,1,286,7,2,0.286,5760,2,1,False,Returning,False
ORD1125366,U129291,2024-09-30 16:33:09,Tier 2,503331,1550,1930,380,0,Grocery,Prepaid,Afternoon,Android,6.3.1,Marketplace_3P,West,4.6,1,114,1,1,1.0,180,1,1,True,New,False
ORD1122989,U151079,2024-09-30 18:50:53,Tier 3,201825,14440,19460,5020,0,Electronics,Prepaid,Evening,Android,7.0.0,Flagship_1P,South,13.1,1,1228,8,3,0.375,7240,4,3,False,Returning,False
ORD1131617,U212523,2024-09-30 23:36:20,Tier 3,158740,3250,4090,840,0,Footwear,Prepaid,Late_Night,iOS,6.2.0,Marketplace_3P,South,18.7,1,1316,7,1,0.143,3620,5,1,False,Returning,False
ORD1311344,U163483,2024-10-01 02:34:51,Tier 1,252289,2510,3250,740,0,Footwear,Prepaid,Late_Night,Android,6.3.1,Marketplace_3P,Central,5.0,1,1459,18,0,0.0,39990,16,0,False,Returning,False
ORD1002997,U119817,2024-10-01 03:34:33,Tier 3,833951,5170,5780,610,0,Fashion,CoD,Late_Night,Android,6.4.0,Local_SmallSeller,Central,23.3,1,1255,13,1,0.077,39600,11,1,False,Returning,True
ORD1186603,U203984,2024-10-01 06:48:01,Tier 1,773399,2540,3320,780,0,Home & Kitchen,Prepaid,Morning,Android,7.0.0,Marketplace_3P,Central,19.0,1,902,10,2,0.2,30720,8,2,False,Returning,False
ORD1348770,U218001,2024-10-01 07:36:11,Tier 1,452012,1300,1700,400,0,Footwear,CoD,Morning,Android,6.3.1,Local_SmallSeller,East,5.6,1,341,9,3,0.333,9710,4,3,False,Returning,False
ORD1454468,U101749,2024-10-01 08:23:55,Tier 2,740119,2820,3730,910,0,Fashion,CoD,Morning,Android,6.2.0,Marketplace_3P,West,25.1,1,1079,7,1,0.143,7730,3,1,False,Returning,False
ORD1230882,U104656,2024-10-01 09:36:26,Tier 2,387885,1440,1520,80,0,Fashion,CoD,Morning,iOS,7.0.0,Marketplace_3P,West,6.7,1,200,5,2,0.4,5730,1,1,False,Returning,False
ORD1214261,U194907,2024-10-01 10:22:46,Tier 2,118142,8460,10500,2040,0,Electronics,CoD,Morning,Android,6.5.2,Marketplace_3P,North,4.2,2,208,4,0,0.0,11210,2,0,False,Returning,False
ORD1169554,U117539,2024-10-01 15:55:26,Tier 2,625605,28570,33770,5200,0,Mobiles,Prepaid,Afternoon,iOS,6.4.0,Marketplace_3P,East,42.6,1,1427,15,4,0.267,19360,10,4,False,Returning,False
ORD1278537,U138193,2024-10-01 21:16:38,Tier 1,373706,12030,15370,3340,0,Electronics,Prepaid,Evening,Android,6.3.1,Marketplace_3P,North,6.6,1,83,1,0,0.0,3970,0,0,True,New,False
ORD1156064,U125165,2024-10-02 01:55:17,Tier 3,785680,9660,12150,2490,0,Mobiles,CoD,Late_Night,iOS,6.2.0,Flagship_1P,West,52.2,1,447,5,1,0.2,7390,1,1,False,Returning,False
ORD1016808,U200808,2024-10-02 02:42:40,Tier 3,332004,4750,5890,1140,0,Electronics,Prepaid,Late_Night,Android,6.3.1,Marketplace_3P,West,15.1,1,1311,12,2,0.167,8360,9,2,False,Returning,False
ORD1047885,U207419,2024-10-02 04:15:07,Tier 2,448141,2690,3290,600,0,Fashion,CoD,Late_Night,Android,6.4.0,Local_SmallSeller,North,10.5,1,29,2,1,0.5,650,2,1,False,Returning,True
ORD1120514,U183319,2024-10-02 06:07:42,Tier 1,457314,5290,5490,200,0,Electronics,Prepaid,Morning,iOS,6.5.2,Marketplace_3P,Central,2.5,1,1465,15,3,0.2,7350,4,2,False,Returning,False
ORD1438888,U198835,2024-10-02 06:22:09,Tier 3,780419,2710,2820,110,0,Home & Kitchen,CoD,Morning,Android,7.0.0,Marketplace_3P,South,20.8,1,731,13,3,0.231,89990,11,3,False,Returning,True
ORD1453906,U148731,2024-10-02 06:54:01,Tier 2,434429,11710,14090,2380,0,Appliances,Prepaid,Morning,Android,7.0.0,Marketplace_3P,South,2.7,1,1369,12,0,0.0,42880,6,0,False,Returning,True
ORD1099873,U183492,2024-10-02 07:20:47,Tier 3,267792,1230,1360,130,0,Footwear,CoD,Morning,Android,7.0.0,Local_SmallSeller,West,16.6,2,574,8,4,0.5,11050,3,2,False,Returning,False
ORD1459311,U157827,2024-10-02 07:43:35,Tier 1,802746,340,400,60,0,Toys,Prepaid,Morning,Android,7.0.0,Flagship_1P,North,21.2,1,1365,15,2,0.133,2640,7,2,False,Returning,False
ORD1121554,U107467,2024-10-02 14:00:04,Tier 3,666511,1650,1870,220,0,Toys,CoD,Afternoon,iOS,6.3.1,Marketplace_3P,West,9.3,1,869,11,7,0.636,10470,8,7,False,Returning,False
ORD1279826,U117295,2024-10-02 14:24:23,Tier 1,248799,18320,19110,790,0,Mobiles,Prepaid,Afternoon,Android,7.0.0,Marketplace_3P,Central,3.5,1,624,9,0,0.0,35770,7,0,False,Returning,False
ORD1174196,U106591,2024-10-02 17:04:56,Tier 2,167332,4000,5180,1180,0,Home & Kitchen,Prepaid,Evening,Android,6.2.0,Flagship_1P,South,17.4,1,1449,11,0,0.0,30750,8,0,False,Returning,False
ORD1303684,U138860,2024-10-02 17:16:59,Tier 3,363235,1320,1550,230,0,Fashion,CoD,Evening,Android,7.0.0,Marketplace_3P,North,11.5,1,508,11,0,0.0,6590,5,0,False,Returning,False
ORD1186373,U198830,2024-10-02 18:04:59,Tier 1,575176,1350,1390,40,0,Grocery,Prepaid,Evening,iOS,6.4.0,Marketplace_3P,North,4.4,1,708,7,1,0.143,11710,4,1,False,Returning,False
ORD1213967,U126182,2024-10-02 18:58:06,Tier 2,675496,3190,3550,360,0,Home & Kitchen,CoD,Evening,Android,6.3.1,Local_SmallSeller,South,9.5,1,1035,16,1,0.062,64780,4,1,False,Returning,False
ORD1313007,U185732,2024-10-02 20:18:25,Tier 2,478917,12770,17010,4240,0,Electronics,Prepaid,Evening,Android,6.3.1,Flagship_1P,Central,28.0,2,1490,21,5,0.238,92480,13,5,False,Returning,False
ORD1430506,U162422,2024-10-02 22:46:09,Tier 3,228704,660,790,130,0,Grocery,CoD,Late_Night,Android,6.5.2,Marketplace_3P,South,22.0,1,988,14,1,0.071,6830,4,1,False,Returning,False
ORD1108095,U213990,2024-10-03 00:11:42,Tier 1,291682,440,590,150,40,Beauty,Prepaid,Late_Night,Android,6.5.2,Marketplace_3P,North,11.8,2,189,5,0,0.0,9360,2,0,False,Returning,False
ORD1497820,U172832,2024-10-03 01:11:13,Tier 1,367428,940,1040,100,0,Grocery,Prepaid,Late_Night,iOS,6.4.0,Local_SmallSeller,West,3.6,3,1085,12,1,0.083,33840,3,1,False,Returning,False
ORD1305068,U139281,2024-10-03 01:13:56,Tier 1,472877,800,1040,240,0,Grocery,Prepaid,Late_Night,Android,6.5.2,Local_SmallSeller,Central,7.4,1,650,5,0,0.0,1150,3,0,False,Returning,False
ORD1041729,U182734,2024-10-03 04:53:15,Tier 1,194677,9350,9840,490,0,Electronics,CoD,Late_Night,Android,6.4.0,Flagship_1P,South,10.0,1,301,10,1,0.1,3650,8,1,False,Returning,False
ORD1116620,U200075,2024-10-03 10:44:17,Tier 3,448088,6090,7500,1410,0,Electronics,CoD,Morning,Android,6.2.0,Marketplace_3P,Central,7.0,1,402,6,0,0.0,3740,2,0,False,Returning,False
ORD1395650,U187351,2024-10-03 12:59:51,Tier 2,541046,1270,1500,230,0,Home & Kitchen,Prepaid,Afternoon,iOS,6.3.1,Local_SmallSeller,East,19.9,3,519,11,3,0.273,25110,5,3,False,Returning,True
ORD1328660,U128019,2024-10-03 13:32:51,Tier 2,212410,1910,2510,600,0,Footwear,CoD,Afternoon,Android,7.0.0,Flagship_1P,East,3.6,1,251,4,2,0.5,9820,1,1,False,Returning,True
ORD1054363,U205850,2024-10-03 17:53:29,Tier 2,769513,14630,19190,4560,0,Appliances,CoD,Evening,Android,6.3.1,Marketplace_3P,East,20.7,1,1428,20,6,0.3,13820,14,6,False,Returning,False
ORD1317555,U187468,2024-10-03 20:26:55,Tier 1,837959,11630,15440,3810,0,Appliances,CoD,Evening,Android,6.4.0,Flagship_1P,Central,8.8,1,1249,13,3,0.231,16730,10,3,False,Returning,False
ORD1226181,U164059,2024-10-03 22:07:02,Tier 1,537427,14640,14670,30,0,Electronics,Prepaid,Late_Night,Android,6.4.0,Flagship_1P,West,9.5,1,495,11,2,0.182,25170,9,2,False,Returning,False
ORD1004767,U165211,2024-10-03 23:55:58,Tier 2,216381,9240,12040,2800,0,Mobiles,CoD,Late_Night,iOS,6.5.2,Local_SmallSeller,East,13.9,1,1224,14,1,0.071,25000,10,1,False,Returning,False
ORD1432270,U115408,2024-10-04 00:40:04,Tier 3,721969,1390,1770,380,0,Grocery,Prepaid,Late_Night,Android,6.5.2,Local_SmallSeller,South,24.1,3,641,9,1,0.111,3890,6,1,False,Returning,False
ORD1416798,U122985,2024-10-04 01:44:11,Tier 2,599106,1030,1190,160,0,Toys,CoD,Late_Night,Android,6.5.2,Local_SmallSeller,West,13.1,1,1463,16,3,0.188,25020,7,3,False,Returning,False
ORD1063875,U142661,2024-10-04 04:58:37,Tier 1,117276,2820,3200,380,0,Beauty,Prepaid,Late_Night,Android,6.5.2,Local_SmallSeller,South,12.2,1,19,2,0,0.0,400,1,0,False,Returning,False
ORD1147438,U121452,2024-10-04 05:58:48,Tier 1,526027,15610,15680,70,0,Electronics,Prepaid,Morning,Android,6.5.2,Flagship_1P,West,2.3,1,1080,16,5,0.312,15780,9,5,False,Returning,False
ORD1399434,U188139,2024-10-04 08:48:16,Tier 1,310337,630,700,70,0,Home & Kitchen,CoD,Morning,Android,6.2.0,Local_SmallSeller,Central,7.8,1,820,9,3,0.333,10050,5,3,False,Returning,False
ORD1191235,U111538,2024-10-04 09:44:15,Tier 2,181322,5500,7130,1630,0,Electronics,CoD,Morning,Android,6.4.0,Local_SmallSeller,East,2.1,1,1119,11,3,0.273,18920,3,3,False,Returning,False
ORD1095036,U181652,2024-10-04 10:42:50,Tier 1,301931,3970,4410,440,0,Home & Kitchen,Prepaid,Morning,Android,6.3.1,Marketplace_3P,East,14.3,1,200,5,1,0.2,2260,3,1,False,Returning,False
ORD1336121,U197497,2024-10-04 11:37:21,Tier 3,515570,270,270,0,60,Books,CoD,Morning,iOS,7.0.0,Flagship_1P,South,3.6,2,1484,17,5,0.294,13880,8,5,False,Returning,False
ORD1307938,U178106,2024-10-04 12:21:17,Tier 2,658305,7410,7980,570,0,Mobiles,Prepaid,Afternoon,Android,6.4.0,Marketplace_3P,East,27.9,1,1118,5,3,0.6,150,3,3,False,Returning,False
ORD1082082,U208426,2024-10-04 12:23:25,Tier 2,445451,2830,2840,10,0,Appliances,CoD,Afternoon,Android,6.5.2,Local_SmallSeller,South,6.6,2,292,5,3,0.6,15010,4,3,False,Returning,False
ORD1045570,U214590,2024-10-04 13:33:10,Tier 3,541803,1510,1550,40,0,Fashion,Prepaid,Afternoon,Android,6.3.1,Marketplace_3P,South,24.6,1,91,2,0,0.0,7240,1,0,False,Returning,False
ORD1156905,U149920,2024-10-04 15:20:13,Tier 3,676897,2340,2470,130,0,Footwear,Prepaid,Afternoon,Android,6.5.2,Local_SmallSeller,East,42.3,1,283,3,0,0.0,21380,2,0,False,Returning,False
ORD1424412,U152913,2024-10-04 16:59:24,Tier 3,675079,1370,1490,120,0,Fashion,Prepaid,Afternoon,Android,6.3.1,Marketplace_3P,Central,29.4,2,994,8,3,0.375,16610,4,3,False,Returning,True
ORD1458065,U193517,2024-10-04 19:43:16,Tier 2,235671,860,890,30,0,Grocery,Prepaid,Evening,iOS,6.4.0,Marketplace_3P,Central,4.9,1,677,7,0,0.0,19720,6,0,False,Returning,False
ORD1287795,U109298,2024-10-04 22:35:18,Tier 1,381300,7490,9880,2390,0,Mobiles,Prepaid,Late_Night,Android,6.3.1,Marketplace_3P,North,11.4,1,696,9,1,0.111,3470,7,1,False,Returning,True
ORD1065980,U105146,2024-10-05 03:57:25,Tier 2,460849,220,230,10,0,Books,Prepaid,Late_Night,Android,7.0.0,Flagship_1P,Central,6.8,3,713,15,1,0.067,59030,8,1,False,Returning,False
ORD1247491,U158036,2024-10-05 05:26:16,Tier 1,362618,2120,2840,720,0,Fashion,CoD,Morning,Android,6.5.2,Flagship_1P,North,5.8,1,237,5,0,0.0,23490,2,0,False,Returning,False
ORD1160158,U102572,2024-10-05 06:47:02,Tier 1,520431,1040,1370,330,0,Footwear,Prepaid,Morning,Android,6.2.0,Flagship_1P,Central,8.2,1,1096,14,5,0.357,16660,8,5,False,Returning,False
ORD1052548,U131983,2024-10-05 06:54:50,Tier 1,125808,5110,6180,1070,0,Appliances,Prepaid,Morning,Android,6.2.0,Flagship_1P,West,5.1,1,516,3,1,0.333,3670,1,1,False,Returning,False
ORD1306241,U209143,2024-10-05 07:50:57,Tier 1,116236,550,590,40,0,Books,Prepaid,Morning,Android,7.0.0,Marketplace_3P,North,8.6,1,1440,11,4,0.364,10860,6,4,False,Returning,False
ORD1078896,U120598,2024-10-05 10:30:46,Tier 2,732415,300,370,70,0,Grocery,CoD,Morning,Android,6.2.0,Marketplace_3P,East,0.5,1,1481,14,6,0.429,14140,3,3,False,Returning,False
ORD1436593,U191392,2024-10-05 13:06:44,Tier 1,204640,10810,12160,1350,0,Mobiles,Prepaid,Afternoon,Android,6.4.0,Marketplace_3P,West,4.9,2,562,10,3,0.3,35980,3,3,False,Returning,False
ORD1130247,U167688,2024-10-05 13:16:15,Tier 2,484983,3790,4130,340,0,Home & Kitchen,CoD,Afternoon,Android,6.3.1,Marketplace_3P,East,7.9,2,901,15,2,0.133,17220,9,2,False,Returning,False
ORD1055447,U193617,2024-10-05 14:46:21,Tier 1,540385,1740,1990,250,0,Home & Kitchen,CoD,Afternoon,Android,6.5.2,Marketplace_3P,Central,4.4,1,314,2,1,0.5,1100,1,1,False,Returning,False
ORD1427853,U188879,2024-10-05 15:41:22,Tier 2,839985,1440,1930,490,0,Fashion,Prepaid,Afternoon,Android,6.2.0,Marketplace_3P,North,10.7,2,1272,12,5,0.417,4770,5,4,False,Returning,False
ORD1129732,U188493,2024-10-05 20:22:11,Tier 2,303646,800,940,140,0,Home & Kitchen,Prepaid,Evening,Android,6.5.2,Local_SmallSeller,West,3.5,1,1481,13,4,0.308,16430,5,3,False,Returning,False
ORD1106059,U144068,2024-10-05 20:36:08,Tier 2,720146,980,1140,160,0,Toys,CoD,Evening,iOS,7.0.0,Local_SmallSeller,East,9.3,1,626,14,6,0.429,20550,3,2,False,Returning,False
ORD1281580,U172763,2024-10-05 21:08:12,Tier 3,604697,3210,3460,250,0,Home & Kitchen,CoD,Evening,Android,7.0.0,Marketplace_3P,South,47.1,1,831,8,1,0.125,6910,2,1,False,Returning,False
ORD1212833,U195862,2024-10-05 21:24:27,Tier 1,647344,340,360,20,60,Fashion,Prepaid,Evening,Android,7.0.0,Flagship_1P,North,8.4,2,821,6,1,0.167,12730,2,1,False,Returning,False
ORD1353353,U134515,2024-10-05 22:54:07,Tier 3,454226,16040,16680,640,0,Mobiles,CoD,Late_Night,Android,7.0.0,Local_SmallSeller,South,13.9,2,1354,10,1,0.1,1640,3,1,False,Returning,True
ORD1031143,U204578,2024-10-06 00:05:52,Tier 1,588422,510,650,140,0,Grocery,Prepaid,Late_Night,Android,6.4.0,Flagship_1P,South,19.0,1,822,6,0,0.0,6030,4,0,False,Returning,False
ORD1166602,U119493,2024-10-06 01:22:08,Tier 1,295269,880,1000,120,0,Grocery,CoD,Late_Night,iOS,6.2.0,Marketplace_3P,West,7.9,1,1475,20,6,0.3,49140,16,6,False,Returning,False
ORD1240886,U146839,2024-10-06 01:47:13,Tier 3,709578,7920,9670,1750,0,Appliances,CoD,Late_Night,iOS,6.4.0,Marketplace_3P,East,12.4,2,244,6,0,0.0,4890,4,0,False,Returning,True
ORD1230068,U118988,2024-10-06 03:48:58,Tier 1,820518,790,910,120,0,Beauty,Prepaid,Late_Night,Android,6.5.2,Marketplace_3P,West,12.7,1,124,3,2,0.667,1030,2,2,False,Returning,False
ORD1322589,U178551,2024-10-06 03:56:53,Tier 1,606614,6810,7630,820,0,Appliances,Prepaid,Late_Night,Android,6.3.1,Marketplace_3P,North,19.7,1,441,8,1,0.125,17810,3,1,False,Returning,False
ORD1284168,U217275,2024-10-06 07:13:52,Tier 2,685327,5100,6580,1480,0,Electronics,CoD,Morning,Android,6.2.0,Marketplace_3P,South,20.1,1,734,13,3,0.231,20260,10,3,False,Returning,False
ORD1182203,U163545,2024-10-06 10:13:53,Tier 2,488899,3180,3210,30,0,Home & Kitchen,CoD,Morning,Android,7.0.0,Flagship_1P,North,33.6,1,692,4,2,0.5,6180,2,2,False,Returning,False
ORD1285083,U155726,2024-10-06 13:05:59,Tier 1,423281,1070,1210,140,0,Fashion,Prepaid,Afternoon,Android,7.0.0,Flagship_1P,North,6.8,1,813,8,0,0.0,4160,4,0,False,Returning,False
ORD1258516,U191155,2024-10-06 13:07:22,Tier 2,385088,26570,34330,7760,0,Mobiles,Prepaid,Afternoon,Android,7.0.0,Marketplace_3P,Central,11.8,1,1466,18,2,0.111,22820,15,2,False,Returning,False
ORD1045358,U155032,2024-10-06 14:53:30,Tier 1,772329,1800,2350,550,0,Fashion,CoD,Afternoon,Android,6.4.0,Local_SmallSeller,South,3.2,3,597,9,1,0.111,18620,8,1,False,Returning,False
ORD1404894,U168437,2024-10-06 16:34:30,Tier 2,425675,650,730,80,0,Fashion,CoD,Afternoon,Android,7.0.0,Marketplace_3P,West,3.5,1,1135,10,5,0.5,2690,2,1,False,Returning,False
ORD1070999,U115206,2024-10-06 17:34:42,Tier 1,467183,830,880,50,0,Fashion,Prepaid,Evening,Android,6.2.0,Marketplace_3P,Central,14.9,1,861,10,2,0.2,7270,3,2,False,Returning,False
ORD1290138,U213528,2024-10-07 01:09:49,Tier 1,139869,960,1180,220,0,Beauty,Prepaid,Late_Night,Android,6.4.0,Local_SmallSeller,South,17.7,1,219,4,1,0.25,9830,4,1,False,Returning,False
ORD1180634,U106374,2024-10-07 03:37:35,Tier 1,111157,1130,1170,40,0,Toys,Prepaid,Late_Night,iOS,6.2.0,Marketplace_3P,South,12.9,1,219,4,2,0.5,17370,3,2,False,Returning,False
ORD1242557,U136636,2024-10-07 04:05:31,Tier 1,306951,23360,28690,5330,0,Mobiles,CoD,Late_Night,Android,7.0.0,Marketplace_3P,South,15.2,1,526,6,0,0.0,10920,3,0,False,Returning,False
ORD1270345,U205000,2024-10-07 04:38:19,Tier 1,795346,840,1070,230,0,Toys,Prepaid,Late_Night,Android,6.3.1,Marketplace_3P,South,10.3,1,745,11,1,0.091,15340,9,1,False,Returning,False
ORD1015767,U107750,2024-10-07 04:39:21,Tier 1,215727,12640,13370,730,0,Mobiles,Prepaid,Late_Night,Android,6.5.2,Marketplace_3P,South,5.7,1,619,5,0,0.0,9680,3,0,False,Returning,False
ORD1156601,U110855,2024-10-07 05:43:08,Tier 1,657555,1020,1370,350,0,Footwear,Prepaid,Morning,iOS,6.2.0,Local_SmallSeller,Central,2.8,2,969,8,1,0.125,1070,6,1,False,Returning,False
ORD1094668,U136352,2024-10-07 06:06:41,Tier 1,374251,13120,14330,1210,0,Mobiles,CoD,Morning,Android,6.3.1,Flagship_1P,Central,5.9,1,58,1,0,0.0,2150,1,0,True,New,False
ORD1308862,U151669,2024-10-07 10:03:16,Tier 1,625145,6090,7650,1560,0,Electronics,CoD,Morning,Android,6.5.2,Flagship_1P,Central,7.2,1,1075,13,3,0.231,46860,6,3,False,Returning,False
ORD1432390,U122643,2024-10-07 11:31:33,Tier 2,184046,1530,1600,70,0,Fashion,Prepaid,Morning,iOS,7.0.0,Flagship_1P,South,24.7,1,1337,9,2,0.222,4110,3,2,False,Returning,False
ORD1460194,U200123,2024-10-07 11:48:42,Tier 3,534830,810,820,10,0,Fashion,CoD,Morning,Android,6.3.1,Local_SmallSeller,East,26.3,1,472,7,3,0.429,23230,3,2,False,Returning,True
ORD1252825,U184357,2024-10-07 13:19:48,Tier 1,432742,2590,3190,600,0,Appliances,Prepaid,Afternoon,Android,6.2.0,Flagship_1P,Central,6.3,1,978,11,4,0.364,2530,8,4,False,Returning,False
ORD1120211,U120260,2024-10-07 16:18:34,Tier 3,116089,12530,12600,70,0,Mobiles,Prepaid,Afternoon,iOS,6.5.2,Marketplace_3P,North,25.8,1,1319,20,7,0.35,102480,11,6,False,Returning,False
ORD1229836,U205525,2024-10-07 20:05:28,Tier 3,248778,1910,2060,150,0,Fashion,Prepaid,Evening,iOS,7.0.0,Local_SmallSeller,North,28.9,1,422,4,1,0.25,3720,1,1,False,Returning,False
ORD1156115,U105261,2024-10-07 20:15:36,Tier 2,179034,2360,2400,40,0,Fashion,Prepaid,Evening,iOS,6.4.0,Marketplace_3P,North,26.6,1,124,2,0,0.0,3340,1,0,False,Returning,False
ORD1266094,U182458,2024-10-07 21:22:32,Tier 1,569403,690,710,20,0,Grocery,Prepaid,Evening,Android,6.4.0,Marketplace_3P,West,6.2,1,270,3,0,0.0,1050,2,0,False,Returning,False
ORD1306494,U123839,2024-10-07 21:32:03,Tier 3,559487,1880,2090,210,0,Fashion,CoD,Evening,Android,6.3.1,Marketplace_3P,South,24.2,1,980,10,0,0.0,16150,7,0,False,Returning,False
ORD1150147,U101097,2024-10-07 22:13:37,Tier 1,481295,860,950,90,0,Home & Kitchen,Prepaid,Late_Night,Android,6.2.0,Marketplace_3P,West,5.0,1,1133,14,3,0.214,20650,11,3,False,Returning,False
ORD1155389,U132283,2024-10-07 22:41:19,Tier 3,533579,1130,1270,140,0,Beauty,CoD,Late_Night,Android,6.5.2,Local_SmallSeller,East,21.1,1,1435,17,3,0.176,23410,14,3,False,Returning,True
ORD1388001,U196794,2024-10-07 22:52:29,Tier 2,298711,1650,2160,510,0,Fashion,Prepaid,Late_Night,Android,7.0.0,Marketplace_3P,East,44.4,2,850,12,5,0.417,24400,7,4,False,Returning,False
ORD1389332,U179978,2024-10-07 23:09:56,Tier 3,841629,900,1020,120,0,Grocery,CoD,Late_Night,Android,6.2.0,Local_SmallSeller,South,15.7,1,1046,11,0,0.0,11850,3,0,False,Returning,False
ORD1462648,U145054,2024-10-08 03:52:54,Tier 2,246513,2490,2980,490,0,Home & Kitchen,CoD,Late_Night,Android,7.0.0,Local_SmallSeller,West,4.1,1,877,15,9,0.6,9130,3,3,False,Returning,False
ORD1248376,U214295,2024-10-08 04:06:07,Tier 2,130560,1620,1940,320,0,Home & Kitchen,Prepaid,Late_Night,Android,6.2.0,Flagship_1P,West,14.3,1,160,3,0,0.0,3280,2,0,False,Returning,False
ORD1338432,U217501,2024-10-08 04:16:54,Tier 1,849165,1000,1290,290,0,Footwear,Prepaid,Late_Night,Android,6.2.0,Local_SmallSeller,East,4.0,2,1365,13,0,0.0,21430,11,0,False,Returning,False
ORD1248959,U151281,2024-10-08 05:53:14,Tier 3,176167,10880,11520,640,0,Appliances,CoD,Morning,Android,7.0.0,Marketplace_3P,North,31.4,1,793,10,2,0.2,5240,3,2,False,Returning,True
ORD1002951,U163483,2024-10-08 07:05:14,Tier 3,811661,29770,29890,120,0,Electronics,CoD,Morning,Android,6.3.1,Flagship_1P,North,14.6,1,1459,18,0,0.0,39990,16,0,False,Returning,False
ORD1369338,U215409,2024-10-08 08:59:28,Tier 2,807869,2240,2990,750,0,Footwear,CoD,Morning,Android,6.4.0,Marketplace_3P,Central,12.4,1,1221,17,2,0.118,19730,8,2,False,Returning,False
ORD1153584,U118533,2024-10-08 10:24:05,Tier 2,288669,11300,13370,2070,0,Mobiles,CoD,Morning,Android,6.4.0,Marketplace_3P,South,10.1,1,1101,13,2,0.154,25690,8,2,False,Returning,False
ORD1124777,U190710,2024-10-08 12:06:53,Tier 1,326210,16160,19920,3760,0,Mobiles,CoD,Afternoon,Android,6.5.2,Marketplace_3P,North,7.9,1,1077,10,1,0.1,10400,6,1,False,Returning,False
ORD1388423,U163731,2024-10-08 12:50:27,Tier 3,730557,2930,3770,840,0,Electronics,CoD,Afternoon,Android,6.3.1,Flagship_1P,Central,10.4,1,1114,16,5,0.312,19690,9,5,False,Returning,False
ORD1120614,U138193,2024-10-08 15:39:38,Tier 2,536549,6920,6990,70,0,Home & Kitchen,CoD,Afternoon,Android,6.3.1,Local_SmallSeller,North,2.9,2,83,1,0,0.0,3970,0,0,True,New,False
ORD1227696,U104420,2024-10-08 15:47:04,Tier 1,679045,1200,1600,400,0,Fashion,CoD,Afternoon,Android,6.5.2,Local_SmallSeller,North,8.2,3,1082,23,4,0.174,30570,6,4,False,Returning,False
ORD1110216,U175382,2024-10-08 19:22:48,Tier 3,428052,7780,8670,890,0,Electronics,Prepaid,Evening,Android,6.2.0,Marketplace_3P,North,9.2,1,1019,10,5,0.5,12450,6,3,False,Returning,False
ORD1181745,U192743,2024-10-08 20:15:46,Tier 1,586585,390,480,90,60,Books,CoD,Evening,Android,6.3.1,Flagship_1P,North,8.1,1,158,3,0,0.0,3890,3,0,False,Returning,True
ORD1144632,U147741,2024-10-09 03:53:22,Tier 1,836316,500,670,170,0,Beauty,Prepaid,Late_Night,Android,7.0.0,Marketplace_3P,West,3.4,2,1023,15,3,0.2,40250,12,3,False,Returning,False
ORD1494532,U203759,2024-10-09 07:12:45,Tier 1,438911,1270,1360,90,0,Grocery,Prepaid,Morning,iOS,6.5.2,Marketplace_3P,West,8.1,1,601,9,3,0.333,7330,3,3,False,Returning,False
ORD1313873,U184478,2024-10-09 08:21:16,Tier 2,695327,1770,1990,220,0,Fashion,CoD,Morning,Android,6.5.2,Marketplace_3P,West,12.4,1,252,3,0,0.0,7700,1,0,False,Returning,False
ORD1115898,U181375,2024-10-09 14:25:50,Tier 1,450347,2110,2340,230,0,Fashion,CoD,Afternoon,Android,6.2.0,Flagship_1P,Central,7.6,1,1049,13,1,0.077,21280,12,1,False,Returning,False
ORD1035401,U169231,2024-10-09 14:52:23,Tier 1,652728,730,780,50,0,Fashion,CoD,Afternoon,Android,6.5.2,Marketplace_3P,Central,5.9,1,110,2,0,0.0,2520,2,0,False,Returning,False
ORD1470833,U197953,2024-10-09 15:47:55,Tier 3,274105,840,1080,240,0,Fashion,CoD,Afternoon,Android,7.0.0,Local_SmallSeller,Central,37.4,1,1494,15,1,0.067,45680,10,1,False,Returning,False
ORD1193399,U169319,2024-10-09 16:53:35,Tier 2,757647,930,1110,180,0,Fashion,CoD,Afternoon,iOS,6.3.1,Marketplace_3P,East,22.9,1,189,1,0,0.0,940,0,0,True,New,False
ORD1232522,U143785,2024-10-09 17:40:48,Tier 2,758556,940,1140,200,0,Grocery,CoD,Evening,Android,7.0.0,Marketplace_3P,Central,11.8,1,760,5,0,0.0,3460,3,0,False,Returning,False
ORD1241609,U159259,2024-10-09 19:42:35,Tier 1,277917,790,1050,260,0,Fashion,Prepaid,Evening,Android,6.2.0,Local_SmallSeller,Central,13.3,1,96,1,0,0.0,1570,0,0,True,New,False
ORD1124676,U147564,2024-10-09 20:03:53,Tier 1,505778,710,730,20,0,Toys,Prepaid,Evening,Android,6.2.0,Marketplace_3P,West,4.9,1,314,4,0,0.0,2530,1,0,False,Returning,False
ORD1166773,U158316,2024-10-09 20:18:23,Tier 3,149326,4200,4860,660,0,Appliances,CoD,Evening,Android,6.3.1,Marketplace_3P,North,20.9,3,1356,18,4,0.222,13410,13,4,False,Returning,False
ORD1139432,U197069,2024-10-09 20:27:50,Tier 1,726450,2560,3410,850,0,Home & Kitchen,CoD,Evening,Android,6.2.0,Marketplace_3P,Central,4.6,2,593,6,1,0.167,15380,2,1,False,Returning,False
ORD1310472,U150698,2024-10-09 23:05:55,Tier 3,639184,1730,1750,20,0,Home & Kitchen,CoD,Late_Night,Android,6.5.2,Local_SmallSeller,East,10.6,2,1234,8,1,0.125,12880,2,1,False,Returning,False
ORD1226738,U196454,2024-10-10 00:46:58,Tier 2,359912,810,1000,190,0,Fashion,Prepaid,Late_Night,Android,6.4.0,Marketplace_3P,West,3.9,1,1033,14,1,0.071,32170,12,1,False,Returning,False
ORD1340116,U175551,2024-10-10 02:26:34,Tier 2,239121,1520,1870,350,0,Fashion,CoD,Late_Night,Android,7.0.0,Marketplace_3P,West,44.6,2,577,8,4,0.5,51200,6,4,False,Returning,True
ORD1061051,U184473,2024-10-10 04:04:54,Tier 3,424900,3770,4630,860,0,Home & Kitchen,CoD,Late_Night,iOS,6.3.1,Marketplace_3P,North,18.8,1,1304,22,0,0.0,39360,4,0,False,Returning,False
ORD1096640,U187441,2024-10-10 08:55:50,Tier 3,523073,710,870,160,0,Books,CoD,Morning,iOS,7.0.0,Marketplace_3P,North,37.7,1,1421,25,7,0.28,33970,10,7,False,Returning,False
ORD1073508,U217164,2024-10-10 10:21:07,Tier 1,756634,1390,1850,460,0,Beauty,Prepaid,Morning,Android,6.4.0,Flagship_1P,Central,6.0,1,287,5,3,0.6,9320,4,2,False,Returning,False
ORD1236595,U132916,2024-10-10 11:30:27,Tier 1,456073,240,300,60,40,Grocery,CoD,Morning,Android,6.5.2,Marketplace_3P,South,5.0,1,1328,17,3,0.176,11350,13,3,False,Returning,False
ORD1414376,U133105,2024-10-10 11:55:52,Tier 1,656069,1470,1880,410,0,Beauty,Prepaid,Morning,Android,7.0.0,Marketplace_3P,South,4.2,1,716,4,0,0.0,6860,1,0,False,Returning,True
ORD1257763,U136349,2024-10-10 12:35:40,Tier 1,704784,3550,4750,1200,0,Mobiles,Prepaid,Afternoon,Android,6.5.2,Local_SmallSeller,West,12.4,2,656,10,0,0.0,8630,2,0,False,Returning,False
ORD1243745,U134819,2024-10-10 22:31:05,Tier 2,435675,1900,2500,600,0,Fashion,CoD,Late_Night,iOS,6.5.2,Marketplace_3P,North,23.9,1,1453,26,3,0.115,30950,18,3,False,Returning,False
ORD1217184,U127072,2024-10-10 22:38:53,Tier 1,390590,700,710,10,0,Grocery,Prepaid,Late_Night,Android,7.0.0,Marketplace_3P,Central,1.1,2,1121,10,2,0.2,5860,8,2,False,Returning,False
ORD1411491,U116633,2024-10-10 23:57:07,Tier 2,663880,1850,1860,10,0,Grocery,Prepaid,Late_Night,Android,6.5.2,Local_SmallSeller,East,3.1,2,140,1,1,1.0,1390,0,0,True,New,False
ORD1211918,U195069,2024-10-11 00:48:20,Tier 1,477804,7860,8670,810,0,Electronics,CoD,Late_Night,Android,6.5.2,Marketplace_3P,East,6.9,1,428,4,3,0.75,13460,3,2,False,Returning,False
ORD1270468,U169116,2024-10-11 01:03:57,Tier 2,793760,14360,16840,2480,0,Appliances,CoD,Late_Night,Android,6.3.1,Flagship_1P,East,20.1,1,461,10,0,0.0,23520,5,0,False,Returning,False
ORD1008883,U189039,2024-10-11 02:56:36,Tier 1,214578,400,540,140,60,Beauty,CoD,Late_Night,Android,6.2.0,Marketplace_3P,West,11.2,1,765,8,3,0.375,39900,5,3,False,Returning,False
ORD1289339,U182377,2024-10-11 04:48:06,Tier 1,263755,1950,2180,230,0,Footwear,Prepaid,Late_Night,Android,6.4.0,Local_SmallSeller,Central,7.5,3,970,11,0,0.0,12980,9,0,False,Returning,False
ORD1379225,U178588,2024-10-11 05:02:36,Tier 1,733269,2660,3470,810,0,Fashion,Prepaid,Morning,Android,6.2.0,Marketplace_3P,East,9.7,1,817,12,1,0.083,18950,8,1,False,Returning,False
ORD1338636,U201549,2024-10-11 07:20:38,Tier 1,678594,3230,3890,660,0,Fashion,CoD,Morning,Android,6.2.0,Local_SmallSeller,East,2.6,1,1230,14,1,0.071,22670,5,1,False,Returning,False
ORD1304505,U115354,2024-10-11 08:04:02,Tier 3,250505,290,290,0,0,Books,CoD,Morning,Android,6.3.1,Flagship_1P,North,15.3,1,1445,17,5,0.294,58960,14,5,False,Returning,False
ORD1231788,U172890,2024-10-11 08:56:51,Tier 2,777223,9190,11630,2440,0,Mobiles,CoD,Morning,Android,6.5.2,Marketplace_3P,South,19.0,2,804,11,1,0.091,11510,10,1,False,Returning,True
ORD1367460,U181239,2024-10-11 09:42:29,Tier 1,648622,1730,2240,510,0,Fashion,Prepaid,Morning,iOS,7.0.0,Local_SmallSeller,West,16.0,1,962,15,9,0.6,6820,8,5,False,Returning,False
ORD1058285,U155604,2024-10-11 12:30:38,Tier 1,816342,11210,13580,2370,0,Mobiles,CoD,Afternoon,Android,6.4.0,Marketplace_3P,West,2.2,1,694,5,0,0.0,13550,4,0,False,Returning,True
ORD1452138,U115672,2024-10-11 12:53:07,Tier 3,342610,450,590,140,60,Grocery,CoD,Afternoon,iOS,7.0.0,Flagship_1P,North,21.6,2,391,4,3,0.75,1640,3,2,False,Returning,False
ORD1417065,U182946,2024-10-11 13:30:11,Tier 3,507685,1430,1750,320,0,Beauty,CoD,Afternoon,Android,6.3.1,Local_SmallSeller,West,29.4,1,1110,14,2,0.143,12150,5,2,False,Returning,False
ORD1167361,U194658,2024-10-11 14:12:45,Tier 1,765449,10480,13780,3300,0,Electronics,Prepaid,Afternoon,Android,6.4.0,Marketplace_3P,North,2.6,1,432,3,1,0.333,1790,1,1,False,Returning,False
ORD1245205,U112850,2024-10-11 15:06:29,Tier 2,806536,1970,2520,550,0,Home & Kitchen,Prepaid,Afternoon,Android,6.2.0,Flagship_1P,East,3.5,1,34,1,0,0.0,1820,0,0,True,New,False
ORD1228653,U108685,2024-10-11 16:05:06,Tier 3,791811,1390,1640,250,0,Fashion,Prepaid,Afternoon,Android,6.4.0,Marketplace_3P,West,44.1,1,126,3,0,0.0,870,2,0,False,Returning,False
ORD1404007,U150577,2024-10-11 16:30:59,Tier 3,835214,470,530,60,0,Toys,CoD,Afternoon,Android,7.0.0,Local_SmallSeller,East,25.2,2,776,12,1,0.083,28730,9,1,False,Returning,False
ORD1385625,U134864,2024-10-11 17:04:11,Tier 1,111478,1640,1980,340,0,Fashion,CoD,Evening,Android,7.0.0,Local_SmallSeller,West,5.5,1,269,2,1,0.5,1720,1,1,False,Returning,False
ORD1495572,U205483,2024-10-11 18:12:27,Tier 2,427686,6390,8600,2210,0,Electronics,CoD,Evening,iOS,6.4.0,Flagship_1P,South,10.6,1,288,5,1,0.2,5920,4,1,False,Returning,False
ORD1134042,U207863,2024-10-11 18:38:55,Tier 2,774374,19800,20290,490,0,Mobiles,CoD,Evening,Android,6.3.1,Marketplace_3P,West,5.6,1,218,5,1,0.2,2070,3,1,False,Returning,True
ORD1317551,U162597,2024-10-11 20:57:55,Tier 2,563933,23590,31430,7840,0,Electronics,CoD,Evening,Android,6.4.0,Marketplace_3P,West,22.0,1,472,5,2,0.4,8710,3,2,False,Returning,True
ORD1141725,U216549,2024-10-11 22:58:33,Tier 1,774228,33970,44620,10650,0,Mobiles,Prepaid,Late_Night,Android,6.5.2,Local_SmallSeller,West,7.9,1,1102,15,6,0.4,32180,7,5,False,Returning,False
ORD1376966,U166752,2024-10-11 23:00:30,Tier 2,744536,9060,10790,1730,0,Electronics,CoD,Late_Night,Android,6.4.0,Flagship_1P,South,12.7,3,740,8,2,0.25,5610,2,2,False,Returning,False
ORD1449593,U149436,2024-10-12 01:04:27,Tier 2,345223,2730,2780,50,0,Fashion,Prepaid,Late_Night,Android,7.0.0,Local_SmallSeller,Central,18.2,1,822,12,0,0.0,15780,9,0,False,Returning,False
ORD1114448,U194676,2024-10-12 02:20:54,Tier 3,587195,11630,15660,4030,0,Mobiles,CoD,Late_Night,iOS,6.4.0,Marketplace_3P,East,20.8,1,827,11,0,0.0,28570,8,0,False,Returning,True
ORD1002542,U186553,2024-10-12 07:49:10,Tier 3,202923,6550,8140,1590,0,Electronics,CoD,Morning,Android,7.0.0,Local_SmallSeller,South,32.8,1,358,8,3,0.375,20950,7,3,False,Returning,False
ORD1401995,U212347,2024-10-12 08:25:29,Tier 2,756489,270,350,80,60,Books,CoD,Morning,Android,6.2.0,Flagship_1P,South,25.4,1,232,2,1,0.5,1380,1,1,False,Returning,False
ORD1459238,U152052,2024-10-12 09:53:19,Tier 1,432120,550,660,110,0,Grocery,Prepaid,Morning,Android,6.3.1,Marketplace_3P,North,4.1,2,781,13,3,0.231,10630,9,3,False,Returning,False
ORD1248953,U188704,2024-10-12 12:02:14,Tier 3,745134,16670,21520,4850,0,Mobiles,CoD,Afternoon,Android,6.3.1,Marketplace_3P,Central,14.8,2,1373,15,2,0.133,25540,13,2,False,Returning,False
ORD1427202,U179224,2024-10-12 12:23:58,Tier 1,268605,310,340,30,60,Grocery,CoD,Afternoon,Android,6.5.2,Local_SmallSeller,West,4.4,1,1041,10,7,0.7,25230,9,7,False,Returning,False
ORD1087781,U179751,2024-10-12 20:10:19,Tier 3,761078,830,910,80,0,Toys,Prepaid,Evening,Android,6.3.1,Marketplace_3P,North,29.5,1,1483,10,1,0.1,16160,9,1,False,Returning,True
ORD1066552,U173571,2024-10-12 22:58:08,Tier 2,585742,3240,3390,150,0,Electronics,Prepaid,Late_Night,Android,7.0.0,Flagship_1P,East,17.5,1,390,9,2,0.222,10250,7,2,False,Returning,False
ORD1151130,U194667,2024-10-12 23:07:04,Tier 1,383083,3080,3990,910,0,Fashion,Prepaid,Late_Night,Android,6.4.0,Marketplace_3P,East,2.5,1,1424,19,4,0.211,10050,6,4,False,Returning,False
ORD1224776,U144726,2024-10-13 00:51:41,Tier 2,321482,11790,14530,2740,0,Appliances,Prepaid,Late_Night,Android,6.5.2,Flagship_1P,South,20.6,3,1196,15,3,0.2,35880,12,3,False,Returning,False
ORD1306735,U104356,2024-10-13 07:18:26,Tier 2,291112,2080,2330,250,0,Home & Kitchen,Prepaid,Morning,Android,6.5.2,Marketplace_3P,North,42.2,2,1447,22,1,0.045,23140,16,1,False,Returning,False
ORD1152038,U122666,2024-10-13 07:27:07,Tier 2,478757,3610,3800,190,0,Fashion,CoD,Morning,iOS,6.4.0,Marketplace_3P,East,3.3,2,623,6,1,0.167,6870,2,1,False,Returning,False
ORD1490498,U126389,2024-10-13 08:31:36,Tier 1,848829,2150,2180,30,0,Home & Kitchen,Prepaid,Morning,Android,6.3.1,Marketplace_3P,North,6.0,1,1211,11,0,0.0,45120,3,0,False,Returning,False
ORD1090345,U202005,2024-10-13 08:31:37,Tier 2,559312,8560,9140,580,0,Electronics,Prepaid,Morning,iOS,6.2.0,Flagship_1P,South,3.5,1,1083,16,1,0.062,63080,5,1,False,Returning,False
ORD1108336,U160619,2024-10-13 09:14:35,Tier 3,479903,6480,8410,1930,0,Electronics,CoD,Morning,Android,6.2.0,Marketplace_3P,East,6.1,2,698,11,1,0.091,18050,5,1,False,Returning,False
ORD1181644,U162839,2024-10-13 10:22:41,Tier 3,212574,7070,7230,160,0,Footwear,CoD,Morning,Android,6.2.0,Marketplace_3P,South,18.6,1,1397,15,3,0.2,18130,4,3,False,Returning,False
ORD1478122,U120801,2024-10-13 10:44:27,Tier 3,411080,1130,1290,160,0,Fashion,CoD,Morning,Android,6.5.2,Marketplace_3P,North,43.9,3,1409,18,10,0.556,10560,15,10,False,Returning,False
ORD1267701,U170265,2024-10-13 13:20:38,Tier 3,614302,5960,7290,1330,0,Electronics,Prepaid,Afternoon,Android,6.3.1,Marketplace_3P,Central,12.2,1,427,5,1,0.2,7450,4,1,False,Returning,False
ORD1484824,U113840,2024-10-13 14:26:02,Tier 3,315917,7310,9760,2450,0,Mobiles,CoD,Afternoon,Android,7.0.0,Marketplace_3P,West,44.7,1,1127,17,11,0.647,13940,6,4,False,Returning,False
ORD1388417,U183589,2024-10-13 16:44:27,Tier 2,767478,2340,3010,670,0,Footwear,Prepaid,Afternoon,iOS,7.0.0,Marketplace_3P,South,11.8,1,481,6,1,0.167,10350,2,1,False,Returning,False
ORD1049909,U182632,2024-10-13 20:08:20,Tier 1,761104,970,1270,300,0,Books,Prepaid,Evening,Android,7.0.0,Flagship_1P,Central,3.9,1,603,5,1,0.2,10420,4,1,False,Returning,False
ORD1074250,U106374,2024-10-13 20:49:12,Tier 2,826749,1620,2030,410,0,Fashion,Prepaid,Evening,iOS,6.5.2,Marketplace_3P,West,11.8,1,219,4,2,0.5,17370,3,2,False,Returning,False
ORD1371844,U159998,2024-10-14 02:00:37,Tier 1,185762,2920,3450,530,0,Footwear,Prepaid,Late_Night,Android,6.3.1,Flagship_1P,East,8.5,3,230,4,0,0.0,9830,3,0,False,Returning,False
ORD1209887,U171474,2024-10-14 02:48:42,Tier 2,759439,530,540,10,0,Footwear,CoD,Late_Night,Android,6.5.2,Flagship_1P,East,9.5,2,531,6,1,0.167,8600,5,1,False,Returning,False
ORD1487269,U152426,2024-10-14 03:09:21,Tier 3,346632,490,530,40,40,Grocery,CoD,Late_Night,Android,7.0.0,Flagship_1P,West,70.4,1,635,12,5,0.417,12470,6,3,False,Returning,False
ORD1492726,U108104,2024-10-14 04:38:02,Tier 2,706820,9010,11600,2590,0,Electronics,Prepaid,Late_Night,Android,7.0.0,Marketplace_3P,West,6.3,1,821,9,7,0.778,29720,4,2,False,Returning,False
ORD1455995,U212610,2024-10-14 06:30:33,Tier 1,396591,6270,6420,150,0,Electronics,Prepaid,Morning,Android,6.5.2,Local_SmallSeller,East,6.9,1,798,9,4,0.444,24340,5,4,False,Returning,False
ORD1064573,U112860,2024-10-14 06:35:40,Tier 3,778372,930,1020,90,0,Beauty,CoD,Morning,Android,6.5.2,Marketplace_3P,Central,41.2,1,617,11,1,0.091,11310,8,1,False,Returning,False
ORD1374993,U162597,2024-10-14 06:45:38,Tier 2,286355,30160,36960,6800,0,Mobiles,Prepaid,Morning,Android,6.5.2,Marketplace_3P,South,6.2,1,472,5,2,0.4,8710,3,2,False,Returning,False
ORD1225817,U207438,2024-10-14 07:10:47,Tier 2,309420,4650,5610,960,0,Electronics,Prepaid,Morning,Android,6.5.2,Local_SmallSeller,South,12.9,2,657,11,0,0.0,53070,9,0,False,Returning,False
ORD1020117,U195028,2024-10-14 09:25:02,Tier 3,141320,1430,1510,80,0,Home & Kitchen,Prepaid,Morning,Android,6.2.0,Marketplace_3P,East,20.9,2,378,4,0,0.0,3670,3,0,False,Returning,False
ORD1025146,U137268,2024-10-14 12:21:06,Tier 1,641448,2970,3640,670,0,Beauty,Prepaid,Afternoon,Android,6.2.0,Marketplace_3P,East,4.1,2,1321,18,4,0.222,91840,15,4,False,Returning,False
ORD1306906,U167381,2024-10-14 12:32:14,Tier 2,226171,970,1250,280,0,Grocery,CoD,Afternoon,Android,7.0.0,Marketplace_3P,East,6.7,1,105,2,2,1.0,4260,1,1,False,Returning,False
ORD1070496,U113497,2024-10-14 13:38:29,Tier 1,183439,9370,9820,450,0,Appliances,CoD,Afternoon,Android,6.2.0,Marketplace_3P,West,10.2,1,169,2,0,0.0,5160,1,0,False,Returning,True
ORD1220222,U152971,2024-10-14 14:34:14,Tier 3,446610,1820,2040,220,0,Home & Kitchen,Prepaid,Afternoon,Android,7.0.0,Marketplace_3P,West,26.4,1,1161,19,6,0.316,5170,9,6,False,Returning,False
ORD1491517,U148480,2024-10-14 16:02:48,Tier 3,245766,300,390,90,0,Toys,CoD,Afternoon,Android,6.4.0,Local_SmallSeller,South,20.1,2,1271,16,6,0.375,39150,12,6,False,Returning,False
ORD1114185,U116089,2024-10-14 17:45:40,Tier 3,128911,1170,1380,210,0,Footwear,CoD,Evening,iOS,6.5.2,Marketplace_3P,North,38.0,1,1165,13,6,0.462,16670,8,6,False,Returning,False
ORD1407160,U121026,2024-10-14 20:10:13,Tier 2,149286,6010,6260,250,0,Mobiles,Prepaid,Evening,Android,7.0.0,Marketplace_3P,Central,23.9,1,611,8,1,0.125,22160,3,1,False,Returning,False
ORD1452427,U189682,2024-10-15 00:04:59,Tier 3,431491,13030,15290,2260,0,Mobiles,CoD,Late_Night,Android,7.0.0,Marketplace_3P,North,51.4,1,1270,15,1,0.067,38990,10,1,False,Returning,False
ORD1440252,U198517,2024-10-15 00:35:42,Tier 2,118409,560,660,100,0,Beauty,Prepaid,Late_Night,Android,7.0.0,Local_SmallSeller,West,3.9,1,719,8,1,0.125,9480,5,1,False,Returning,False
ORD1319074,U201513,2024-10-15 09:11:37,Tier 1,273511,420,490,70,0,Beauty,Prepaid,Morning,iOS,6.3.1,Marketplace_3P,East,5.0,1,467,4,1,0.25,4860,2,1,False,Returning,False
ORD1057043,U172366,2024-10-15 09:24:35,Tier 3,540937,920,1180,260,0,Fashion,CoD,Morning,Android,6.3.1,Local_SmallSeller,North,10.4,1,523,7,0,0.0,10600,5,0,False,Returning,False
ORD1276031,U145160,2024-10-15 11:10:43,Tier 2,452060,11230,15110,3880,0,Mobiles,Prepaid,Morning,Android,6.4.0,Marketplace_3P,North,9.5,1,90,2,1,0.5,1180,1,1,False,Returning,False
ORD1295812,U118251,2024-10-15 12:03:37,Tier 2,764531,1440,1890,450,0,Fashion,Prepaid,Afternoon,Android,7.0.0,Marketplace_3P,West,16.4,2,1042,12,2,0.167,9330,8,2,False,Returning,False
ORD1301807,U126025,2024-10-15 16:02:48,Tier 1,292697,1060,1330,270,0,Fashion,Prepaid,Afternoon,Android,6.4.0,Local_SmallSeller,East,5.4,1,491,5,0,0.0,7950,2,0,False,Returning,True
ORD1085459,U201549,2024-10-15 18:34:51,Tier 2,297970,3070,3110,40,0,Home & Kitchen,CoD,Evening,Android,6.5.2,Marketplace_3P,West,10.3,2,1230,14,1,0.071,22670,5,1,False,Returning,False
ORD1412949,U132041,2024-10-15 20:45:53,Tier 3,542682,770,800,30,0,Beauty,CoD,Evening,Android,6.4.0,Marketplace_3P,North,50.8,1,1383,21,9,0.429,27290,15,9,False,Returning,False
ORD1100584,U204703,2024-10-15 21:38:17,Tier 3,429692,7560,8490,930,0,Fashion,CoD,Evening,Android,6.2.0,Local_SmallSeller,Central,17.8,2,134,2,1,0.5,1490,1,1,False,Returning,True
ORD1044234,U150176,2024-10-15 23:01:39,Tier 3,695773,2990,3680,690,0,Fashion,Prepaid,Late_Night,Android,6.2.0,Marketplace_3P,Central,19.5,1,317,1,0,0.0,2210,1,0,True,New,False
ORD1405577,U182348,2024-10-16 00:53:31,Tier 1,562135,860,900,40,0,Footwear,Prepaid,Late_Night,Android,6.3.1,Flagship_1P,East,3.7,1,191,2,2,1.0,290,1,1,False,Returning,False
ORD1177701,U191487,2024-10-16 01:50:47,Tier 3,233329,12310,13100,790,0,Electronics,CoD,Late_Night,Android,6.5.2,Marketplace_3P,Central,38.0,1,1253,15,3,0.2,5790,6,3,False,Returning,False
ORD1084778,U108591,2024-10-16 03:40:48,Tier 1,505543,450,470,20,40,Home & Kitchen,Prepaid,Late_Night,Android,6.5.2,Local_SmallSeller,Central,2.3,1,311,5,1,0.2,1110,1,1,False,Returning,False
ORD1239142,U150488,2024-10-16 05:10:09,Tier 3,303316,410,500,90,40,Grocery,Prepaid,Morning,Android,6.3.1,Marketplace_3P,East,16.4,1,226,4,1,0.25,9820,2,1,False,Returning,True
ORD1107751,U111150,2024-10-16 05:27:19,Tier 2,320854,17020,19910,2890,0,Mobiles,CoD,Morning,Android,6.4.0,Flagship_1P,North,10.7,1,193,5,0,0.0,6050,2,0,False,Returning,True
ORD1019729,U163593,2024-10-16 06:50:36,Tier 1,401984,680,800,120,0,Fashion,Prepaid,Morning,Android,6.2.0,Marketplace_3P,West,23.0,1,848,13,3,0.231,17170,10,3,False,Returning,False
ORD1281440,U109491,2024-10-16 07:40:48,Tier 2,293226,1530,1770,240,0,Fashion,CoD,Morning,iOS,6.3.1,Flagship_1P,South,8.8,2,788,10,1,0.1,69220,3,1,False,Returning,False
ORD1275007,U169276,2024-10-16 08:46:54,Tier 2,731057,3050,3280,230,0,Electronics,CoD,Morning,Android,6.3.1,Marketplace_3P,North,14.8,1,1441,18,4,0.222,12250,11,4,False,Returning,False
ORD1049719,U108783,2024-10-16 08:49:29,Tier 2,198139,2160,2780,620,0,Fashion,CoD,Morning,Android,7.0.0,Flagship_1P,Central,8.5,1,396,4,0,0.0,4770,2,0,False,Returning,False
ORD1281708,U207512,2024-10-16 08:54:16,Tier 1,398651,7920,7970,50,0,Electronics,Prepaid,Morning,Android,7.0.0,Flagship_1P,East,17.0,1,1340,21,2,0.095,16050,8,2,False,Returning,False
ORD1115906,U177102,2024-10-16 10:05:42,Tier 1,829455,970,1020,50,0,Grocery,Prepaid,Morning,iOS,7.0.0,Local_SmallSeller,South,5.0,1,622,9,3,0.333,31020,3,2,False,Returning,False
ORD1219826,U148193,2024-10-16 10:18:38,Tier 3,496907,8720,10450,1730,0,Electronics,CoD,Morning,Android,7.0.0,Marketplace_3P,South,1.0,2,1206,13,1,0.077,28210,10,1,False,Returning,True
ORD1109754,U127135,2024-10-16 13:29:51,Tier 3,839245,560,690,130,0,Beauty,Prepaid,Afternoon,Android,7.0.0,Marketplace_3P,Central,4.9,3,403,8,1,0.125,35900,5,1,False,Returning,False
ORD1044892,U112750,2024-10-16 13:30:12,Tier 3,823001,850,1050,200,0,Grocery,CoD,Afternoon,Android,7.0.0,Flagship_1P,South,19.2,1,307,3,0,0.0,4880,1,0,False,Returning,False
ORD1488983,U168997,2024-10-16 13:45:39,Tier 1,512468,7280,7430,150,0,Electronics,Prepaid,Afternoon,iOS,6.4.0,Marketplace_3P,South,9.3,1,513,5,2,0.4,2230,4,2,False,Returning,False
ORD1179636,U209915,2024-10-16 15:38:41,Tier 1,502861,14990,17230,2240,0,Electronics,Prepaid,Afternoon,Android,7.0.0,Marketplace_3P,Central,4.2,1,1074,15,4,0.267,8100,7,4,False,Returning,False
ORD1136175,U116166,2024-10-16 16:32:38,Tier 3,752639,5280,6050,770,0,Electronics,CoD,Afternoon,Android,7.0.0,Marketplace_3P,North,20.0,1,866,9,2,0.222,18450,4,2,False,Returning,False
ORD1367459,U163397,2024-10-16 18:11:11,Tier 2,448576,930,1170,240,0,Footwear,CoD,Evening,Android,6.3.1,Marketplace_3P,North,15.0,3,30,2,1,0.5,3560,2,1,False,Returning,False
ORD1408115,U121327,2024-10-16 19:28:02,Tier 1,415737,1110,1470,360,0,Grocery,Prepaid,Evening,Android,6.2.0,Marketplace_3P,South,3.1,1,638,8,2,0.25,5100,3,2,False,Returning,False
ORD1370275,U203825,2024-10-16 21:53:03,Tier 1,187890,4520,4730,210,0,Electronics,Prepaid,Evening,Android,6.5.2,Flagship_1P,South,6.2,1,277,3,0,0.0,2100,2,0,False,Returning,False
ORD1282783,U119623,2024-10-16 22:53:42,Tier 1,725714,2540,2910,370,0,Home & Kitchen,Prepaid,Late_Night,iOS,6.5.2,Local_SmallSeller,North,5.9,1,1012,20,4,0.2,44930,9,4,False,Returning,False
ORD1033916,U118377,2024-10-17 01:41:05,Tier 2,641854,1390,1560,170,0,Toys,CoD,Late_Night,iOS,6.5.2,Marketplace_3P,North,3.1,1,714,12,1,0.083,4080,6,1,False,Returning,False
ORD1273618,U146328,2024-10-17 02:38:03,Tier 1,380995,770,850,80,0,Fashion,Prepaid,Late_Night,Android,7.0.0,Local_SmallSeller,North,1.4,1,451,6,0,0.0,9250,3,0,False,Returning,False
ORD1111966,U124005,2024-10-17 03:57:09,Tier 1,375588,370,420,50,60,Grocery,Prepaid,Late_Night,iOS,7.0.0,Marketplace_3P,Central,1.9,1,415,3,1,0.333,2520,2,1,False,Returning,False
ORD1024249,U104365,2024-10-17 04:54:44,Tier 3,272550,7420,8540,1120,0,Appliances,CoD,Late_Night,Android,7.0.0,Marketplace_3P,South,15.7,2,1257,20,4,0.2,17320,7,4,False,Returning,False
ORD1368901,U197739,2024-10-17 05:44:58,Tier 1,458670,2130,2820,690,0,Footwear,CoD,Morning,Android,7.0.0,Marketplace_3P,North,2.6,1,1403,20,1,0.05,15820,5,1,False,Returning,False
ORD1439871,U165108,2024-10-17 06:50:08,Tier 1,734759,3370,3790,420,0,Fashion,Prepaid,Morning,Android,6.5.2,Marketplace_3P,North,10.4,1,397,7,1,0.143,22530,5,1,False,Returning,False
ORD1390529,U142885,2024-10-17 07:37:37,Tier 1,535499,570,700,130,0,Books,Prepaid,Morning,Android,6.3.1,Local_SmallSeller,West,7.4,1,53,2,0,0.0,630,1,0,False,Returning,False
ORD1031569,U155486,2024-10-17 12:11:22,Tier 1,140608,890,940,50,0,Beauty,CoD,Afternoon,iOS,7.0.0,Local_SmallSeller,North,13.7,1,1216,13,2,0.154,5330,6,2,False,Returning,False
ORD1059946,U132043,2024-10-17 13:32:07,Tier 3,578040,4520,4850,330,0,Electronics,Prepaid,Afternoon,Android,6.5.2,Local_SmallSeller,North,28.4,1,467,5,1,0.2,3960,2,1,False,Returning,False
ORD1009310,U180881,2024-10-17 14:18:02,Tier 2,815859,1400,1820,420,0,Fashion,Prepaid,Afternoon,Android,6.3.1,Local_SmallSeller,North,12.9,2,8,1,0,0.0,1580,0,0,True,New,False
ORD1472846,U145659,2024-10-17 16:23:55,Tier 1,841833,920,940,20,0,Home & Kitchen,Prepaid,Afternoon,Android,6.5.2,Marketplace_3P,South,13.7,1,279,4,1,0.25,1840,3,1,False,Returning,False
ORD1235213,U209921,2024-10-17 18:11:34,Tier 1,237441,13950,15560,1610,0,Mobiles,Prepaid,Evening,Android,7.0.0,Marketplace_3P,South,11.7,1,395,4,0,0.0,4620,2,0,False,Returning,False
ORD1389029,U182947,2024-10-17 22:17:49,Tier 3,741817,2890,3790,900,0,Fashion,CoD,Late_Night,iOS,7.0.0,Marketplace_3P,West,15.2,1,301,3,1,0.333,3940,2,1,False,Returning,False
ORD1190083,U111188,2024-10-18 06:57:16,Tier 3,529970,1610,1890,280,0,Fashion,CoD,Morning,iOS,7.0.0,Local_SmallSeller,West,19.6,1,855,11,1,0.091,30770,9,1,False,Returning,False
ORD1199481,U106374,2024-10-18 08:36:29,Tier 1,199497,5090,6390,1300,0,Electronics,CoD,Morning,Android,6.2.0,Flagship_1P,West,5.7,2,219,4,2,0.5,17370,3,2,False,Returning,False
ORD1053993,U141318,2024-10-18 10:21:37,Tier 1,223494,520,650,130,0,Fashion,Prepaid,Morning,Android,6.4.0,Marketplace_3P,West,1.8,1,1015,8,2,0.25,3020,6,2,False,Returning,False
ORD1422379,U163409,2024-10-18 14:01:20,Tier 2,708506,930,1030,100,0,Fashion,CoD,Afternoon,Android,6.2.0,Marketplace_3P,West,6.1,1,1322,16,3,0.188,32800,8,3,False,Returning,False
ORD1110924,U139695,2024-10-18 14:03:39,Tier 2,324020,1150,1170,20,0,Toys,CoD,Afternoon,Android,7.0.0,Local_SmallSeller,South,7.6,1,450,6,0,0.0,19150,4,0,False,Returning,False
ORD1170106,U149801,2024-10-18 14:52:11,Tier 3,412716,840,1060,220,0,Beauty,Prepaid,Afternoon,Android,6.2.0,Marketplace_3P,Central,17.0,1,461,9,3,0.333,7130,6,3,False,Returning,False
ORD1154153,U152450,2024-10-18 20:07:08,Tier 3,747970,820,940,120,0,Books,CoD,Evening,Android,6.4.0,Local_SmallSeller,West,32.5,2,242,4,2,0.5,10160,1,1,False,Returning,True
ORD1325407,U171247,2024-10-18 22:35:12,Tier 1,125580,2330,2720,390,0,Fashion,CoD,Late_Night,Android,6.5.2,Local_SmallSeller,North,3.2,1,853,19,3,0.158,47750,8,3,False,Returning,False
ORD1377474,U112018,2024-10-19 07:35:41,Tier 1,224267,13520,13580,60,0,Mobiles,CoD,Morning,Android,6.2.0,Flagship_1P,Central,9.6,1,1286,16,1,0.062,78060,13,1,False,Returning,False
ORD1454544,U208054,2024-10-19 10:55:56,Tier 1,167702,2250,2990,740,0,Toys,Prepaid,Morning,Android,6.3.1,Flagship_1P,North,1.7,1,207,3,0,0.0,19090,1,0,False,Returning,False
ORD1026865,U173893,2024-10-19 11:03:24,Tier 1,380246,1170,1400,230,0,Toys,Prepaid,Morning,Android,6.2.0,Marketplace_3P,South,2.2,2,76,1,0,0.0,2820,1,0,True,New,False
ORD1277645,U116260,2024-10-19 14:58:30,Tier 1,307401,890,920,30,0,Grocery,Prepaid,Afternoon,iOS,7.0.0,Marketplace_3P,Central,3.0,1,974,17,1,0.059,44250,9,1,False,Returning,False
ORD1302686,U172875,2024-10-19 15:53:51,Tier 1,703587,20150,24820,4670,0,Mobiles,Prepaid,Afternoon,Android,6.2.0,Local_SmallSeller,South,9.5,3,1143,13,7,0.538,14510,8,7,False,Returning,False
ORD1087493,U195878,2024-10-19 17:49:09,Tier 1,720377,1300,1730,430,0,Beauty,CoD,Evening,Android,6.5.2,Marketplace_3P,Central,3.1,1,697,11,7,0.636,15940,9,5,False,Returning,False
ORD1122051,U161291,2024-10-19 18:27:01,Tier 3,135285,1020,1250,230,0,Fashion,CoD,Evening,Android,6.4.0,Marketplace_3P,East,21.7,1,866,12,3,0.25,12660,9,3,False,Returning,False
ORD1284804,U104256,2024-10-19 19:39:08,Tier 3,793894,370,470,100,0,Beauty,CoD,Evening,iOS,6.4.0,Marketplace_3P,Central,15.9,2,491,7,3,0.429,19810,5,3,False,Returning,False
ORD1096920,U218491,2024-10-19 20:50:17,Tier 3,772366,400,440,40,60,Beauty,Prepaid,Evening,Android,6.4.0,Marketplace_3P,North,8.1,1,515,5,4,0.8,8610,1,1,False,Returning,False
ORD1016819,U187206,2024-10-20 01:26:06,Tier 1,203019,1250,1480,230,0,Footwear,Prepaid,Late_Night,Android,7.0.0,Flagship_1P,West,0.7,1,1020,14,5,0.357,16870,8,5,False,Returning,False
ORD1121476,U215257,2024-10-20 03:00:42,Tier 2,216351,930,1060,130,0,Toys,CoD,Late_Night,Android,6.3.1,Marketplace_3P,South,12.1,1,1055,8,5,0.625,17630,7,4,False,Returning,False
ORD1472186,U148080,2024-10-20 03:45:27,Tier 3,391466,2040,2360,320,0,Fashion,CoD,Late_Night,Android,7.0.0,Marketplace_3P,Central,31.7,2,540,6,1,0.167,35040,5,1,False,Returning,True
ORD1204553,U119687,2024-10-20 04:26:13,Tier 1,457117,1640,2180,540,0,Fashion,CoD,Late_Night,iOS,6.5.2,Marketplace_3P,North,7.4,1,778,11,2,0.182,6260,8,2,False,Returning,False
ORD1017288,U207347,2024-10-20 05:56:08,Tier 2,214641,1820,1920,100,0,Fashion,CoD,Morning,Android,6.2.0,Marketplace_3P,West,12.5,1,875,9,0,0.0,9210,2,0,False,Returning,False
ORD1395593,U185734,2024-10-20 09:27:51,Tier 1,349168,1280,1620,340,0,Fashion,Prepaid,Morning,Android,6.5.2,Marketplace_3P,South,2.7,2,1207,15,2,0.133,18600,12,2,False,Returning,False
ORD1364451,U111368,2024-10-20 11:52:27,Tier 1,666753,860,1150,290,0,Beauty,Prepaid,Morning,Android,6.2.0,Marketplace_3P,North,12.8,2,631,7,2,0.286,30140,3,2,False,Returning,False
ORD1488126,U100959,2024-10-20 12:42:17,Tier 3,127695,710,730,20,0,Fashion,CoD,Afternoon,iOS,6.4.0,Local_SmallSeller,North,17.0,1,618,6,0,0.0,7220,5,0,False,Returning,False
ORD1125131,U167339,2024-10-20 12:47:40,Tier 1,596553,570,670,100,0,Home & Kitchen,Prepaid,Afternoon,Android,7.0.0,Marketplace_3P,East,5.8,1,415,6,2,0.333,7960,2,2,False,Returning,False
ORD1058193,U120304,2024-10-20 14:20:09,Tier 1,785186,5040,5900,860,0,Electronics,CoD,Afternoon,Android,7.0.0,Local_SmallSeller,West,0.5,1,67,2,0,0.0,1680,1,0,False,Returning,False
ORD1315322,U138392,2024-10-20 16:10:43,Tier 2,362261,5420,5710,290,0,Electronics,Prepaid,Afternoon,iOS,6.5.2,Marketplace_3P,North,2.7,2,206,5,0,0.0,7400,2,0,False,Returning,False
ORD1402654,U122576,2024-10-20 16:11:07,Tier 3,424168,1500,1680,180,0,Grocery,Prepaid,Afternoon,Android,6.2.0,Marketplace_3P,South,22.5,1,651,9,3,0.333,18520,5,3,False,Returning,True
ORD1359957,U116020,2024-10-20 17:02:43,Tier 1,187241,4600,5430,830,0,Electronics,CoD,Evening,Android,6.2.0,Flagship_1P,South,10.8,1,1448,17,4,0.235,18000,13,4,False,Returning,False
ORD1412978,U122567,2024-10-20 18:30:34,Tier 1,623125,9130,10020,890,0,Electronics,Prepaid,Evening,Android,7.0.0,Local_SmallSeller,East,6.0,1,1043,17,4,0.235,33390,10,4,False,Returning,False
ORD1333148,U170692,2024-10-20 20:25:28,Tier 1,789809,28000,30750,2750,0,Appliances,Prepaid,Evening,Android,6.3.1,Flagship_1P,South,7.7,1,1342,15,2,0.133,7640,9,2,False,Returning,False
ORD1313120,U100802,2024-10-21 01:20:43,Tier 3,847016,8740,9690,950,0,Electronics,CoD,Late_Night,iOS,6.4.0,Marketplace_3P,West,26.1,1,773,8,5,0.625,3040,4,3,False,Returning,True
ORD1352534,U121044,2024-10-21 01:26:07,Tier 2,284141,320,410,90,60,Toys,CoD,Late_Night,Android,6.5.2,Local_SmallSeller,East,2.4,1,29,1,0,0.0,6280,1,0,True,New,False
ORD1396428,U189617,2024-10-21 01:32:50,Tier 2,822452,19860,26540,6680,0,Mobiles,CoD,Late_Night,iOS,7.0.0,Marketplace_3P,West,14.7,1,1287,22,2,0.091,11790,17,2,False,Returning,False
ORD1240929,U197481,2024-10-21 03:36:45,Tier 2,361308,280,330,50,0,Grocery,Prepaid,Late_Night,Android,6.5.2,Local_SmallSeller,North,6.8,1,879,15,1,0.067,30650,6,1,False,Returning,False
ORD1443072,U106374,2024-10-21 03:58:39,Tier 3,587102,4350,5350,1000,0,Electronics,CoD,Late_Night,Android,6.2.0,Marketplace_3P,South,42.1,1,219,4,2,0.5,17370,3,2,False,Returning,True
ORD1400860,U108092,2024-10-21 04:49:18,Tier 2,328332,12860,16330,3470,0,Mobiles,CoD,Late_Night,Android,6.2.0,Flagship_1P,East,30.4,2,362,6,2,0.333,9590,3,2,False,Returning,False
ORD1496960,U129431,2024-10-21 04:57:25,Tier 3,642648,2040,2670,630,0,Home & Kitchen,CoD,Late_Night,Android,6.3.1,Marketplace_3P,East,34.9,1,942,11,2,0.182,20000,4,2,False,Returning,False
ORD1133266,U127075,2024-10-21 05:32:40,Tier 2,500440,9650,11300,1650,0,Mobiles,CoD,Morning,Android,6.3.1,Flagship_1P,Central,16.7,1,347,4,0,0.0,10440,2,0,False,Returning,False
ORD1282161,U124402,2024-10-21 06:55:33,Tier 1,586712,810,1030,220,0,Fashion,Prepaid,Morning,Android,6.2.0,Local_SmallSeller,South,4.7,2,1127,11,3,0.273,25650,9,3,False,Returning,False
ORD1081421,U193628,2024-10-21 09:50:25,Tier 2,186293,800,820,20,0,Grocery,CoD,Morning,Android,6.2.0,Marketplace_3P,West,19.7,1,461,7,4,0.571,5380,5,3,False,Returning,False
ORD1314139,U195450,2024-10-21 11:43:14,Tier 1,599931,7810,8930,1120,0,Electronics,Prepaid,Morning,Android,6.4.0,Marketplace_3P,West,6.4,1,1416,9,1,0.111,18990,6,1,False,Returning,False
ORD1314113,U168733,2024-10-21 12:31:48,Tier 3,168021,14400,17700,3300,0,Electronics,CoD,Afternoon,Android,7.0.0,Marketplace_3P,East,12.5,1,1084,8,4,0.5,14340,5,4,False,Returning,False
ORD1314522,U167768,2024-10-21 12:55:33,Tier 2,780374,1320,1560,240,0,Grocery,CoD,Afternoon,Android,6.3.1,Marketplace_3P,South,15.9,1,713,8,3,0.375,32440,3,2,False,Returning,False
ORD1321864,U148240,2024-10-21 13:07:37,Tier 1,652301,1080,1380,300,0,Home & Kitchen,CoD,Afternoon,Android,6.4.0,Flagship_1P,West,3.4,1,275,2,1,0.5,3160,1,1,False,Returning,False
ORD1158891,U183418,2024-10-21 19:36:12,Tier 2,116573,7520,7620,100,0,Electronics,Prepaid,Evening,Android,6.2.0,Marketplace_3P,Central,11.0,1,230,6,1,0.167,7290,4,1,False,Returning,False
ORD1499507,U206893,2024-10-21 23:08:59,Tier 1,303247,20870,24370,3500,0,Mobiles,Prepaid,Late_Night,iOS,6.2.0,Marketplace_3P,Central,2.0,2,806,12,5,0.417,6680,10,5,False,Returning,False
ORD1149884,U147011,2024-10-22 00:03:39,Tier 3,198206,2320,2910,590,0,Home & Kitchen,CoD,Late_Night,Android,7.0.0,Flagship_1P,South,0.7,1,321,3,0,0.0,4550,1,0,False,Returning,False
ORD1025651,U153818,2024-10-22 00:36:45,Tier 2,290978,1590,1700,110,0,Fashion,CoD,Late_Night,Android,7.0.0,Marketplace_3P,East,23.1,1,1259,17,3,0.176,7710,12,3,False,Returning,False
ORD1197761,U159289,2024-10-22 01:33:42,Tier 1,285350,16890,22730,5840,0,Appliances,Prepaid,Late_Night,Android,6.4.0,Marketplace_3P,West,11.9,2,648,8,0,0.0,12560,3,0,False,Returning,False
ORD1061890,U190348,2024-10-22 03:44:39,Tier 3,515284,1110,1220,110,0,Footwear,CoD,Late_Night,iOS,6.5.2,Marketplace_3P,Central,28.4,2,184,5,1,0.2,7930,2,1,False,Returning,False
ORD1180551,U117439,2024-10-22 06:42:30,Tier 1,798004,5700,6790,1090,0,Electronics,Prepaid,Morning,Android,6.4.0,Marketplace_3P,South,7.2,1,691,10,2,0.2,21710,2,2,False,Returning,False
ORD1457760,U137661,2024-10-22 12:01:17,Tier 2,557473,17880,22520,4640,0,Mobiles,CoD,Afternoon,Android,7.0.0,Flagship_1P,South,3.3,2,968,15,5,0.333,44660,5,5,False,Returning,False
ORD1474772,U148502,2024-10-22 15:23:27,Tier 1,401672,2740,3380,640,0,Beauty,Prepaid,Afternoon,Android,6.5.2,Marketplace_3P,South,3.8,1,1103,12,3,0.25,30300,6,3,False,Returning,False
ORD1212197,U112432,2024-10-22 15:35:57,Tier 3,604657,3730,4300,570,0,Fashion,CoD,Afternoon,iOS,6.2.0,Local_SmallSeller,South,9.5,1,800,9,3,0.333,39420,3,2,False,Returning,False
ORD1348394,U185225,2024-10-22 17:41:10,Tier 1,648204,6390,8240,1850,0,Mobiles,CoD,Evening,Android,6.3.1,Marketplace_3P,East,2.8,1,1272,14,3,0.214,96130,10,3,False,Returning,True
ORD1079534,U149976,2024-10-22 19:44:45,Tier 3,552253,1110,1360,250,0,Beauty,CoD,Evening,iOS,6.3.1,Local_SmallSeller,North,37.0,1,205,5,0,0.0,10590,4,0,False,Returning,False
ORD1279828,U165392,2024-10-22 20:50:03,Tier 1,634316,1440,1590,150,0,Footwear,Prepaid,Evening,iOS,6.3.1,Local_SmallSeller,Central,5.8,1,1228,11,2,0.182,29860,8,2,False,Returning,False
ORD1109095,U151765,2024-10-23 00:35:32,Tier 1,441406,450,510,60,40,Toys,Prepaid,Late_Night,iOS,6.2.0,Marketplace_3P,East,3.9,1,1377,21,1,0.048,18930,5,1,False,Returning,False
ORD1161432,U202088,2024-10-23 00:57:37,Tier 1,788566,890,920,30,0,Fashion,Prepaid,Late_Night,iOS,7.0.0,Marketplace_3P,East,7.7,1,1072,8,1,0.125,15140,5,1,False,Returning,False
ORD1160349,U145454,2024-10-23 03:33:31,Tier 1,645551,3100,3640,540,0,Fashion,CoD,Late_Night,Android,6.3.1,Flagship_1P,North,1.8,1,1403,7,2,0.286,9920,4,2,False,Returning,False
ORD1126317,U113981,2024-10-23 03:45:22,Tier 3,841487,6170,7110,940,0,Mobiles,Prepaid,Late_Night,Android,6.4.0,Local_SmallSeller,West,35.6,1,108,1,0,0.0,1070,0,0,True,New,False
ORD1359893,U183666,2024-10-23 05:11:43,Tier 3,696338,1530,1670,140,0,Footwear,Prepaid,Morning,Android,6.5.2,Local_SmallSeller,West,14.1,1,879,8,4,0.5,7140,2,1,False,Returning,False
ORD1053726,U113358,2024-10-23 07:00:49,Tier 3,600970,6550,7770,1220,0,Electronics,CoD,Morning,iOS,7.0.0,Marketplace_3P,West,34.6,1,686,12,3,0.25,37770,9,3,False,Returning,True
ORD1253742,U138390,2024-10-23 08:20:27,Tier 1,801575,1470,1560,90,0,Fashion,Prepaid,Morning,Android,7.0.0,Flagship_1P,West,1.0,1,718,9,3,0.333,3030,4,2,False,Returning,False
ORD1274963,U131084,2024-10-23 08:27:19,Tier 3,786810,2720,2860,140,0,Home & Kitchen,CoD,Morning,Android,6.5.2,Marketplace_3P,East,64.4,2,342,6,1,0.167,10900,4,1,False,Returning,False
ORD1272967,U203181,2024-10-23 12:28:08,Tier 2,758253,3460,4580,1120,0,Home & Kitchen,CoD,Afternoon,Android,6.4.0,Marketplace_3P,North,6.4,1,672,9,0,0.0,3380,8,0,False,Returning,False
ORD1168791,U191937,2024-10-23 12:46:23,Tier 2,515803,1170,1240,70,0,Home & Kitchen,Prepaid,Afternoon,Android,6.4.0,Local_SmallSeller,East,12.8,1,84,1,0,0.0,2100,0,0,True,New,False
ORD1355099,U204018,2024-10-23 13:42:06,Tier 1,789828,1400,1730,330,0,Home & Kitchen,CoD,Afternoon,Android,6.4.0,Flagship_1P,Central,9.5,1,247,2,1,0.5,900,1,1,False,Returning,False
ORD1110792,U210929,2024-10-23 16:13:41,Tier 2,146308,800,980,180,0,Toys,Prepaid,Afternoon,Android,6.4.0,Marketplace_3P,Central,7.9,1,689,8,2,0.25,7960,6,2,False,Returning,True
ORD1336460,U189690,2024-10-23 18:20:24,Tier 1,265392,35810,36850,1040,0,Mobiles,Prepaid,Evening,Android,6.3.1,Marketplace_3P,Central,7.9,1,1375,14,4,0.286,1840,6,4,False,Returning,False
ORD1125952,U156735,2024-10-23 22:29:28,Tier 3,585830,420,440,20,60,Toys,CoD,Late_Night,Android,6.2.0,Marketplace_3P,West,8.7,1,64,2,0,0.0,2820,1,0,False,Returning,False
ORD1473583,U195946,2024-10-23 23:44:05,Tier 1,818766,3470,4650,1180,0,Home & Kitchen,Prepaid,Late_Night,Android,6.5.2,Marketplace_3P,East,10.8,2,256,2,0,0.0,2200,1,0,False,Returning,False
ORD1438928,U161593,2024-10-24 01:59:56,Tier 3,174906,970,1270,300,0,Fashion,CoD,Late_Night,Android,6.2.0,Local_SmallSeller,East,3.9,1,125,2,0,0.0,790,2,0,False,Returning,True
ORD1330337,U214988,2024-10-24 03:27:43,Tier 2,551101,5660,7410,1750,0,Electronics,CoD,Late_Night,iOS,6.5.2,Flagship_1P,West,13.1,1,97,2,0,0.0,4330,0,0,False,Returning,False
ORD1134319,U203774,2024-10-24 07:01:06,Tier 1,789134,21230,26960,5730,0,Mobiles,Prepaid,Morning,Android,6.3.1,Marketplace_3P,South,8.9,1,558,10,2,0.2,20080,4,2,False,Returning,False
ORD1311669,U127562,2024-10-24 07:50:15,Tier 2,194292,1590,2120,530,0,Fashion,Prepaid,Morning,Android,6.3.1,Marketplace_3P,East,12.7,1,1478,15,1,0.067,7360,4,1,False,Returning,False
ORD1266433,U124284,2024-10-24 10:21:56,Tier 1,734542,560,660,100,0,Grocery,Prepaid,Morning,Android,7.0.0,Marketplace_3P,Central,1.4,2,1286,12,3,0.25,24920,2,2,False,Returning,False
ORD1150849,U186884,2024-10-24 11:39:29,Tier 2,451564,5990,7440,1450,0,Appliances,Prepaid,Morning,Android,6.5.2,Marketplace_3P,South,43.4,1,168,3,0,0.0,2330,1,0,False,Returning,False
ORD1001625,U185429,2024-10-24 13:27:26,Tier 2,240333,1680,2000,320,0,Home & Kitchen,CoD,Afternoon,Android,7.0.0,Flagship_1P,North,28.2,1,455,5,0,0.0,2130,4,0,False,Returning,False
ORD1067887,U144654,2024-10-24 16:35:55,Tier 2,263719,5250,5910,660,0,Home & Kitchen,Prepaid,Afternoon,Android,6.4.0,Marketplace_3P,East,11.5,1,1313,16,2,0.125,49770,4,2,False,Returning,False
ORD1148998,U105560,2024-10-24 17:18:36,Tier 2,714760,1330,1410,80,0,Fashion,CoD,Evening,Android,7.0.0,Flagship_1P,West,35.5,1,714,7,3,0.429,12760,6,3,False,Returning,False
ORD1211757,U148349,2024-10-24 17:26:08,Tier 2,361435,430,490,60,0,Grocery,Prepaid,Evening,iOS,7.0.0,Flagship_1P,East,3.5,2,597,8,2,0.25,8170,7,2,False,Returning,False
ORD1013017,U191331,2024-10-24 18:38:02,Tier 2,314543,3450,3980,530,0,Fashion,Prepaid,Evening,Android,7.0.0,Marketplace_3P,North,23.9,3,665,10,0,0.0,35330,3,0,False,Returning,False
ORD1165214,U175228,2024-10-24 20:06:56,Tier 2,828818,970,1100,130,0,Books,CoD,Evening,Android,6.5.2,Marketplace_3P,North,10.7,1,708,11,2,0.182,15640,3,2,False,Returning,False
ORD1052856,U154505,2024-10-24 22:54:30,Tier 1,226676,330,340,10,40,Footwear,Prepaid,Late_Night,Android,6.5.2,Marketplace_3P,East,4.8,1,849,12,5,0.417,3040,8,5,False,Returning,False
ORD1314120,U142398,2024-10-24 23:55:23,Tier 3,593225,1450,1570,120,0,Beauty,Prepaid,Late_Night,Android,7.0.0,Flagship_1P,North,11.1,1,950,10,4,0.4,21700,4,2,False,Returning,False
ORD1262196,U168295,2024-10-25 00:18:32,Tier 1,194201,11260,13840,2580,0,Electronics,CoD,Late_Night,Android,6.3.1,Local_SmallSeller,Central,23.9,1,1068,12,0,0.0,33860,5,0,False,Returning,True
ORD1011787,U176827,2024-10-25 04:01:02,Tier 1,192428,1160,1260,100,0,Fashion,CoD,Late_Night,Android,6.5.2,Local_SmallSeller,North,2.3,1,211,2,0,0.0,7300,1,0,False,Returning,False
ORD1421007,U218989,2024-10-25 08:27:11,Tier 1,622962,850,900,50,0,Toys,CoD,Morning,iOS,6.2.0,Marketplace_3P,Central,9.6,1,583,10,1,0.1,38390,4,1,False,Returning,True
ORD1088298,U140395,2024-10-25 13:21:02,Tier 2,742865,1560,1690,130,0,Grocery,CoD,Afternoon,Android,6.4.0,Local_SmallSeller,South,23.2,1,539,5,0,0.0,6770,3,0,False,Returning,True
ORD1455537,U215139,2024-10-25 14:37:36,Tier 1,280746,1080,1210,130,0,Footwear,Prepaid,Afternoon,iOS,7.0.0,Flagship_1P,Central,4.8,1,486,10,1,0.1,16440,6,1,False,Returning,False
ORD1453263,U168062,2024-10-25 17:23:08,Tier 2,328196,1790,2080,290,0,Footwear,Prepaid,Evening,Android,6.4.0,Marketplace_3P,North,13.1,1,107,2,0,0.0,8980,2,0,False,Returning,False
ORD1002396,U147743,2024-10-25 17:27:13,Tier 2,131702,900,1190,290,0,Fashion,Prepaid,Evening,Android,6.2.0,Local_SmallSeller,North,11.7,1,303,4,1,0.25,14450,1,1,False,Returning,False
ORD1235577,U158992,2024-10-25 17:57:47,Tier 1,163191,1050,1190,140,0,Fashion,CoD,Evening,Android,6.4.0,Marketplace_3P,Central,11.5,1,207,1,0,0.0,780,1,0,True,New,True
ORD1387980,U109801,2024-10-25 21:09:08,Tier 1,317717,810,990,180,0,Footwear,CoD,Evening,Android,6.5.2,Local_SmallSeller,West,4.3,1,949,5,0,0.0,3030,3,0,False,Returning,False
ORD1279621,U213189,2024-10-25 21:13:48,Tier 3,722690,12160,15720,3560,0,Electronics,CoD,Evening,iOS,6.5.2,Marketplace_3P,South,25.6,1,650,5,1,0.2,11460,2,1,False,Returning,False
ORD1238939,U168366,2024-10-25 21:43:50,Tier 1,829878,8760,10210,1450,0,Electronics,Prepaid,Evening,iOS,6.2.0,Marketplace_3P,South,1.2,1,1338,13,1,0.077,67730,9,1,False,Returning,False
ORD1366421,U201252,2024-10-26 00:37:03,Tier 1,842470,1050,1180,130,0,Fashion,Prepaid,Late_Night,Android,6.2.0,Flagship_1P,East,9.3,2,356,5,0,0.0,8060,2,0,False,Returning,False
ORD1038492,U162923,2024-10-26 00:54:41,Tier 2,575884,2510,2980,470,0,Home & Kitchen,CoD,Late_Night,iOS,6.5.2,Flagship_1P,East,8.4,1,577,11,1,0.091,25170,6,1,False,Returning,False
ORD1164704,U193802,2024-10-26 01:10:46,Tier 1,630707,15960,18430,2470,0,Mobiles,Prepaid,Late_Night,Android,6.5.2,Marketplace_3P,North,8.6,1,501,9,4,0.444,14750,5,3,False,Returning,False
ORD1230912,U205462,2024-10-26 02:29:13,Tier 3,185363,1100,1470,370,0,Fashion,Prepaid,Late_Night,iOS,6.3.1,Local_SmallSeller,Central,31.0,3,535,5,1,0.2,4240,1,1,False,Returning,False
ORD1215918,U124295,2024-10-26 04:26:11,Tier 2,839322,11710,13100,1390,0,Electronics,CoD,Late_Night,iOS,6.4.0,Local_SmallSeller,Central,14.3,1,1342,18,2,0.111,18150,11,2,False,Returning,False
ORD1468533,U195969,2024-10-26 08:09:47,Tier 1,614445,11540,14270,2730,0,Mobiles,Prepaid,Morning,Android,6.3.1,Flagship_1P,North,8.8,1,189,2,1,0.5,2290,1,1,False,Returning,False
ORD1252614,U150920,2024-10-26 08:45:52,Tier 2,148600,10180,13280,3100,0,Appliances,CoD,Morning,Android,6.5.2,Marketplace_3P,East,1.7,1,403,5,1,0.2,3300,2,1,False,Returning,False
ORD1310799,U192308,2024-10-26 19:13:52,Tier 2,638142,580,660,80,0,Fashion,Prepaid,Evening,Android,7.0.0,Marketplace_3P,West,16.8,1,1495,16,7,0.438,14710,10,7,False,Returning,False
ORD1449117,U167663,2024-10-26 19:28:45,Tier 1,342009,1630,2130,500,0,Fashion,Prepaid,Evening,Android,6.2.0,Local_SmallSeller,South,8.2,1,1433,16,4,0.25,13820,9,4,False,Returning,False
ORD1258528,U194233,2024-10-26 20:07:32,Tier 3,374228,440,520,80,40,Books,Prepaid,Evening,Android,7.0.0,Marketplace_3P,East,11.9,1,715,13,1,0.077,79440,7,1,False,Returning,False
ORD1214866,U103136,2024-10-26 20:36:34,Tier 3,726984,390,520,130,40,Books,CoD,Evening,Android,6.2.0,Local_SmallSeller,Central,46.0,1,871,11,5,0.455,6700,6,5,False,Returning,False
ORD1103466,U140577,2024-10-26 23:00:46,Tier 2,676440,2110,2420,310,0,Home & Kitchen,Prepaid,Late_Night,Android,6.2.0,Marketplace_3P,North,14.9,1,878,18,6,0.333,15760,5,4,False,Returning,False
ORD1324406,U111234,2024-10-26 23:21:27,Tier 3,203320,1590,1740,150,0,Fashion,Prepaid,Late_Night,iOS,6.5.2,Marketplace_3P,South,40.0,1,1253,15,1,0.067,14290,8,1,False,Returning,True
ORD1036228,U113921,2024-10-27 01:04:13,Tier 3,505472,430,490,60,0,Fashion,CoD,Late_Night,Android,6.4.0,Marketplace_3P,West,34.1,1,501,7,1,0.143,6910,3,1,False,Returning,True
ORD1393970,U115030,2024-10-27 06:18:34,Tier 2,236240,1300,1370,70,0,Fashion,CoD,Morning,iOS,6.5.2,Local_SmallSeller,North,16.8,1,769,5,0,0.0,4600,2,0,False,Returning,False
ORD1248115,U131014,2024-10-27 06:27:58,Tier 2,154766,6640,8400,1760,0,Appliances,CoD,Morning,Android,6.5.2,Marketplace_3P,North,11.5,1,1032,13,8,0.615,4400,12,8,False,Returning,True
ORD1206866,U121722,2024-10-27 07:50:38,Tier 2,144627,890,1150,260,0,Toys,CoD,Morning,Android,7.0.0,Flagship_1P,North,7.9,1,1143,13,1,0.077,23150,8,1,False,Returning,False
ORD1269560,U178084,2024-10-27 09:13:37,Tier 1,739714,2190,2460,270,0,Home & Kitchen,Prepaid,Morning,Android,6.5.2,Local_SmallSeller,East,15.9,1,757,7,1,0.143,4590,4,1,False,Returning,False
ORD1276989,U140192,2024-10-27 10:49:36,Tier 3,425452,270,330,60,40,Books,CoD,Morning,Android,6.5.2,Local_SmallSeller,North,4.2,1,1270,15,1,0.067,36990,3,1,False,Returning,False
ORD1150618,U175844,2024-10-27 12:09:22,Tier 2,729807,670,680,10,0,Grocery,CoD,Afternoon,Android,6.2.0,Marketplace_3P,Central,1.6,1,1074,7,1,0.143,3180,3,1,False,Returning,False
ORD1445930,U154324,2024-10-27 18:04:37,Tier 1,699696,2340,2430,90,0,Home & Kitchen,Prepaid,Evening,Android,6.4.0,Marketplace_3P,East,12.8,1,100,2,0,0.0,1800,1,0,False,Returning,False
ORD1000738,U212596,2024-10-27 20:06:58,Tier 1,580068,1950,2360,410,0,Fashion,Prepaid,Evening,Android,6.3.1,Marketplace_3P,East,2.2,1,542,4,1,0.25,1630,2,1,False,Returning,False
ORD1448337,U138679,2024-10-27 21:24:53,Tier 1,179117,440,530,90,60,Fashion,Prepaid,Evening,Android,6.4.0,Flagship_1P,Central,3.0,1,579,10,3,0.3,3000,6,3,False,Returning,False
ORD1133744,U181791,2024-10-27 21:53:56,Tier 3,217821,2190,2890,700,0,Fashion,CoD,Evening,iOS,6.5.2,Flagship_1P,South,7.2,1,306,6,0,0.0,4430,4,0,False,Returning,False
ORD1110340,U134372,2024-10-28 00:40:02,Tier 1,405619,1400,1740,340,0,Home & Kitchen,Prepaid,Late_Night,Android,6.5.2,Marketplace_3P,Central,6.4,1,490,5,3,0.6,950,4,3,False,Returning,False
ORD1009121,U180563,2024-10-28 01:10:29,Tier 2,444421,1110,1350,240,0,Fashion,CoD,Late_Night,Android,7.0.0,Local_SmallSeller,South,20.2,1,573,4,0,0.0,12710,2,0,False,Returning,True
ORD1194083,U190591,2024-10-28 01:46:36,Tier 1,738792,7280,9500,2220,0,Electronics,CoD,Late_Night,Android,6.4.0,Marketplace_3P,East,4.8,1,649,10,1,0.1,8830,3,1,False,Returning,False
ORD1250320,U183280,2024-10-28 03:17:21,Tier 2,570589,1270,1410,140,0,Fashion,CoD,Late_Night,Android,6.5.2,Marketplace_3P,Central,6.8,2,844,15,0,0.0,6720,3,0,False,Returning,False
ORD1222163,U164438,2024-10-28 05:28:44,Tier 3,481246,340,440,100,60,Grocery,CoD,Morning,Android,7.0.0,Marketplace_3P,South,19.5,1,300,4,0,0.0,7390,2,0,False,Returning,False
ORD1201281,U174756,2024-10-28 07:51:08,Tier 3,210129,900,1060,160,0,Fashion,CoD,Morning,Android,6.5.2,Marketplace_3P,South,30.0,1,1297,10,2,0.2,17160,8,2,False,Returning,False
ORD1211960,U217447,2024-10-28 10:02:47,Tier 3,642686,1020,1260,240,0,Toys,CoD,Morning,Android,7.0.0,Local_SmallSeller,North,6.4,1,50,2,0,0.0,7440,1,0,False,Returning,False
ORD1070191,U182058,2024-10-28 10:10:04,Tier 3,738656,850,1010,160,0,Footwear,Prepaid,Morning,Android,7.0.0,Marketplace_3P,Central,13.7,2,401,8,5,0.625,8670,4,2,False,Returning,False
ORD1205231,U117291,2024-10-28 12:34:56,Tier 3,619249,2880,2970,90,0,Home & Kitchen,CoD,Afternoon,Android,6.4.0,Flagship_1P,North,4.0,1,952,10,1,0.1,7630,2,1,False,Returning,True
ORD1218040,U162970,2024-10-28 13:26:29,Tier 2,472780,3650,3660,10,0,Fashion,Prepaid,Afternoon,iOS,7.0.0,Marketplace_3P,East,19.8,1,1169,14,1,0.071,12130,7,1,False,Returning,False
ORD1270561,U114277,2024-10-28 18:18:00,Tier 3,297156,2610,2970,360,0,Fashion,Prepaid,Evening,Android,6.5.2,Marketplace_3P,North,15.2,1,1205,14,6,0.429,6540,7,5,False,Returning,True
ORD1213363,U189703,2024-10-28 18:38:07,Tier 2,241295,16210,17650,1440,0,Mobiles,CoD,Evening,iOS,6.3.1,Marketplace_3P,South,20.8,1,1080,12,7,0.583,24020,9,7,False,Returning,False
ORD1302319,U104991,2024-10-28 18:55:31,Tier 1,456882,2360,2900,540,0,Fashion,CoD,Evening,Android,6.2.0,Local_SmallSeller,East,17.5,2,783,6,2,0.333,3260,2,2,False,Returning,False
ORD1430121,U195439,2024-10-28 19:48:02,Tier 3,626968,2890,2980,90,0,Home & Kitchen,CoD,Evening,Android,6.4.0,Flagship_1P,West,60.3,1,503,6,1,0.167,10490,2,1,False,Returning,True
ORD1169535,U125228,2024-10-28 21:42:27,Tier 2,501080,13250,15470,2220,0,Mobiles,CoD,Evening,Android,6.3.1,Flagship_1P,North,16.1,1,238,3,0,0.0,5000,2,0,False,Returning,False
ORD1061770,U106917,2024-10-28 22:08:30,Tier 1,249831,1750,2250,500,0,Home & Kitchen,Prepaid,Late_Night,Android,6.2.0,Marketplace_3P,Central,2.8,1,31,1,0,0.0,1060,0,0,True,New,False
ORD1443042,U197804,2024-10-29 02:12:56,Tier 2,136093,4340,5780,1440,0,Electronics,Prepaid,Late_Night,Android,6.4.0,Marketplace_3P,West,7.4,1,285,2,0,0.0,1060,2,0,False,Returning,False
ORD1433922,U129813,2024-10-29 02:26:11,Tier 2,789754,2230,2360,130,0,Fashion,Prepaid,Late_Night,Android,7.0.0,Marketplace_3P,North,1.4,3,461,10,2,0.2,29160,5,2,False,Returning,False
ORD1357600,U108500,2024-10-29 02:55:41,Tier 2,255771,450,560,110,40,Grocery,CoD,Late_Night,Android,7.0.0,Local_SmallSeller,South,36.7,1,511,11,1,0.091,4640,6,1,False,Returning,False
ORD1452318,U193919,2024-10-29 04:02:33,Tier 2,540162,10090,10920,830,0,Electronics,Prepaid,Late_Night,Android,6.2.0,Flagship_1P,West,11.6,1,1359,22,7,0.318,18100,15,7,False,Returning,False
ORD1484805,U104724,2024-10-29 06:10:21,Tier 2,522919,800,1020,220,0,Toys,CoD,Morning,Android,7.0.0,Local_SmallSeller,South,12.4,1,436,2,0,0.0,4550,1,0,False,Returning,False
ORD1070950,U123507,2024-10-29 08:43:37,Tier 1,233991,8510,9500,990,0,Electronics,CoD,Morning,Android,6.4.0,Marketplace_3P,Central,19.0,2,626,10,0,0.0,14260,7,0,False,Returning,False
ORD1138071,U136881,2024-10-29 11:19:53,Tier 1,813721,2690,3130,440,0,Home & Kitchen,Prepaid,Morning,Android,6.4.0,Marketplace_3P,South,3.5,1,145,2,0,0.0,1650,1,0,False,Returning,False
ORD1105005,U188229,2024-10-29 11:29:52,Tier 2,585496,11850,14600,2750,0,Electronics,CoD,Morning,Android,7.0.0,Marketplace_3P,North,11.0,1,1335,15,0,0.0,15450,6,0,False,Returning,False
ORD1252700,U126599,2024-10-29 15:53:24,Tier 2,677872,5940,7290,1350,0,Footwear,CoD,Afternoon,Android,7.0.0,Marketplace_3P,East,5.5,1,1204,16,4,0.25,22300,4,4,False,Returning,False
ORD1082239,U151676,2024-10-29 16:35:32,Tier 1,455211,26420,32630,6210,0,Appliances,Prepaid,Afternoon,iOS,6.2.0,Marketplace_3P,North,9.1,1,625,7,1,0.143,5210,5,1,False,Returning,False
ORD1139784,U191777,2024-10-29 17:26:38,Tier 1,281830,2190,2290,100,0,Footwear,Prepaid,Evening,Android,6.4.0,Local_SmallSeller,North,1.1,1,294,4,2,0.5,4410,2,2,False,Returning,False
ORD1196804,U171052,2024-10-29 17:47:44,Tier 2,661621,3940,4840,900,0,Electronics,Prepaid,Evening,Android,7.0.0,Marketplace_3P,North,11.4,2,1019,11,3,0.273,16930,8,3,False,Returning,False
ORD1069611,U198989,2024-10-29 20:07:21,Tier 1,813961,950,1270,320,0,Beauty,Prepaid,Evening,Android,6.4.0,Marketplace_3P,East,12.9,1,57,1,0,0.0,60,0,0,True,New,False
ORD1073524,U148761,2024-10-30 03:41:23,Tier 1,412009,4350,5320,970,0,Home & Kitchen,CoD,Late_Night,iOS,6.3.1,Marketplace_3P,North,2.9,1,901,10,1,0.1,9280,5,1,False,Returning,False
ORD1317516,U104256,2024-10-30 04:32:57,Tier 1,636874,850,930,80,0,Grocery,Prepaid,Late_Night,iOS,7.0.0,Marketplace_3P,South,9.6,1,491,7,3,0.429,19810,5,3,False,Returning,False
ORD1062134,U152590,2024-10-30 06:51:10,Tier 1,821420,880,1050,170,0,Beauty,Prepaid,Morning,Android,7.0.0,Marketplace_3P,South,4.8,1,1073,13,3,0.231,4950,9,3,False,Returning,False
ORD1293903,U185146,2024-10-30 07:19:53,Tier 2,284910,280,290,10,0,Grocery,CoD,Morning,Android,6.2.0,Marketplace_3P,West,16.8,1,1014,9,4,0.444,13590,3,3,False,Returning,False
ORD1269266,U103433,2024-10-30 07:55:27,Tier 1,437096,660,830,170,0,Fashion,Prepaid,Morning,Android,6.3.1,Local_SmallSeller,North,4.2,1,505,4,1,0.25,5420,3,1,False,Returning,False
ORD1472046,U169521,2024-10-30 09:58:06,Tier 1,374743,4380,4460,80,0,Electronics,CoD,Morning,Android,6.4.0,Marketplace_3P,Central,5.7,1,303,10,1,0.1,29920,7,1,False,Returning,True
ORD1280707,U139205,2024-10-30 10:11:40,Tier 2,833398,1870,2350,480,0,Fashion,CoD,Morning,Android,6.5.2,Flagship_1P,West,8.7,1,622,6,2,0.333,11580,2,1,False,Returning,False
ORD1149660,U112504,2024-10-30 10:26:51,Tier 3,242239,1180,1550,370,0,Footwear,Prepaid,Morning,Android,6.4.0,Marketplace_3P,West,25.6,1,644,3,1,0.333,7230,1,1,False,Returning,False
ORD1060738,U147999,2024-10-30 11:22:40,Tier 2,429051,840,850,10,0,Toys,Prepaid,Morning,Android,6.3.1,Flagship_1P,West,22.2,1,279,5,1,0.2,10060,3,1,False,Returning,False
ORD1148204,U152813,2024-10-30 12:14:52,Tier 2,780327,540,630,90,0,Books,Prepaid,Afternoon,Android,6.2.0,Local_SmallSeller,South,22.0,1,1002,15,3,0.2,28270,9,3,False,Returning,True
ORD1322106,U151017,2024-10-30 12:17:39,Tier 3,750578,4920,5070,150,0,Mobiles,Prepaid,Afternoon,iOS,6.4.0,Local_SmallSeller,South,7.5,3,641,10,1,0.1,14450,4,1,False,Returning,False
ORD1013199,U145054,2024-10-30 13:28:49,Tier 1,324981,560,650,90,0,Fashion,CoD,Afternoon,Android,6.2.0,Local_SmallSeller,East,1.6,2,877,15,9,0.6,9130,3,3,False,Returning,False
ORD1383502,U189080,2024-10-30 13:36:30,Tier 3,841575,970,1000,30,0,Toys,Prepaid,Afternoon,Android,6.3.1,Marketplace_3P,Central,57.2,1,1349,21,4,0.19,9630,18,4,False,Returning,False
ORD1033011,U153135,2024-10-30 15:22:33,Tier 1,664086,820,1050,230,0,Books,Prepaid,Afternoon,Android,7.0.0,Marketplace_3P,East,22.8,1,84,1,0,0.0,5680,1,0,True,New,False
ORD1067187,U149449,2024-10-30 16:39:48,Tier 1,198335,6470,6740,270,0,Electronics,CoD,Afternoon,Android,6.4.0,Marketplace_3P,South,14.9,1,1402,20,2,0.1,53690,12,2,False,Returning,False
ORD1204046,U180454,2024-10-30 18:54:14,Tier 2,742156,2360,2800,440,0,Beauty,Prepaid,Evening,Android,6.5.2,Marketplace_3P,East,7.7,1,1452,21,8,0.381,18970,14,8,False,Returning,False
ORD1187380,U204853,2024-10-30 21:39:33,Tier 3,179189,2530,3060,530,0,Footwear,Prepaid,Evening,iOS,6.4.0,Local_SmallSeller,North,21.2,1,281,4,1,0.25,11000,1,1,False,Returning,False
ORD1407918,U157022,2024-10-30 22:08:44,Tier 1,578071,13900,15000,1100,0,Mobiles,Prepaid,Late_Night,iOS,6.3.1,Flagship_1P,South,6.3,1,248,3,0,0.0,420,1,0,False,Returning,False
ORD1247068,U207555,2024-10-30 22:11:17,Tier 3,570796,780,960,180,0,Books,CoD,Late_Night,Android,6.5.2,Marketplace_3P,Central,28.2,2,228,4,1,0.25,3130,1,1,False,Returning,False
ORD1476348,U122124,2024-10-31 00:11:47,Tier 1,300709,1510,1630,120,0,Beauty,Prepaid,Late_Night,Android,6.3.1,Local_SmallSeller,North,9.5,3,346,6,0,0.0,1490,1,0,False,Returning,False
ORD1239613,U174244,2024-10-31 02:09:43,Tier 1,670568,3180,3590,410,0,Footwear,Prepaid,Late_Night,Android,6.4.0,Marketplace_3P,West,1.7,1,422,5,1,0.2,22270,4,1,False,Returning,False
ORD1493004,U199609,2024-10-31 02:59:09,Tier 3,682428,880,970,90,0,Footwear,CoD,Late_Night,Android,6.2.0,Local_SmallSeller,South,37.4,1,1451,19,1,0.053,28310,16,1,False,Returning,True
ORD1434866,U200727,2024-10-31 05:14:29,Tier 2,780999,780,1020,240,0,Beauty,CoD,Morning,Android,6.2.0,Marketplace_3P,East,10.2,3,663,12,0,0.0,32540,6,0,False,Returning,False
ORD1469284,U194795,2024-10-31 10:35:13,Tier 2,828930,730,960,230,0,Footwear,CoD,Morning,Android,6.5.2,Marketplace_3P,Central,16.3,1,71,1,0,0.0,2730,1,0,True,New,False
ORD1051963,U214678,2024-10-31 10:40:30,Tier 2,362637,3230,3830,600,0,Fashion,Prepaid,Morning,Android,7.0.0,Marketplace_3P,Central,15.2,1,449,7,2,0.286,14990,3,2,False,Returning,False
ORD1386253,U146401,2024-10-31 12:45:11,Tier 1,309445,1660,2120,460,0,Fashion,CoD,Afternoon,Android,6.3.1,Flagship_1P,Central,4.0,3,1073,9,2,0.222,1460,8,2,False,Returning,False
ORD1272678,U185815,2024-10-31 14:43:42,Tier 1,451769,1420,1550,130,0,Fashion,CoD,Afternoon,Android,6.2.0,Marketplace_3P,Central,7.2,1,1481,20,4,0.2,2310,5,3,False,Returning,False
ORD1281514,U117970,2024-10-31 18:02:38,Tier 1,144243,11340,14600,3260,0,Mobiles,CoD,Evening,Android,6.2.0,Local_SmallSeller,North,2.7,1,1123,16,3,0.188,50400,7,3,False,Returning,True
ORD1255583,U126327,2024-10-31 18:47:49,Tier 2,211021,1140,1480,340,0,Fashion,CoD,Evening,iOS,6.2.0,Marketplace_3P,South,24.2,1,120,4,1,0.25,4700,1,1,False,Returning,False
ORD1411638,U149797,2024-10-31 20:24:04,Tier 1,174037,980,1270,290,0,Beauty,Prepaid,Evening,Android,6.4.0,Marketplace_3P,Central,13.6,1,255,3,0,0.0,570,2,0,False,Returning,False
ORD1182862,U195492,2024-10-31 20:27:15,Tier 1,397924,870,1080,210,0,Fashion,Prepaid,Evening,Android,6.5.2,Marketplace_3P,North,4.4,1,615,10,1,0.1,31400,5,1,False,Returning,True
ORD1058191,U157823,2024-10-31 22:56:14,Tier 2,425734,15800,16480,680,0,Mobiles,Prepaid,Late_Night,iOS,6.2.0,Local_SmallSeller,West,6.1,1,829,11,3,0.273,28000,2,2,False,Returning,False
ORD1130116,U209449,2024-11-01 03:24:54,Tier 2,480303,8110,10810,2700,0,Appliances,Prepaid,Late_Night,Android,7.0.0,Marketplace_3P,East,11.8,1,1050,12,2,0.167,6450,6,2,False,Returning,False
ORD1420041,U124005,2024-11-01 08:06:11,Tier 1,443105,1430,1570,140,0,Beauty,CoD,Morning,Android,6.2.0,Local_SmallSeller,North,20.7,2,415,3,1,0.333,2520,2,1,False,Returning,False
ORD1246758,U142341,2024-11-01 08:36:22,Tier 3,764765,1920,2530,610,0,Home & Kitchen,CoD,Morning,Android,6.2.0,Marketplace_3P,West,9.3,1,269,5,1,0.2,1560,4,1,False,Returning,False
ORD1192344,U173899,2024-11-01 10:23:46,Tier 2,418568,1970,2150,180,0,Footwear,CoD,Morning,Android,6.3.1,Flagship_1P,North,5.9,2,1239,14,2,0.143,5840,6,2,False,Returning,False
ORD1243970,U194069,2024-11-01 12:22:21,Tier 3,664540,16360,20730,4370,0,Mobiles,CoD,Afternoon,Android,7.0.0,Marketplace_3P,North,37.0,1,110,2,0,0.0,3910,1,0,False,Returning,False
ORD1248371,U168903,2024-11-01 16:38:02,Tier 3,689440,1170,1500,330,0,Home & Kitchen,CoD,Afternoon,Android,6.3.1,Local_SmallSeller,South,3.1,1,1287,20,8,0.4,10450,7,4,False,Returning,False
ORD1195282,U183945,2024-11-01 21:05:36,Tier 3,238708,17010,17580,570,0,Electronics,Prepaid,Evening,Android,6.2.0,Flagship_1P,West,11.2,1,289,3,1,0.333,2810,1,1,False,Returning,False
ORD1305698,U172530,2024-11-01 21:50:29,Tier 1,781566,1950,2500,550,0,Fashion,Prepaid,Evening,iOS,6.5.2,Local_SmallSeller,South,5.4,1,163,4,0,0.0,2840,3,0,False,Returning,False
ORD1128584,U133539,2024-11-02 01:02:56,Tier 1,296069,2670,3010,340,0,Electronics,CoD,Late_Night,Android,6.5.2,Marketplace_3P,South,13.8,1,1038,14,3,0.214,36710,11,3,False,Returning,False
ORD1086098,U199739,2024-11-02 01:23:42,Tier 3,733312,4920,5280,360,0,Electronics,CoD,Late_Night,Android,6.4.0,Marketplace_3P,North,6.6,1,1427,14,0,0.0,40020,6,0,False,Returning,True
ORD1121717,U117298,2024-11-02 01:56:32,Tier 1,385159,21470,22710,1240,0,Electronics,Prepaid,Late_Night,Android,6.4.0,Flagship_1P,South,4.4,1,967,10,2,0.2,23560,8,2,False,Returning,False
ORD1197373,U111562,2024-11-02 02:51:53,Tier 1,745335,7810,9790,1980,0,Electronics,CoD,Late_Night,Android,6.5.2,Local_SmallSeller,East,8.8,2,1491,22,3,0.136,51110,18,3,False,Returning,False
ORD1452386,U170656,2024-11-02 03:20:15,Tier 2,114845,2000,2390,390,0,Footwear,Prepaid,Late_Night,Android,6.4.0,Marketplace_3P,North,11.7,1,287,5,2,0.4,5130,1,1,False,Returning,True
ORD1452525,U150172,2024-11-02 03:32:39,Tier 2,279079,7370,9550,2180,0,Electronics,CoD,Late_Night,Android,6.5.2,Marketplace_3P,South,24.4,1,233,3,2,0.667,6510,2,1,False,Returning,False
ORD1143674,U182772,2024-11-02 05:12:24,Tier 1,701519,1540,1970,430,0,Fashion,Prepaid,Morning,iOS,6.4.0,Marketplace_3P,West,6.3,1,1459,20,8,0.4,27770,16,8,False,Returning,False
ORD1486513,U185481,2024-11-02 06:28:12,Tier 3,523237,29280,39030,9750,0,Mobiles,Prepaid,Morning,iOS,6.2.0,Local_SmallSeller,East,1.4,2,897,11,6,0.545,33000,3,2,False,Returning,False
ORD1108842,U122515,2024-11-02 06:29:25,Tier 2,705533,6180,7160,980,0,Electronics,CoD,Morning,iOS,6.4.0,Flagship_1P,Central,2.3,2,11,3,0,0.0,2620,1,0,False,Returning,False
ORD1042984,U142360,2024-11-02 08:11:09,Tier 2,413829,1070,1220,150,0,Toys,CoD,Morning,Android,6.5.2,Flagship_1P,Central,23.5,1,876,7,2,0.286,6140,6,2,False,Returning,False
ORD1477626,U206982,2024-11-02 08:17:58,Tier 1,112157,790,1060,270,0,Beauty,Prepaid,Morning,iOS,7.0.0,Marketplace_3P,West,3.6,1,607,7,4,0.571,12100,4,4,False,Returning,False
ORD1258057,U133941,2024-11-02 08:22:10,Tier 3,789874,350,400,50,60,Grocery,Prepaid,Morning,Android,7.0.0,Flagship_1P,South,40.6,1,626,8,2,0.25,7830,7,2,False,Returning,False
ORD1328692,U146618,2024-11-02 13:21:41,Tier 2,642080,5140,6420,1280,0,Electronics,Prepaid,Afternoon,Android,6.2.0,Local_SmallSeller,South,1.3,1,757,6,1,0.167,26030,3,1,False,Returning,False
ORD1058641,U166437,2024-11-02 13:58:12,Tier 2,428069,1450,1660,210,0,Toys,Prepaid,Afternoon,Android,6.3.1,Local_SmallSeller,South,6.7,1,782,14,1,0.071,17110,11,1,False,Returning,False
ORD1158816,U167508,2024-11-02 15:15:18,Tier 1,399534,2250,2940,690,0,Home & Kitchen,Prepaid,Afternoon,Android,6.2.0,Marketplace_3P,Central,2.3,1,1153,9,3,0.333,14140,3,2,False,Returning,True
ORD1059681,U191811,2024-11-02 16:29:46,Tier 1,461184,1660,1820,160,0,Home & Kitchen,Prepaid,Afternoon,Android,6.3.1,Marketplace_3P,South,13.2,2,1350,20,3,0.15,36430,10,3,False,Returning,False
ORD1095901,U179671,2024-11-02 19:10:05,Tier 3,792712,2250,2290,40,0,Home & Kitchen,CoD,Evening,iOS,6.5.2,Marketplace_3P,East,14.7,1,1018,11,6,0.545,13660,8,6,False,Returning,False
ORD1113491,U214564,2024-11-02 19:33:26,Tier 2,602495,1340,1380,40,0,Footwear,Prepaid,Evening,Android,7.0.0,Marketplace_3P,West,8.1,1,1303,17,2,0.118,19830,12,2,False,Returning,False
ORD1406260,U162597,2024-11-02 20:36:10,Tier 3,667358,6910,8220,1310,0,Mobiles,CoD,Evening,iOS,6.5.2,Flagship_1P,Central,20.9,2,472,5,2,0.4,8710,3,2,False,Returning,False
ORD1128552,U124005,2024-11-02 21:10:08,Tier 3,786547,14770,17390,2620,0,Mobiles,Prepaid,Evening,Android,6.2.0,Marketplace_3P,South,16.2,1,415,3,1,0.333,2520,2,1,False,Returning,False
ORD1086529,U143878,2024-11-02 21:57:53,Tier 2,405621,2210,2540,330,0,Home & Kitchen,Prepaid,Evening,Android,6.4.0,Local_SmallSeller,Central,12.1,1,833,9,3,0.333,8580,3,2,False,Returning,False
ORD1136042,U160862,2024-11-02 22:46:11,Tier 2,705508,11280,13800,2520,0,Appliances,Prepaid,Late_Night,iOS,6.2.0,Marketplace_3P,Central,11.7,1,892,12,1,0.083,26350,10,1,False,Returning,False
ORD1462065,U193220,2024-11-02 22:48:25,Tier 3,547751,570,720,150,0,Books,CoD,Late_Night,Android,6.4.0,Marketplace_3P,Central,13.8,2,1007,14,2,0.143,48440,12,2,False,Returning,False
ORD1268228,U160766,2024-11-02 22:59:47,Tier 3,752817,650,870,220,0,Grocery,Prepaid,Late_Night,iOS,6.2.0,Marketplace_3P,North,16.5,1,1163,19,2,0.105,37750,6,2,False,Returning,False
ORD1136501,U104539,2024-11-03 01:42:56,Tier 2,743549,1630,2100,470,0,Beauty,Prepaid,Late_Night,Android,6.3.1,Local_SmallSeller,West,11.6,1,1304,13,0,0.0,34850,7,0,False,Returning,False
ORD1091176,U100921,2024-11-03 04:08:23,Tier 1,539002,1480,1820,340,0,Beauty,CoD,Late_Night,Android,6.3.1,Flagship_1P,West,7.5,1,859,14,1,0.071,17730,4,1,False,Returning,False
ORD1321378,U180360,2024-11-03 06:31:06,Tier 2,845617,2430,2610,180,0,Fashion,Prepaid,Morning,Android,6.4.0,Marketplace_3P,Central,7.2,1,872,16,3,0.188,38540,10,3,False,Returning,False
ORD1485269,U129529,2024-11-03 06:53:06,Tier 3,605333,6400,6680,280,0,Mobiles,CoD,Morning,iOS,6.4.0,Marketplace_3P,Central,6.9,1,1358,17,4,0.235,6900,11,4,False,Returning,False
ORD1128333,U125551,2024-11-03 09:10:10,Tier 2,610352,1490,1590,100,0,Home & Kitchen,Prepaid,Morning,Android,6.4.0,Marketplace_3P,West,2.6,2,1321,15,1,0.067,35740,13,1,False,Returning,True
ORD1079349,U147989,2024-11-03 10:15:29,Tier 1,231783,540,640,100,0,Beauty,CoD,Morning,Android,6.5.2,Local_SmallSeller,Central,16.8,1,515,8,0,0.0,15560,4,0,False,Returning,False
ORD1030436,U169726,2024-11-03 11:51:03,Tier 2,504184,1780,2000,220,0,Footwear,Prepaid,Morning,Android,6.4.0,Marketplace_3P,East,9.2,1,371,7,2,0.286,41410,3,2,False,Returning,False
ORD1072700,U161998,2024-11-03 14:18:52,Tier 2,194976,11530,15550,4020,0,Appliances,CoD,Afternoon,iOS,6.2.0,Marketplace_3P,South,6.0,3,1173,12,1,0.083,28250,3,1,False,Returning,False
ORD1231014,U197892,2024-11-03 15:36:42,Tier 1,721026,3150,4050,900,0,Home & Kitchen,Prepaid,Afternoon,iOS,6.4.0,Local_SmallSeller,East,4.4,1,691,15,4,0.267,26520,13,4,False,Returning,True
ORD1217302,U212550,2024-11-03 18:03:19,Tier 1,216443,320,340,20,0,Books,Prepaid,Evening,Android,7.0.0,Marketplace_3P,West,14.8,1,352,3,0,0.0,7270,2,0,False,Returning,False
ORD1449630,U202147,2024-11-03 18:55:31,Tier 3,485241,180,190,10,60,Toys,Prepaid,Evening,Android,6.5.2,Marketplace_3P,East,26.5,2,154,3,0,0.0,2220,1,0,False,Returning,False
ORD1079763,U145926,2024-11-03 19:17:59,Tier 1,432026,1580,1820,240,0,Grocery,CoD,Evening,Android,7.0.0,Flagship_1P,South,14.8,1,242,5,1,0.2,20550,1,1,False,Returning,False
ORD1049174,U197662,2024-11-03 20:15:28,Tier 3,786352,870,1080,210,0,Home & Kitchen,CoD,Evening,Android,7.0.0,Local_SmallSeller,South,30.2,2,740,12,2,0.167,31500,3,2,False,Returning,False
ORD1072234,U141674,2024-11-03 20:22:37,Tier 3,547976,760,880,120,0,Beauty,CoD,Evening,Android,6.4.0,Flagship_1P,West,32.1,1,824,16,5,0.312,52060,10,5,False,Returning,False
ORD1292401,U139964,2024-11-03 22:40:45,Tier 2,537845,400,420,20,60,Beauty,Prepaid,Late_Night,Android,7.0.0,Local_SmallSeller,Central,4.2,1,1029,10,1,0.1,5200,5,1,False,Returning,False
ORD1135189,U197757,2024-11-03 23:07:53,Tier 2,176600,1210,1320,110,0,Fashion,Prepaid,Late_Night,Android,6.4.0,Flagship_1P,South,24.7,1,1112,21,3,0.143,30290,5,3,False,Returning,False
ORD1199609,U173003,2024-11-04 00:17:22,Tier 2,394709,1480,1750,270,0,Home & Kitchen,Prepaid,Late_Night,Android,7.0.0,Local_SmallSeller,West,5.8,1,1049,11,0,0.0,29170,5,0,False,Returning,False
ORD1409753,U125214,2024-11-04 04:45:09,Tier 3,440572,2450,2790,340,0,Fashion,CoD,Late_Night,Android,7.0.0,Marketplace_3P,North,1.6,1,1357,12,6,0.5,26620,9,6,False,Returning,False
ORD1497625,U153477,2024-11-04 06:10:58,Tier 1,847971,2010,2050,40,0,Home & Kitchen,Prepaid,Morning,Android,6.5.2,Marketplace_3P,North,10.4,1,966,12,5,0.417,8320,2,2,False,Returning,False
ORD1195107,U118045,2024-11-04 07:41:21,Tier 3,368175,2050,2190,140,0,Footwear,CoD,Morning,Android,6.3.1,Local_SmallSeller,East,28.9,2,651,9,0,0.0,7060,4,0,False,Returning,True
ORD1480657,U119235,2024-11-04 08:00:07,Tier 1,524189,1420,1580,160,0,Fashion,Prepaid,Morning,Android,6.3.1,Marketplace_3P,North,5.6,1,212,3,0,0.0,6140,2,0,False,Returning,False
ORD1159333,U132779,2024-11-04 08:18:15,Tier 1,578178,9610,10600,990,0,Appliances,Prepaid,Morning,Android,6.5.2,Marketplace_3P,Central,5.6,1,1410,20,6,0.3,68930,6,3,False,Returning,False
ORD1048926,U162597,2024-11-04 12:47:19,Tier 2,319402,3920,4580,660,0,Appliances,CoD,Afternoon,Android,6.3.1,Marketplace_3P,South,12.0,1,472,5,2,0.4,8710,3,2,False,Returning,False
ORD1366638,U135784,2024-11-04 15:09:16,Tier 2,643379,1330,1570,240,0,Fashion,CoD,Afternoon,Android,7.0.0,Marketplace_3P,Central,8.0,1,1444,18,1,0.056,71820,6,1,False,Returning,False
ORD1389403,U108043,2024-11-04 18:21:51,Tier 2,707213,950,1270,320,0,Footwear,Prepaid,Evening,Android,6.3.1,Marketplace_3P,East,5.5,2,624,9,2,0.222,4400,7,2,False,Returning,False
ORD1094420,U120766,2024-11-04 18:26:14,Tier 1,760674,14110,14210,100,0,Electronics,CoD,Evening,iOS,6.5.2,Local_SmallSeller,North,5.3,1,1225,12,0,0.0,13180,9,0,False,Returning,False
ORD1245800,U192069,2024-11-04 21:18:06,Tier 2,723567,1420,1860,440,0,Home & Kitchen,CoD,Evening,Android,6.4.0,Local_SmallSeller,North,4.2,2,734,6,2,0.333,9450,3,2,False,Returning,False
ORD1087076,U166624,2024-11-04 23:31:26,Tier 1,825134,2460,2510,50,0,Home & Kitchen,Prepaid,Late_Night,Android,6.5.2,Local_SmallSeller,Central,13.0,1,1240,12,1,0.083,2860,3,1,False,Returning,False
ORD1244547,U126918,2024-11-04 23:45:32,Tier 2,261630,2150,2560,410,0,Home & Kitchen,Prepaid,Late_Night,Android,6.4.0,Marketplace_3P,East,3.4,2,723,8,2,0.25,9370,3,2,False,Returning,False
ORD1141457,U151514,2024-11-05 01:10:38,Tier 1,323576,6030,7960,1930,0,Appliances,Prepaid,Late_Night,Android,6.3.1,Marketplace_3P,North,11.5,1,1407,15,6,0.4,25920,5,3,False,Returning,False
ORD1437748,U162402,2024-11-05 02:22:54,Tier 3,810029,2000,2170,170,0,Fashion,CoD,Late_Night,Android,6.2.0,Marketplace_3P,North,14.9,1,184,1,1,1.0,40,0,0,True,New,False
ORD1202939,U115160,2024-11-05 04:45:26,Tier 2,749843,680,850,170,0,Grocery,CoD,Late_Night,Android,7.0.0,Flagship_1P,Central,12.5,1,388,7,1,0.143,9080,5,1,False,Returning,False
ORD1454654,U202341,2024-11-05 08:57:30,Tier 3,569512,18350,19460,1110,0,Mobiles,CoD,Morning,Android,6.3.1,Marketplace_3P,North,32.2,1,1053,11,0,0.0,65100,2,0,False,Returning,False
ORD1179667,U134295,2024-11-05 10:09:50,Tier 2,450124,15050,19880,4830,0,Appliances,CoD,Morning,Android,6.2.0,Local_SmallSeller,West,9.8,2,447,3,1,0.333,3020,2,1,False,Returning,False
ORD1277462,U133218,2024-11-05 16:37:01,Tier 1,194466,1870,1980,110,0,Home & Kitchen,CoD,Afternoon,Android,6.5.2,Local_SmallSeller,West,11.7,1,1283,23,1,0.043,37420,5,1,False,Returning,False
ORD1042835,U133851,2024-11-05 16:43:55,Tier 3,281250,2740,2830,90,0,Fashion,CoD,Afternoon,Android,6.2.0,Local_SmallSeller,West,40.5,1,881,13,4,0.308,21140,7,4,False,Returning,False
ORD1482463,U189479,2024-11-05 21:03:50,Tier 1,759333,1050,1210,160,0,Home & Kitchen,CoD,Evening,Android,6.3.1,Local_SmallSeller,South,14.2,1,241,8,1,0.125,16350,7,1,False,Returning,False
ORD1251373,U107574,2024-11-05 22:09:18,Tier 3,179335,330,440,110,40,Books,CoD,Late_Night,Android,6.5.2,Local_SmallSeller,West,73.4,1,192,1,1,1.0,910,1,1,True,New,False
ORD1496922,U207419,2024-11-05 22:20:13,Tier 2,481198,480,520,40,40,Toys,Prepaid,Late_Night,Android,7.0.0,Marketplace_3P,South,17.4,1,29,2,1,0.5,650,2,1,False,Returning,False
ORD1131906,U145959,2024-11-05 23:35:54,Tier 3,842324,250,260,10,40,Books,CoD,Late_Night,Android,6.4.0,Marketplace_3P,East,14.3,1,466,8,3,0.375,2510,6,3,False,Returning,False
ORD1255521,U214614,2024-11-06 00:26:43,Tier 2,690198,5070,5230,160,0,Home & Kitchen,CoD,Late_Night,Android,7.0.0,Marketplace_3P,Central,7.2,1,494,8,3,0.375,520,4,3,False,Returning,False
ORD1106549,U169959,2024-11-06 04:05:11,Tier 3,655678,5240,6570,1330,0,Fashion,CoD,Late_Night,Android,6.2.0,Local_SmallSeller,North,33.6,1,67,1,0,0.0,40,0,0,True,New,True
ORD1398327,U216687,2024-11-06 04:08:13,Tier 1,139997,13730,15050,1320,0,Electronics,CoD,Late_Night,Android,6.3.1,Marketplace_3P,South,2.8,1,526,4,0,0.0,2240,2,0,False,Returning,False
ORD1228585,U120624,2024-11-06 05:51:47,Tier 1,657609,27530,37010,9480,0,Mobiles,Prepaid,Morning,Android,6.3.1,Flagship_1P,South,7.7,2,859,10,0,0.0,39660,3,0,False,Returning,False
ORD1217529,U120626,2024-11-06 06:34:28,Tier 3,310172,300,330,30,60,Books,Prepaid,Morning,Android,7.0.0,Local_SmallSeller,North,5.9,1,1498,21,2,0.095,37890,18,2,False,Returning,False
ORD1208793,U104208,2024-11-06 06:43:02,Tier 1,372547,12710,16040,3330,0,Electronics,CoD,Morning,Android,6.5.2,Marketplace_3P,West,9.3,1,340,2,0,0.0,2760,0,0,False,Returning,False
ORD1094326,U142887,2024-11-06 10:06:35,Tier 3,233491,340,410,70,0,Beauty,CoD,Morning,iOS,6.4.0,Local_SmallSeller,West,7.9,1,1087,9,0,0.0,23580,2,0,False,Returning,False
ORD1184603,U138484,2024-11-06 10:32:05,Tier 1,403458,2900,3870,970,0,Home & Kitchen,Prepaid,Morning,iOS,6.3.1,Marketplace_3P,East,10.9,1,1058,17,3,0.176,17900,13,3,False,Returning,False
ORD1034875,U107818,2024-11-06 13:49:34,Tier 2,804349,170,180,10,60,Grocery,Prepaid,Afternoon,iOS,6.4.0,Flagship_1P,West,3.5,1,1230,11,7,0.636,19290,5,3,False,Returning,False
ORD1382492,U154741,2024-11-06 14:17:41,Tier 2,241647,1930,2290,360,0,Footwear,CoD,Afternoon,Android,6.5.2,Marketplace_3P,Central,3.4,1,487,4,2,0.5,2860,1,1,False,Returning,False
ORD1186264,U192426,2024-11-06 14:45:05,Tier 2,758313,850,900,50,0,Toys,Prepaid,Afternoon,Android,6.5.2,Flagship_1P,East,8.7,1,692,6,1,0.167,11720,5,1,False,Returning,False
ORD1275107,U167085,2024-11-06 15:39:00,Tier 1,282912,1110,1370,260,0,Books,CoD,Afternoon,Android,6.4.0,Marketplace_3P,South,11.8,1,1338,20,3,0.15,38430,16,3,False,Returning,False
ORD1114564,U181508,2024-11-06 16:11:53,Tier 1,291656,1260,1370,110,0,Footwear,Prepaid,Afternoon,Android,6.4.0,Marketplace_3P,North,11.8,1,471,6,1,0.167,18450,4,1,False,Returning,False
ORD1233161,U131737,2024-11-06 17:04:15,Tier 2,780551,6000,7940,1940,0,Appliances,CoD,Evening,Android,7.0.0,Flagship_1P,West,10.2,1,163,4,2,0.5,2530,4,2,False,Returning,False
ORD1114090,U129554,2024-11-06 17:06:19,Tier 2,736018,1620,2030,410,0,Fashion,Prepaid,Evening,Android,6.4.0,Marketplace_3P,Central,1.5,2,373,6,3,0.5,3940,2,2,False,Returning,False
ORD1441939,U161263,2024-11-06 17:18:02,Tier 3,456577,10290,13880,3590,0,Electronics,Prepaid,Evening,Android,6.2.0,Local_SmallSeller,South,14.5,1,1244,13,5,0.385,29390,10,5,False,Returning,True
ORD1219684,U163483,2024-11-06 19:45:04,Tier 1,117711,560,590,30,0,Grocery,Prepaid,Evening,Android,7.0.0,Local_SmallSeller,North,7.0,1,1459,18,0,0.0,39990,16,0,False,Returning,False
ORD1282467,U184837,2024-11-06 21:59:28,Tier 3,353555,490,600,110,60,Toys,Prepaid,Evening,iOS,6.4.0,Local_SmallSeller,Central,32.2,1,1423,13,2,0.154,7780,3,2,False,Returning,True
ORD1185401,U128460,2024-11-07 03:31:09,Tier 1,592631,1060,1260,200,0,Toys,Prepaid,Late_Night,iOS,6.5.2,Local_SmallSeller,North,9.9,1,1381,16,0,0.0,37560,13,0,False,Returning,False
ORD1241441,U100400,2024-11-07 03:36:33,Tier 3,854202,230,290,60,60,Grocery,CoD,Late_Night,Android,6.3.1,Marketplace_3P,South,26.5,1,1497,21,3,0.143,20170,19,3,False,Returning,False
ORD1029275,U151284,2024-11-07 03:44:02,Tier 2,548503,690,840,150,0,Beauty,Prepaid,Late_Night,iOS,6.4.0,Marketplace_3P,Central,4.6,2,197,3,3,1.0,1540,1,1,False,Returning,False
ORD1150181,U143882,2024-11-07 11:26:00,Tier 3,312115,2020,2720,700,0,Fashion,Prepaid,Morning,Android,6.4.0,Marketplace_3P,North,9.7,1,797,10,1,0.1,5050,4,1,False,Returning,False
ORD1122954,U105991,2024-11-07 12:09:36,Tier 1,706794,740,760,20,0,Grocery,Prepaid,Afternoon,Android,7.0.0,Marketplace_3P,East,17.3,1,709,11,5,0.455,17010,4,3,False,Returning,False
ORD1170895,U119837,2024-11-07 14:06:51,Tier 3,155787,510,540,30,0,Beauty,CoD,Afternoon,Android,6.3.1,Local_SmallSeller,Central,20.5,2,1180,8,2,0.25,10440,3,2,False,Returning,False
ORD1409388,U100226,2024-11-07 16:58:16,Tier 2,407917,2380,2640,260,0,Footwear,CoD,Afternoon,Android,6.4.0,Marketplace_3P,East,10.9,1,1213,14,2,0.143,21090,10,2,False,Returning,False
ORD1424661,U124005,2024-11-07 17:40:45,Tier 1,340010,930,1070,140,0,Grocery,Prepaid,Evening,iOS,6.5.2,Marketplace_3P,East,1.4,1,415,3,1,0.333,2520,2,1,False,Returning,False
ORD1427647,U160774,2024-11-07 19:45:52,Tier 1,256129,1010,1360,350,0,Beauty,Prepaid,Evening,Android,6.2.0,Flagship_1P,Central,11.9,2,770,9,1,0.111,13150,2,1,False,Returning,False
ORD1137107,U137827,2024-11-07 22:56:07,Tier 2,443890,2550,3090,540,0,Home & Kitchen,CoD,Late_Night,Android,6.2.0,Marketplace_3P,Central,12.5,1,165,4,0,0.0,10510,2,0,False,Returning,False
ORD1479636,U177613,2024-11-07 23:44:03,Tier 3,563375,1370,1450,80,0,Home & Kitchen,Prepaid,Late_Night,Android,6.3.1,Flagship_1P,Central,23.7,2,1098,18,5,0.278,27230,6,3,False,Returning,False
ORD1236169,U146221,2024-11-08 01:02:12,Tier 3,601710,1030,1260,230,0,Fashion,CoD,Late_Night,Android,7.0.0,Marketplace_3P,North,21.7,1,166,3,1,0.333,3490,1,1,False,Returning,False
ORD1164867,U193355,2024-11-08 01:20:35,Tier 2,397165,4670,5090,420,0,Home & Kitchen,Prepaid,Late_Night,Android,6.5.2,Marketplace_3P,South,11.0,1,1074,19,3,0.158,21820,15,3,False,Returning,False
ORD1057935,U116556,2024-11-08 02:49:17,Tier 1,518511,17750,21050,3300,0,Mobiles,Prepaid,Late_Night,Android,7.0.0,Marketplace_3P,East,9.4,1,1388,15,2,0.133,15970,9,2,False,Returning,False
ORD1306901,U111766,2024-11-08 04:36:08,Tier 3,566132,1000,1180,180,0,Fashion,Prepaid,Late_Night,iOS,6.2.0,Marketplace_3P,West,18.4,1,1439,20,3,0.15,38170,5,3,False,Returning,False
ORD1255808,U188452,2024-11-08 05:13:34,Tier 1,241284,350,410,60,60,Books,CoD,Morning,Android,6.5.2,Marketplace_3P,North,0.1,1,1012,17,3,0.176,38960,5,3,False,Returning,False
ORD1313597,U197114,2024-11-08 06:00:25,Tier 2,379682,17370,19880,2510,0,Appliances,CoD,Morning,Android,6.5.2,Marketplace_3P,West,25.3,2,102,4,0,0.0,6570,2,0,False,Returning,False
ORD1470059,U182766,2024-11-08 07:21:58,Tier 3,221114,670,880,210,0,Grocery,CoD,Morning,Android,6.5.2,Flagship_1P,Central,40.2,1,1215,15,0,0.0,12270,7,0,False,Returning,False
ORD1228116,U216536,2024-11-08 08:38:56,Tier 1,536130,1530,1890,360,0,Home & Kitchen,Prepaid,Morning,Android,6.4.0,Marketplace_3P,East,4.0,3,695,12,2,0.167,36240,8,2,False,Returning,False
ORD1357070,U100460,2024-11-08 11:03:40,Tier 2,479297,1390,1560,170,0,Grocery,CoD,Morning,Android,6.5.2,Marketplace_3P,East,6.6,1,1085,15,0,0.0,18790,7,0,False,Returning,False
ORD1228846,U168621,2024-11-08 13:57:54,Tier 3,774808,1940,2100,160,0,Electronics,CoD,Afternoon,Android,6.4.0,Marketplace_3P,North,15.6,1,581,8,2,0.25,12340,2,1,False,Returning,False
ORD1098213,U153465,2024-11-08 15:49:48,Tier 1,346407,1430,1830,400,0,Home & Kitchen,Prepaid,Afternoon,Android,6.5.2,Marketplace_3P,South,4.8,1,994,16,6,0.375,50930,13,6,False,Returning,False
ORD1252949,U196829,2024-11-08 17:52:42,Tier 1,696308,1250,1610,360,0,Fashion,Prepaid,Evening,Android,6.2.0,Flagship_1P,North,8.2,1,406,5,0,0.0,10470,3,0,False,Returning,False
ORD1276099,U181571,2024-11-08 18:41:23,Tier 1,360652,1270,1380,110,0,Grocery,Prepaid,Evening,Android,7.0.0,Marketplace_3P,West,3.8,1,556,3,0,0.0,10690,1,0,False,Returning,False
ORD1067601,U191582,2024-11-08 18:44:35,Tier 3,449960,820,860,40,0,Footwear,CoD,Evening,iOS,6.2.0,Marketplace_3P,West,23.3,1,359,6,3,0.5,7980,3,3,False,Returning,False
ORD1412726,U162074,2024-11-08 22:15:41,Tier 1,373045,16070,19440,3370,0,Appliances,CoD,Late_Night,iOS,6.5.2,Marketplace_3P,South,7.9,2,227,5,1,0.2,13810,4,1,False,Returning,False
ORD1377819,U219172,2024-11-09 00:27:40,Tier 3,633343,1020,1020,0,0,Fashion,CoD,Late_Night,iOS,6.4.0,Local_SmallSeller,East,4.0,2,1047,6,2,0.333,2810,5,2,False,Returning,False
ORD1198512,U144758,2024-11-09 00:51:58,Tier 1,537398,32200,42630,10430,0,Mobiles,Prepaid,Late_Night,Android,6.4.0,Marketplace_3P,Central,4.0,2,923,10,1,0.1,11680,3,1,False,Returning,False
ORD1229394,U203516,2024-11-09 04:05:07,Tier 1,147054,3540,4550,1010,0,Electronics,Prepaid,Late_Night,Android,6.2.0,Marketplace_3P,South,20.1,2,973,13,4,0.308,29820,7,4,False,Returning,True
ORD1383434,U209915,2024-11-09 04:24:02,Tier 2,673728,1970,2350,380,0,Fashion,CoD,Late_Night,Android,7.0.0,Flagship_1P,North,13.7,1,1074,15,4,0.267,8100,7,4,False,Returning,False
ORD1031048,U141313,2024-11-09 06:31:28,Tier 2,641077,420,480,60,40,Beauty,Prepaid,Morning,iOS,7.0.0,Marketplace_3P,South,3.6,2,525,4,2,0.5,8400,1,1,False,Returning,False
ORD1434675,U190281,2024-11-09 06:58:07,Tier 3,385241,1950,2050,100,0,Home & Kitchen,Prepaid,Morning,Android,6.2.0,Marketplace_3P,West,24.4,2,877,11,2,0.182,2950,7,2,False,Returning,False
ORD1130046,U183032,2024-11-09 08:22:00,Tier 3,598926,1020,1270,250,0,Grocery,Prepaid,Morning,Android,6.4.0,Marketplace_3P,North,23.1,1,455,10,3,0.3,12690,8,3,False,Returning,False
ORD1365200,U134589,2024-11-09 08:46:26,Tier 1,562889,1030,1180,150,0,Beauty,Prepaid,Morning,iOS,6.4.0,Marketplace_3P,South,1.2,1,310,6,0,0.0,5140,3,0,False,Returning,False
ORD1070547,U198911,2024-11-09 09:22:29,Tier 1,749252,4350,4370,20,0,Appliances,CoD,Morning,Android,6.2.0,Flagship_1P,Central,6.5,1,160,2,2,1.0,840,1,1,False,Returning,False
ORD1193536,U147109,2024-11-09 10:58:24,Tier 2,388020,2420,3010,590,0,Footwear,CoD,Morning,Android,6.3.1,Marketplace_3P,South,7.4,1,449,6,2,0.333,1670,4,2,False,Returning,False
ORD1003766,U136490,2024-11-09 14:58:59,Tier 2,796115,12360,13640,1280,0,Electronics,CoD,Afternoon,Android,7.0.0,Marketplace_3P,West,12.0,1,1176,17,2,0.118,38030,8,2,False,Returning,False
ORD1423906,U139425,2024-11-09 15:23:20,Tier 1,226922,3180,3400,220,0,Home & Kitchen,CoD,Afternoon,iOS,6.4.0,Local_SmallSeller,East,2.6,1,396,2,0,0.0,11460,2,0,False,Returning,False
ORD1191534,U134373,2024-11-09 18:37:04,Tier 3,787773,4950,6360,1410,0,Electronics,Prepaid,Evening,Android,6.2.0,Marketplace_3P,South,32.5,1,1088,22,4,0.182,33600,8,4,False,Returning,False
ORD1091512,U139486,2024-11-09 19:46:23,Tier 3,793016,1090,1140,50,0,Grocery,Prepaid,Evening,Android,6.3.1,Local_SmallSeller,South,29.0,1,311,5,0,0.0,25080,2,0,False,Returning,False
ORD1369065,U166944,2024-11-09 20:12:11,Tier 3,556181,1320,1420,100,0,Fashion,CoD,Evening,Android,6.5.2,Flagship_1P,West,20.3,1,663,8,0,0.0,6660,4,0,False,Returning,False
ORD1184409,U158694,2024-11-10 05:20:00,Tier 3,678452,21930,24750,2820,0,Mobiles,CoD,Morning,Android,6.5.2,Marketplace_3P,South,14.7,1,433,4,0,0.0,1680,3,0,False,Returning,True
ORD1328935,U173940,2024-11-10 07:20:42,Tier 1,419622,3610,3710,100,0,Home & Kitchen,Prepaid,Morning,Android,6.3.1,Marketplace_3P,East,17.8,1,625,4,1,0.25,1110,3,1,False,Returning,False
ORD1039013,U131070,2024-11-10 09:30:19,Tier 2,144926,670,900,230,0,Fashion,Prepaid,Morning,iOS,7.0.0,Marketplace_3P,Central,13.2,1,160,1,1,1.0,1700,1,1,True,New,False
ORD1244458,U182885,2024-11-10 11:01:48,Tier 2,698691,2030,2440,410,0,Toys,CoD,Morning,Android,6.2.0,Flagship_1P,Central,26.4,1,734,14,2,0.143,21110,9,2,False,Returning,True
ORD1140542,U179536,2024-11-10 11:04:08,Tier 1,158216,9480,9870,390,0,Mobiles,Prepaid,Morning,Android,6.4.0,Local_SmallSeller,West,1.7,1,905,14,5,0.357,18090,9,5,False,Returning,False
ORD1064753,U140639,2024-11-10 15:13:16,Tier 3,664913,340,430,90,0,Grocery,CoD,Afternoon,Android,6.5.2,Local_SmallSeller,West,23.9,3,1287,18,0,0.0,19260,5,0,False,Returning,True
ORD1312799,U127992,2024-11-10 17:18:44,Tier 2,387389,2170,2230,60,0,Beauty,Prepaid,Evening,Android,6.3.1,Marketplace_3P,Central,5.8,1,412,8,0,0.0,29620,4,0,False,Returning,False
ORD1480860,U180796,2024-11-10 18:28:52,Tier 2,264939,360,490,130,60,Toys,CoD,Evening,Android,6.2.0,Marketplace_3P,South,2.6,1,1471,16,1,0.062,8470,9,1,False,Returning,False
ORD1441210,U193990,2024-11-10 19:18:04,Tier 2,567751,450,510,60,0,Grocery,CoD,Evening,iOS,6.4.0,Marketplace_3P,Central,18.3,1,799,11,5,0.455,6530,9,5,False,Returning,False
ORD1009567,U157251,2024-11-10 20:15:02,Tier 2,742054,8690,10920,2230,0,Electronics,CoD,Evening,Android,6.3.1,Flagship_1P,South,14.9,2,275,7,2,0.286,7440,2,1,False,Returning,True
ORD1321366,U134601,2024-11-10 20:49:17,Tier 1,332238,190,210,20,60,Books,Prepaid,Evening,Android,6.3.1,Local_SmallSeller,North,23.3,1,1239,13,4,0.308,27080,5,4,False,Returning,True
ORD1242363,U209506,2024-11-10 20:55:20,Tier 3,217971,6140,6390,250,0,Electronics,CoD,Evening,iOS,6.4.0,Local_SmallSeller,West,11.4,1,1470,20,1,0.05,24570,17,1,False,Returning,True
ORD1492551,U163972,2024-11-11 00:40:47,Tier 2,776402,1470,1760,290,0,Footwear,CoD,Late_Night,Android,6.4.0,Flagship_1P,North,27.1,1,190,3,0,0.0,1320,2,0,False,Returning,False
ORD1382061,U129670,2024-11-11 01:01:46,Tier 3,714145,14150,15420,1270,0,Electronics,Prepaid,Late_Night,iOS,6.4.0,Marketplace_3P,West,12.0,1,596,11,3,0.273,25890,8,3,False,Returning,False
ORD1366608,U114711,2024-11-11 01:48:32,Tier 1,268531,18890,19680,790,0,Mobiles,Prepaid,Late_Night,Android,6.5.2,Flagship_1P,North,1.0,3,1239,14,6,0.429,19610,11,6,False,Returning,False
ORD1262156,U191151,2024-11-11 02:55:12,Tier 1,204742,7630,10020,2390,0,Electronics,CoD,Late_Night,Android,6.5.2,Marketplace_3P,Central,6.4,1,1060,7,1,0.143,9580,6,1,False,Returning,True
ORD1195611,U155273,2024-11-11 03:07:56,Tier 1,615117,1130,1380,250,0,Beauty,Prepaid,Late_Night,Android,7.0.0,Local_SmallSeller,South,10.6,1,1166,14,6,0.429,12260,4,3,False,Returning,False
ORD1088662,U204703,2024-11-11 04:44:36,Tier 3,395074,1220,1560,340,0,Beauty,CoD,Late_Night,Android,6.4.0,Marketplace_3P,North,9.6,1,134,2,1,0.5,1490,1,1,False,Returning,False
ORD1417509,U131706,2024-11-11 07:13:33,Tier 1,819222,8600,10930,2330,0,Mobiles,CoD,Morning,Android,6.5.2,Marketplace_3P,South,6.0,1,634,10,2,0.2,5350,2,2,False,Returning,False
ORD1438091,U197356,2024-11-11 07:20:29,Tier 2,487377,4780,5940,1160,0,Home & Kitchen,CoD,Morning,Android,6.2.0,Marketplace_3P,West,18.3,1,300,2,1,0.5,4380,1,1,False,Returning,False
ORD1040159,U108411,2024-11-11 07:55:18,Tier 2,448361,440,560,120,0,Beauty,CoD,Morning,Android,6.4.0,Marketplace_3P,West,9.4,1,346,9,0,0.0,17330,8,0,False,Returning,False
ORD1162359,U163122,2024-11-11 08:51:44,Tier 2,284696,11540,12250,710,0,Electronics,CoD,Morning,Android,6.3.1,Marketplace_3P,North,6.1,1,1245,20,5,0.25,33960,13,5,False,Returning,False
ORD1190462,U145052,2024-11-11 09:55:48,Tier 2,684917,7330,7520,190,0,Appliances,CoD,Morning,Android,6.3.1,Marketplace_3P,North,41.6,1,1084,10,4,0.4,860,4,4,False,Returning,False
ORD1364994,U187207,2024-11-11 10:30:48,Tier 1,495688,630,680,50,0,Toys,CoD,Morning,Android,6.4.0,Flagship_1P,West,7.6,1,1207,14,0,0.0,19790,8,0,False,Returning,False
ORD1342010,U201274,2024-11-11 11:46:17,Tier 3,513559,10580,13130,2550,0,Electronics,CoD,Morning,iOS,6.3.1,Marketplace_3P,East,20.0,1,369,7,1,0.143,33220,4,1,False,Returning,False
ORD1396576,U123257,2024-11-11 14:30:01,Tier 3,549148,1330,1730,400,0,Toys,CoD,Afternoon,Android,6.2.0,Local_SmallSeller,West,14.9,1,556,5,1,0.2,12180,3,1,False,Returning,False
ORD1086630,U141226,2024-11-11 14:53:49,Tier 3,525988,1370,1650,280,0,Home & Kitchen,CoD,Afternoon,Android,6.2.0,Marketplace_3P,Central,13.6,1,417,2,0,0.0,4470,1,0,False,Returning,True
ORD1184304,U161203,2024-11-11 15:38:23,Tier 2,176873,2240,2660,420,0,Home & Kitchen,Prepaid,Afternoon,iOS,7.0.0,Marketplace_3P,East,4.6,1,778,9,0,0.0,15180,8,0,False,Returning,False
ORD1192879,U142248,2024-11-11 17:01:48,Tier 2,559274,1480,1980,500,0,Home & Kitchen,CoD,Evening,Android,6.2.0,Local_SmallSeller,Central,14.9,1,1410,19,1,0.053,35230,6,1,False,Returning,False
ORD1008127,U209207,2024-11-11 17:17:36,Tier 1,321269,3670,3970,300,0,Home & Kitchen,Prepaid,Evening,iOS,6.3.1,Marketplace_3P,East,3.0,1,612,6,0,0.0,17930,5,0,False,Returning,False
ORD1405254,U159492,2024-11-11 17:50:54,Tier 3,516225,1280,1610,330,0,Fashion,Prepaid,Evening,Android,6.5.2,Local_SmallSeller,East,15.4,1,1445,16,2,0.125,48890,8,2,False,Returning,False
ORD1251320,U131958,2024-11-12 00:56:54,Tier 3,690997,370,430,60,60,Books,CoD,Late_Night,Android,6.2.0,Marketplace_3P,Central,21.1,1,1469,16,1,0.062,21370,11,1,False,Returning,False
ORD1151370,U150688,2024-11-12 07:26:39,Tier 1,758810,2130,2570,440,0,Fashion,Prepaid,Morning,Android,6.3.1,Marketplace_3P,East,2.4,1,726,16,0,0.0,12350,14,0,False,Returning,False
ORD1080962,U154623,2024-11-12 08:15:01,Tier 1,804126,930,1170,240,0,Books,Prepaid,Morning,Android,7.0.0,Marketplace_3P,Central,10.8,2,538,5,1,0.2,8320,2,1,False,Returning,False
ORD1078316,U133820,2024-11-12 08:31:55,Tier 1,729575,180,240,60,40,Grocery,Prepaid,Morning,Android,7.0.0,Marketplace_3P,North,1.4,2,694,11,3,0.273,16860,9,3,False,Returning,False
ORD1217217,U180156,2024-11-12 09:27:49,Tier 2,664731,1270,1510,240,0,Fashion,CoD,Morning,Android,6.5.2,Flagship_1P,Central,10.5,1,186,4,0,0.0,19460,1,0,False,Returning,False
ORD1245855,U197892,2024-11-12 09:52:59,Tier 2,329650,1140,1500,360,0,Fashion,Prepaid,Morning,iOS,7.0.0,Local_SmallSeller,East,1.7,1,691,15,4,0.267,26520,13,4,False,Returning,False
ORD1144623,U130807,2024-11-12 09:55:57,Tier 3,838819,960,1050,90,0,Fashion,CoD,Morning,Android,7.0.0,Marketplace_3P,Central,19.3,1,406,5,0,0.0,7490,4,0,False,Returning,False
ORD1039981,U185123,2024-11-12 13:02:56,Tier 2,768829,1060,1060,0,0,Fashion,CoD,Afternoon,Android,7.0.0,Local_SmallSeller,North,18.8,1,304,4,0,0.0,5880,1,0,False,Returning,False
ORD1499253,U183995,2024-11-12 18:14:03,Tier 1,563570,15920,21180,5260,0,Appliances,Prepaid,Evening,Android,7.0.0,Marketplace_3P,East,15.4,1,534,5,1,0.2,9840,3,1,False,Returning,False
ORD1083888,U199837,2024-11-12 20:11:23,Tier 1,787471,1090,1470,380,0,Fashion,CoD,Evening,Android,7.0.0,Flagship_1P,West,6.2,1,915,16,7,0.438,23890,3,3,False,Returning,False
ORD1029465,U200434,2024-11-12 22:33:57,Tier 1,253151,920,1150,230,0,Fashion,CoD,Late_Night,Android,6.3.1,Marketplace_3P,South,8.5,1,886,7,1,0.143,14040,6,1,False,Returning,False
ORD1380213,U140181,2024-11-13 00:57:30,Tier 1,598861,1290,1480,190,0,Fashion,CoD,Late_Night,Android,7.0.0,Marketplace_3P,South,3.1,1,743,15,1,0.067,95880,7,1,False,Returning,False
ORD1024809,U140385,2024-11-13 05:52:56,Tier 2,803948,14810,16400,1590,0,Appliances,CoD,Morning,Android,6.4.0,Marketplace_3P,East,1.1,1,23,3,0,0.0,1590,2,0,False,Returning,False
ORD1076761,U135342,2024-11-13 07:11:06,Tier 2,237879,7670,7930,260,0,Electronics,CoD,Morning,Android,6.3.1,Marketplace_3P,East,17.0,1,723,10,0,0.0,4860,3,0,False,Returning,True
ORD1289676,U185699,2024-11-13 07:58:51,Tier 2,229717,820,1100,280,0,Beauty,Prepaid,Morning,Android,7.0.0,Marketplace_3P,East,37.2,1,1399,17,0,0.0,6460,6,0,False,Returning,False
ORD1359221,U150757,2024-11-13 09:05:50,Tier 2,322729,570,590,20,0,Toys,Prepaid,Morning,iOS,6.5.2,Flagship_1P,Central,20.4,1,214,3,2,0.667,830,1,1,False,Returning,False
ORD1451026,U180597,2024-11-13 10:25:44,Tier 3,279421,8310,8700,390,0,Electronics,Prepaid,Morning,Android,6.4.0,Flagship_1P,West,29.8,1,1268,14,2,0.143,24490,4,2,False,Returning,False
ORD1415192,U125071,2024-11-13 14:55:19,Tier 3,618340,18640,24470,5830,0,Electronics,CoD,Afternoon,Android,6.4.0,Flagship_1P,East,27.2,2,352,2,0,0.0,4750,1,0,False,Returning,False
ORD1464671,U117760,2024-11-13 15:10:14,Tier 2,768793,640,850,210,0,Toys,CoD,Afternoon,Android,7.0.0,Marketplace_3P,Central,10.5,1,1083,11,0,0.0,28520,8,0,False,Returning,False
ORD1102303,U203400,2024-11-13 18:09:38,Tier 3,829600,6210,7330,1120,0,Electronics,CoD,Evening,Android,6.2.0,Marketplace_3P,West,21.0,1,975,13,0,0.0,30510,11,0,False,Returning,False
ORD1279766,U104988,2024-11-13 18:36:22,Tier 2,847387,4350,4710,360,0,Home & Kitchen,CoD,Evening,Android,7.0.0,Local_SmallSeller,Central,21.2,1,1397,15,2,0.133,2990,8,2,False,Returning,False
ORD1003496,U156371,2024-11-13 20:30:07,Tier 1,643830,2050,2540,490,0,Electronics,Prepaid,Evening,iOS,6.4.0,Flagship_1P,East,11.9,1,1005,10,3,0.3,1760,8,3,False,Returning,False
ORD1078445,U159222,2024-11-13 21:18:06,Tier 2,656602,1470,1850,380,0,Home & Kitchen,Prepaid,Evening,Android,6.3.1,Flagship_1P,East,7.9,2,353,5,0,0.0,12620,3,0,False,Returning,False
ORD1322262,U179112,2024-11-13 21:34:38,Tier 3,620548,9890,12500,2610,0,Electronics,CoD,Evening,Android,7.0.0,Marketplace_3P,Central,20.8,1,252,4,1,0.25,10790,4,1,False,Returning,False
ORD1398580,U161036,2024-11-13 21:50:21,Tier 2,147796,19320,24980,5660,0,Mobiles,Prepaid,Evening,Android,7.0.0,Marketplace_3P,Central,19.4,2,338,3,1,0.333,3390,1,1,False,Returning,False
ORD1173449,U101325,2024-11-13 23:44:27,Tier 1,646649,8430,11370,2940,0,Appliances,CoD,Late_Night,Android,6.5.2,Flagship_1P,East,6.7,1,282,4,1,0.25,4350,2,1,False,Returning,False
ORD1426048,U110543,2024-11-13 23:44:51,Tier 1,502494,7890,8520,630,0,Appliances,Prepaid,Late_Night,iOS,6.3.1,Local_SmallSeller,North,17.4,1,894,8,0,0.0,8740,6,0,False,Returning,False
ORD1391784,U166169,2024-11-14 01:37:43,Tier 2,732984,7490,9890,2400,0,Mobiles,Prepaid,Late_Night,Android,6.4.0,Flagship_1P,Central,6.3,1,550,9,0,0.0,39570,4,0,False,Returning,False
ORD1062377,U136455,2024-11-14 04:04:10,Tier 1,712605,230,270,40,60,Books,CoD,Late_Night,Android,6.5.2,Marketplace_3P,North,6.3,1,1445,18,1,0.056,30640,13,1,False,Returning,False
ORD1156457,U173805,2024-11-14 05:27:22,Tier 2,437572,13340,14940,1600,0,Mobiles,CoD,Morning,Android,6.2.0,Marketplace_3P,North,9.1,1,1431,14,5,0.357,15020,8,5,False,Returning,False
ORD1174108,U131318,2024-11-14 06:17:19,Tier 2,367287,600,750,150,0,Toys,Prepaid,Morning,Android,6.5.2,Local_SmallSeller,North,18.4,2,1160,9,0,0.0,13220,4,0,False,Returning,False
ORD1214580,U204764,2024-11-14 06:24:41,Tier 2,846514,12340,13950,1610,0,Mobiles,CoD,Morning,Android,6.2.0,Marketplace_3P,East,6.2,1,615,9,4,0.444,3520,5,3,False,Returning,False
ORD1454769,U125420,2024-11-14 07:18:04,Tier 3,190834,1360,1560,200,0,Fashion,CoD,Morning,Android,7.0.0,Flagship_1P,West,18.9,1,995,18,2,0.111,18990,7,2,False,Returning,False
ORD1074414,U201677,2024-11-14 11:17:59,Tier 2,300794,1080,1150,70,0,Fashion,CoD,Morning,Android,6.5.2,Marketplace_3P,East,5.9,1,593,8,6,0.75,5310,2,1,False,Returning,True
ORD1011921,U143097,2024-11-14 11:19:37,Tier 2,435249,380,380,0,60,Grocery,CoD,Morning,Android,6.3.1,Marketplace_3P,North,22.7,1,865,6,1,0.167,13360,4,1,False,Returning,False
ORD1003944,U185724,2024-11-14 11:31:18,Tier 1,730033,6120,7510,1390,0,Appliances,CoD,Morning,Android,6.5.2,Marketplace_3P,North,5.7,1,518,6,0,0.0,5820,2,0,False,Returning,True
ORD1188076,U198042,2024-11-14 13:06:29,Tier 1,756238,2560,2570,10,0,Fashion,CoD,Afternoon,Android,6.3.1,Local_SmallSeller,Central,6.7,1,1010,16,2,0.125,24050,11,2,False,Returning,False
ORD1316709,U126599,2024-11-14 13:28:27,Tier 3,181816,6640,7740,1100,0,Electronics,CoD,Afternoon,Android,6.4.0,Marketplace_3P,East,5.5,1,1204,16,4,0.25,22300,4,4,False,Returning,False
ORD1277608,U139162,2024-11-14 13:42:28,Tier 3,702595,3590,4260,670,0,Home & Kitchen,Prepaid,Afternoon,Android,6.5.2,Marketplace_3P,South,26.0,1,608,7,0,0.0,4470,6,0,False,Returning,False
ORD1234982,U197214,2024-11-14 15:15:15,Tier 1,360271,23200,25920,2720,0,Mobiles,CoD,Afternoon,Android,6.2.0,Flagship_1P,Central,6.3,3,563,13,1,0.077,22970,10,1,False,Returning,False
ORD1184732,U115945,2024-11-14 16:08:09,Tier 2,215684,6570,7150,580,0,Mobiles,CoD,Afternoon,Android,6.2.0,Marketplace_3P,West,10.3,1,1071,8,0,0.0,17370,3,0,False,Returning,False
ORD1338735,U147265,2024-11-14 16:50:47,Tier 3,362587,1210,1410,200,0,Home & Kitchen,CoD,Afternoon,Android,7.0.0,Flagship_1P,Central,19.5,1,1016,13,4,0.308,37970,10,4,False,Returning,False
ORD1109339,U129074,2024-11-14 21:13:41,Tier 2,443296,750,940,190,0,Beauty,Prepaid,Evening,Android,7.0.0,Local_SmallSeller,West,7.4,3,1476,16,2,0.125,27710,12,2,False,Returning,False
ORD1411810,U194445,2024-11-14 22:19:10,Tier 1,410208,16700,17980,1280,0,Mobiles,CoD,Late_Night,iOS,6.5.2,Marketplace_3P,West,4.6,1,256,3,0,0.0,7900,3,0,False,Returning,False
ORD1068847,U134527,2024-11-15 00:13:10,Tier 1,365464,710,910,200,0,Grocery,Prepaid,Late_Night,iOS,6.3.1,Marketplace_3P,West,5.2,1,609,10,4,0.4,19950,5,3,False,Returning,False
ORD1303819,U129655,2024-11-15 07:06:58,Tier 2,815703,7390,8290,900,0,Electronics,Prepaid,Morning,Android,6.2.0,Marketplace_3P,South,1.7,1,563,8,1,0.125,16470,5,1,False,Returning,False
ORD1208307,U102890,2024-11-15 10:09:57,Tier 1,409499,1660,1830,170,0,Footwear,Prepaid,Morning,Android,6.3.1,Marketplace_3P,East,10.4,1,223,3,2,0.667,1840,1,1,False,Returning,False
ORD1103046,U190328,2024-11-15 11:28:03,Tier 1,659293,32690,39720,7030,0,Mobiles,CoD,Morning,Android,6.5.2,Flagship_1P,West,2.9,1,234,3,1,0.333,4300,2,1,False,Returning,False
ORD1170015,U215379,2024-11-15 13:18:51,Tier 2,122491,1270,1300,30,0,Footwear,CoD,Afternoon,Android,6.4.0,Local_SmallSeller,West,8.6,1,373,7,1,0.143,8470,5,1,False,Returning,True
ORD1396781,U155583,2024-11-15 13:45:41,Tier 1,355745,1840,2410,570,0,Grocery,CoD,Afternoon,Android,6.4.0,Flagship_1P,Central,4.4,1,1028,12,3,0.25,7600,7,3,False,Returning,False
ORD1113352,U111922,2024-11-15 16:04:34,Tier 2,339980,4480,5060,580,0,Electronics,Prepaid,Afternoon,Android,6.5.2,Marketplace_3P,South,32.5,1,234,4,0,0.0,1020,2,0,False,Returning,False
ORD1287885,U125371,2024-11-15 16:10:41,Tier 1,666033,2260,3050,790,0,Footwear,CoD,Afternoon,Android,6.2.0,Local_SmallSeller,North,7.4,1,960,7,2,0.286,8300,5,2,False,Returning,False
ORD1020313,U114362,2024-11-15 22:57:32,Tier 1,687730,1160,1510,350,0,Toys,Prepaid,Late_Night,iOS,7.0.0,Local_SmallSeller,North,2.5,1,655,10,1,0.1,4670,8,1,False,Returning,False
ORD1047838,U211400,2024-11-15 23:05:12,Tier 2,205352,930,1120,190,0,Fashion,CoD,Late_Night,iOS,6.4.0,Flagship_1P,North,11.3,1,1387,24,3,0.125,31670,7,3,False,Returning,False
ORD1172761,U173269,2024-11-15 23:06:04,Tier 2,442741,2170,2620,450,0,Home & Kitchen,CoD,Late_Night,Android,6.3.1,Local_SmallSeller,Central,5.6,2,574,2,1,0.5,1130,1,1,False,Returning,False
ORD1453241,U183272,2024-11-15 23:58:17,Tier 1,536105,3000,3400,400,0,Electronics,CoD,Late_Night,Android,6.4.0,Marketplace_3P,Central,2.2,2,54,1,1,1.0,1530,1,1,True,New,True
ORD1137227,U150230,2024-11-16 00:05:53,Tier 2,133754,2510,2640,130,0,Fashion,CoD,Late_Night,Android,6.5.2,Flagship_1P,Central,56.5,1,420,5,1,0.2,13940,2,1,False,Returning,False
ORD1057279,U150328,2024-11-16 00:06:15,Tier 1,467717,3330,4470,1140,0,Electronics,Prepaid,Late_Night,Android,6.3.1,Marketplace_3P,Central,14.7,1,1347,15,6,0.4,4020,13,6,False,Returning,False
ORD1400071,U107802,2024-11-16 01:06:26,Tier 2,511204,1020,1160,140,0,Toys,CoD,Late_Night,Android,6.5.2,Local_SmallSeller,North,11.4,3,1215,21,3,0.143,35080,5,3,False,Returning,True
ORD1298468,U104256,2024-11-16 02:37:01,Tier 2,286684,1320,1700,380,0,Beauty,CoD,Late_Night,Android,7.0.0,Marketplace_3P,North,10.7,1,491,7,3,0.429,19810,5,3,False,Returning,False
ORD1104195,U151027,2024-11-16 03:50:17,Tier 1,359596,1370,1800,430,0,Footwear,Prepaid,Late_Night,Android,6.4.0,Marketplace_3P,West,4.7,1,169,1,0,0.0,2310,0,0,True,New,True
ORD1492511,U185759,2024-11-16 06:18:49,Tier 1,364183,3060,3810,750,0,Beauty,CoD,Morning,Android,6.2.0,Marketplace_3P,South,7.3,1,1177,15,4,0.267,13140,13,4,False,Returning,False
ORD1032954,U195187,2024-11-16 07:54:37,Tier 2,434782,6610,6800,190,0,Electronics,CoD,Morning,Android,7.0.0,Local_SmallSeller,East,19.1,1,379,5,1,0.2,2980,4,1,False,Returning,False
ORD1198896,U168650,2024-11-16 07:54:52,Tier 2,205682,710,890,180,0,Books,Prepaid,Morning,Android,6.4.0,Flagship_1P,South,33.8,2,1296,18,0,0.0,22130,15,0,False,Returning,False
ORD1397872,U120557,2024-11-16 08:54:23,Tier 3,782426,1410,1700,290,0,Footwear,Prepaid,Morning,Android,7.0.0,Marketplace_3P,Central,18.0,2,1247,9,4,0.444,20080,2,1,False,Returning,False
ORD1276319,U156115,2024-11-16 09:59:25,Tier 3,670961,5880,7540,1660,0,Electronics,CoD,Morning,Android,7.0.0,Marketplace_3P,South,4.3,1,410,4,0,0.0,3750,1,0,False,Returning,True
ORD1220252,U133331,2024-11-16 12:51:59,Tier 3,408575,2730,3280,550,0,Footwear,CoD,Afternoon,Android,7.0.0,Marketplace_3P,South,9.8,1,696,10,7,0.7,9900,6,3,False,Returning,False
ORD1181487,U184821,2024-11-16 16:26:05,Tier 2,518430,410,530,120,0,Grocery,CoD,Afternoon,Android,6.2.0,Marketplace_3P,West,5.7,1,1463,23,8,0.348,11190,9,6,False,Returning,False
ORD1157061,U201226,2024-11-16 21:22:26,Tier 1,575360,5870,7060,1190,0,Electronics,Prepaid,Evening,iOS,6.5.2,Local_SmallSeller,North,1.5,1,400,7,5,0.714,10420,6,5,False,Returning,False
ORD1496233,U159610,2024-11-16 21:26:41,Tier 2,844069,13310,17460,4150,0,Appliances,CoD,Evening,Android,6.4.0,Flagship_1P,East,30.2,3,425,4,0,0.0,7120,2,0,False,Returning,False
ORD1010794,U153823,2024-11-16 21:39:31,Tier 3,341450,17070,17770,700,0,Appliances,CoD,Evening,iOS,6.4.0,Local_SmallSeller,Central,23.5,1,1014,8,1,0.125,11260,6,1,False,Returning,True
ORD1048890,U125214,2024-11-16 21:57:16,Tier 3,721159,850,1010,160,0,Toys,Prepaid,Evening,Android,6.2.0,Flagship_1P,Central,15.2,1,1357,12,6,0.5,26620,9,6,False,Returning,False
ORD1019890,U143572,2024-11-16 23:11:29,Tier 3,788296,20540,26290,5750,0,Appliances,CoD,Late_Night,Android,6.5.2,Marketplace_3P,South,11.4,1,319,5,0,0.0,7030,3,0,False,Returning,False
ORD1288748,U103953,2024-11-17 00:17:18,Tier 2,547137,440,460,20,40,Grocery,CoD,Late_Night,Android,6.5.2,Local_SmallSeller,West,14.6,1,696,14,2,0.143,55840,9,2,False,Returning,False
ORD1422288,U207161,2024-11-17 00:37:51,Tier 2,816020,4030,4340,310,0,Footwear,Prepaid,Late_Night,Android,7.0.0,Local_SmallSeller,Central,2.4,1,831,16,0,0.0,40710,9,0,False,Returning,False
ORD1049063,U123850,2024-11-17 03:20:46,Tier 1,198147,260,320,60,40,Grocery,CoD,Late_Night,Android,7.0.0,Flagship_1P,South,3.9,1,524,11,7,0.636,26290,7,7,False,Returning,True
ORD1411771,U151316,2024-11-17 04:02:29,Tier 3,223990,1270,1320,50,0,Beauty,CoD,Late_Night,Android,6.3.1,Marketplace_3P,South,25.7,2,462,8,3,0.375,15470,3,2,False,Returning,True
ORD1097624,U169754,2024-11-17 07:09:52,Tier 3,386888,2930,3350,420,0,Home & Kitchen,CoD,Morning,Android,6.5.2,Marketplace_3P,West,34.1,1,1029,17,2,0.118,47770,9,2,False,Returning,False
ORD1083733,U146181,2024-11-17 08:09:58,Tier 2,113996,13280,16320,3040,0,Electronics,Prepaid,Morning,iOS,6.2.0,Marketplace_3P,Central,7.0,2,883,12,0,0.0,3900,8,0,False,Returning,False
ORD1044936,U197175,2024-11-17 09:16:07,Tier 1,300493,710,820,110,0,Grocery,Prepaid,Morning,Android,7.0.0,Marketplace_3P,Central,20.2,1,1085,16,3,0.188,38550,12,3,False,Returning,False
ORD1481266,U191783,2024-11-17 09:34:23,Tier 2,523503,8430,9030,600,0,Mobiles,CoD,Morning,Android,6.4.0,Marketplace_3P,North,12.3,3,1349,18,1,0.056,12560,8,1,False,Returning,False
ORD1390238,U138250,2024-11-17 09:43:56,Tier 2,797177,170,220,50,0,Books,CoD,Morning,Android,6.4.0,Local_SmallSeller,South,21.5,1,1254,18,14,0.778,20130,7,4,False,Returning,False
ORD1081827,U133139,2024-11-17 11:47:48,Tier 2,620420,1970,2540,570,0,Fashion,Prepaid,Morning,Android,6.5.2,Marketplace_3P,North,13.2,1,939,17,4,0.235,14750,13,4,False,Returning,False
ORD1053185,U167685,2024-11-17 12:28:22,Tier 3,578022,4690,5170,480,0,Electronics,CoD,Afternoon,iOS,6.3.1,Marketplace_3P,North,2.6,1,844,10,2,0.2,4490,7,2,False,Returning,False
ORD1088745,U105821,2024-11-17 14:06:46,Tier 3,855029,20430,25790,5360,0,Mobiles,CoD,Afternoon,Android,6.4.0,Local_SmallSeller,Central,9.6,1,1056,12,2,0.167,31190,7,2,False,Returning,False
ORD1303618,U126884,2024-11-17 17:05:51,Tier 1,207021,1100,1260,160,0,Beauty,Prepaid,Evening,Android,6.5.2,Local_SmallSeller,Central,15.2,1,598,7,4,0.571,16550,5,4,False,Returning,False
ORD1050884,U137297,2024-11-17 17:53:07,Tier 2,589925,2360,2650,290,0,Home & Kitchen,CoD,Evening,Android,6.5.2,Flagship_1P,North,19.7,2,51,1,0,0.0,1830,0,0,True,New,False
ORD1033442,U128852,2024-11-17 17:55:01,Tier 1,530586,1090,1150,60,0,Beauty,Prepaid,Evening,Android,6.2.0,Marketplace_3P,South,8.8,3,163,5,0,0.0,3830,4,0,False,Returning,True
ORD1013768,U186508,2024-11-17 20:15:10,Tier 2,609643,2050,2530,480,0,Fashion,Prepaid,Evening,iOS,6.4.0,Marketplace_3P,West,15.6,2,1033,10,2,0.2,15210,8,2,False,Returning,False
ORD1200626,U164572,2024-11-17 20:21:20,Tier 3,250970,9420,11740,2320,0,Mobiles,CoD,Evening,Android,6.4.0,Marketplace_3P,West,23.5,1,302,2,0,0.0,3600,1,0,False,Returning,False
ORD1470696,U135901,2024-11-17 20:34:46,Tier 3,225590,1460,1610,150,0,Footwear,CoD,Evening,iOS,7.0.0,Local_SmallSeller,North,16.5,1,1135,14,1,0.071,55160,12,1,False,Returning,False
ORD1481562,U108630,2024-11-18 03:56:15,Tier 2,171266,13380,16150,2770,0,Mobiles,Prepaid,Late_Night,iOS,6.3.1,Marketplace_3P,West,34.0,1,929,4,0,0.0,4750,2,0,False,Returning,True
ORD1472957,U102962,2024-11-18 04:36:50,Tier 2,393386,2470,3190,720,0,Home & Kitchen,CoD,Late_Night,Android,6.3.1,Marketplace_3P,North,3.9,1,1459,21,6,0.286,17130,14,6,False,Returning,False
ORD1032898,U170873,2024-11-18 07:00:30,Tier 3,249289,1500,1510,10,0,Fashion,CoD,Morning,Android,6.4.0,Marketplace_3P,North,5.8,1,647,12,1,0.083,23820,7,1,False,Returning,False
ORD1274547,U134434,2024-11-18 07:02:13,Tier 3,759591,370,500,130,0,Fashion,CoD,Morning,Android,7.0.0,Flagship_1P,East,44.9,1,1233,15,2,0.133,24740,6,2,False,Returning,False
ORD1378334,U105015,2024-11-18 08:08:32,Tier 2,650907,980,1070,90,0,Footwear,CoD,Morning,Android,6.5.2,Marketplace_3P,East,33.4,2,1405,20,0,0.0,12820,7,0,False,Returning,False
ORD1264424,U174936,2024-11-18 09:15:21,Tier 2,285514,450,560,110,0,Grocery,Prepaid,Morning,Android,6.4.0,Local_SmallSeller,North,9.7,2,83,1,0,0.0,2420,1,0,True,New,False
ORD1119121,U140847,2024-11-18 11:32:37,Tier 1,716651,390,490,100,40,Books,Prepaid,Morning,Android,6.5.2,Marketplace_3P,South,8.4,1,1266,16,1,0.062,4560,12,1,False,Returning,False
ORD1054982,U143962,2024-11-18 13:38:21,Tier 3,118741,19630,23390,3760,0,Electronics,CoD,Afternoon,Android,6.4.0,Marketplace_3P,Central,47.6,2,600,10,3,0.3,16620,5,3,False,Returning,False
ORD1044984,U146354,2024-11-18 13:55:55,Tier 1,488936,980,1030,50,0,Fashion,CoD,Afternoon,Android,6.4.0,Flagship_1P,South,12.2,1,524,6,1,0.167,3150,2,1,False,Returning,False
ORD1007426,U123034,2024-11-18 15:18:02,Tier 2,143052,1390,1640,250,0,Fashion,Prepaid,Afternoon,Android,6.5.2,Flagship_1P,East,10.6,1,646,7,2,0.286,14570,3,2,False,Returning,False
ORD1433875,U132602,2024-11-18 17:21:21,Tier 2,331693,1690,2070,380,0,Beauty,CoD,Evening,Android,7.0.0,Marketplace_3P,East,6.4,1,1055,11,1,0.091,10240,8,1,False,Returning,False
ORD1058041,U140821,2024-11-18 17:34:30,Tier 1,337876,15190,16090,900,0,Electronics,Prepaid,Evening,Android,7.0.0,Local_SmallSeller,East,5.6,1,332,8,5,0.625,15830,5,4,False,Returning,False
ORD1171594,U179778,2024-11-18 19:17:22,Tier 2,797393,31080,35570,4490,0,Mobiles,CoD,Evening,Android,6.3.1,Marketplace_3P,North,49.6,1,206,2,0,0.0,8540,1,0,False,Returning,False
ORD1000413,U105894,2024-11-18 19:48:18,Tier 3,587367,640,710,70,0,Toys,Prepaid,Evening,Android,6.2.0,Marketplace_3P,North,8.7,1,808,12,4,0.333,6020,5,4,False,Returning,False
ORD1385660,U103649,2024-11-18 19:53:35,Tier 2,158710,7810,10140,2330,0,Electronics,CoD,Evening,Android,6.4.0,Local_SmallSeller,Central,11.5,1,1106,9,2,0.222,14800,6,2,False,Returning,True
ORD1226190,U117767,2024-11-18 21:31:54,Tier 3,624926,530,570,40,0,Grocery,CoD,Evening,Android,6.5.2,Marketplace_3P,North,7.6,1,219,3,2,0.667,420,1,1,False,Returning,True
ORD1162080,U111852,2024-11-18 23:02:45,Tier 3,701308,16370,16650,280,0,Mobiles,CoD,Late_Night,iOS,6.2.0,Local_SmallSeller,West,21.0,1,1229,15,3,0.2,14080,11,3,False,Returning,True
ORD1195028,U100664,2024-11-18 23:05:35,Tier 2,732082,1060,1390,330,0,Fashion,CoD,Late_Night,Android,6.2.0,Marketplace_3P,Central,26.7,1,896,11,1,0.091,45530,6,1,False,Returning,False
ORD1269316,U173325,2024-11-18 23:24:18,Tier 2,773338,12860,15430,2570,0,Electronics,CoD,Late_Night,Android,6.4.0,Marketplace_3P,East,12.7,1,1340,9,0,0.0,10540,2,0,False,Returning,False
ORD1015320,U151447,2024-11-18 23:34:53,Tier 3,434790,1670,1790,120,0,Home & Kitchen,CoD,Late_Night,Android,7.0.0,Flagship_1P,West,17.7,1,1015,13,4,0.308,21890,11,4,False,Returning,False
ORD1074737,U189139,2024-11-19 00:04:16,Tier 2,359122,5710,6880,1170,0,Mobiles,Prepaid,Late_Night,Android,6.4.0,Marketplace_3P,North,7.5,1,127,2,0,0.0,2120,1,0,False,Returning,False
ORD1137428,U156621,2024-11-19 00:56:52,Tier 3,612887,6880,7290,410,0,Electronics,CoD,Late_Night,Android,6.4.0,Marketplace_3P,East,6.6,1,246,3,0,0.0,7830,2,0,False,Returning,True
ORD1029952,U155964,2024-11-19 01:14:39,Tier 2,404359,210,270,60,60,Books,Prepaid,Late_Night,Android,6.3.1,Marketplace_3P,East,1.7,3,979,12,4,0.333,3190,11,4,False,Returning,False
ORD1410183,U216194,2024-11-19 01:16:26,Tier 1,628030,1060,1170,110,0,Beauty,Prepaid,Late_Night,Android,6.3.1,Marketplace_3P,Central,4.7,1,1242,14,6,0.429,11930,11,6,False,Returning,False
ORD1422163,U128805,2024-11-19 07:19:19,Tier 1,696914,1470,1680,210,0,Footwear,Prepaid,Morning,Android,6.3.1,Marketplace_3P,South,3.7,1,525,7,2,0.286,3770,5,2,False,Returning,False
ORD1271419,U146357,2024-11-19 08:00:36,Tier 1,822502,11310,12320,1010,0,Electronics,CoD,Morning,Android,6.4.0,Marketplace_3P,East,7.4,1,412,7,1,0.143,7040,4,1,False,Returning,False
ORD1254072,U172276,2024-11-19 08:05:33,Tier 2,340760,13220,14670,1450,0,Appliances,CoD,Morning,Android,6.4.0,Local_SmallSeller,West,22.9,1,1269,10,3,0.3,4460,8,3,False,Returning,False
ORD1236267,U202757,2024-11-19 09:05:16,Tier 2,273607,2080,2370,290,0,Fashion,Prepaid,Morning,iOS,7.0.0,Local_SmallSeller,Central,5.2,1,1021,11,1,0.091,9270,4,1,False,Returning,False
ORD1447337,U163824,2024-11-19 10:24:30,Tier 1,789276,690,720,30,0,Books,Prepaid,Morning,Android,6.3.1,Marketplace_3P,North,3.8,1,1105,17,3,0.176,8980,13,3,False,Returning,False
ORD1167663,U162885,2024-11-19 11:48:39,Tier 1,217780,6570,7250,680,0,Electronics,Prepaid,Morning,iOS,6.2.0,Marketplace_3P,East,8.3,1,646,7,1,0.143,16060,6,1,False,Returning,False
ORD1458506,U210842,2024-11-19 12:35:09,Tier 3,598478,1070,1310,240,0,Fashion,CoD,Afternoon,iOS,6.4.0,Local_SmallSeller,East,36.7,1,1125,10,1,0.1,37400,8,1,False,Returning,True
ORD1043218,U191745,2024-11-19 14:24:24,Tier 1,778939,1880,1900,20,0,Home & Kitchen,Prepaid,Afternoon,Android,6.2.0,Marketplace_3P,Central,9.3,1,697,7,1,0.143,4320,2,1,False,Returning,False
ORD1207862,U147851,2024-11-19 14:48:54,Tier 3,817158,520,600,80,0,Fashion,CoD,Afternoon,iOS,6.4.0,Marketplace_3P,West,40.4,1,705,9,4,0.444,8320,6,4,False,Returning,False
ORD1174909,U117100,2024-11-19 16:51:29,Tier 1,436238,3330,4250,920,0,Home & Kitchen,Prepaid,Afternoon,Android,6.4.0,Marketplace_3P,Central,9.2,3,913,13,2,0.154,26660,9,2,False,Returning,False
ORD1317754,U210930,2024-11-19 17:34:40,Tier 1,826596,340,360,20,60,Grocery,CoD,Evening,Android,6.3.1,Marketplace_3P,North,2.3,1,1207,15,0,0.0,47690,9,0,False,Returning,False
ORD1430333,U166082,2024-11-19 20:53:00,Tier 1,197351,450,560,110,60,Grocery,Prepaid,Evening,Android,6.5.2,Marketplace_3P,East,10.3,1,842,10,0,0.0,12800,8,0,False,Returning,False
ORD1246512,U107060,2024-11-19 22:16:18,Tier 1,395930,1000,1120,120,0,Fashion,Prepaid,Late_Night,Android,6.5.2,Local_SmallSeller,North,6.8,1,727,5,0,0.0,18910,2,0,False,Returning,False
ORD1325495,U134641,2024-11-20 03:10:41,Tier 2,659463,1320,1510,190,0,Home & Kitchen,Prepaid,Late_Night,Android,6.3.1,Marketplace_3P,South,5.1,1,349,6,2,0.333,4790,2,1,False,Returning,False
ORD1170798,U149212,2024-11-20 04:33:20,Tier 1,733485,1840,1980,140,0,Home & Kitchen,Prepaid,Late_Night,Android,7.0.0,Marketplace_3P,East,2.3,2,1181,11,6,0.545,6880,8,5,False,Returning,False
ORD1346480,U203374,2024-11-20 04:57:08,Tier 1,623309,910,960,50,0,Beauty,CoD,Late_Night,iOS,6.5.2,Marketplace_3P,West,3.5,1,1407,12,1,0.083,6820,6,1,False,Returning,False
ORD1346586,U123237,2024-11-20 05:59:10,Tier 1,226107,1820,1940,120,0,Fashion,Prepaid,Morning,Android,6.3.1,Marketplace_3P,North,5.3,1,888,11,2,0.182,11930,6,2,False,Returning,False
ORD1094132,U173454,2024-11-20 07:46:24,Tier 1,836795,1550,1580,30,0,Beauty,Prepaid,Morning,Android,6.5.2,Flagship_1P,South,10.2,1,1293,14,4,0.286,29270,8,4,False,Returning,False
ORD1006413,U110893,2024-11-20 11:01:12,Tier 2,755074,2270,3010,740,0,Fashion,Prepaid,Morning,iOS,6.3.1,Marketplace_3P,North,11.5,1,605,8,4,0.5,6310,6,4,False,Returning,False
ORD1371230,U126168,2024-11-20 13:31:25,Tier 2,544733,6920,8710,1790,0,Home & Kitchen,CoD,Afternoon,Android,6.3.1,Marketplace_3P,West,25.7,1,729,8,1,0.125,17560,4,1,False,Returning,False
ORD1164193,U123965,2024-11-20 15:05:42,Tier 1,223317,4510,4590,80,0,Electronics,Prepaid,Afternoon,iOS,6.2.0,Flagship_1P,North,6.6,1,70,1,0,0.0,870,1,0,True,New,False
ORD1003389,U177873,2024-11-20 19:03:40,Tier 1,168750,6840,7740,900,0,Electronics,Prepaid,Evening,Android,6.4.0,Local_SmallSeller,East,1.1,1,289,8,1,0.125,11630,2,1,False,Returning,False
ORD1423987,U108783,2024-11-20 20:39:56,Tier 2,498339,6750,8740,1990,0,Electronics,CoD,Evening,Android,6.3.1,Marketplace_3P,East,13.7,1,396,4,0,0.0,4770,2,0,False,Returning,False
ORD1187256,U171421,2024-11-20 21:26:26,Tier 2,370046,1300,1310,10,0,Home & Kitchen,CoD,Evening,Android,6.4.0,Flagship_1P,West,8.3,1,950,12,1,0.083,25230,8,1,False,Returning,False
ORD1021868,U158381,2024-11-20 23:39:36,Tier 2,571358,6320,7230,910,0,Electronics,CoD,Late_Night,iOS,7.0.0,Local_SmallSeller,North,6.5,1,871,4,2,0.5,4190,3,2,False,Returning,False
ORD1497934,U106104,2024-11-21 02:33:17,Tier 2,773319,5860,6960,1100,0,Electronics,CoD,Late_Night,Android,6.4.0,Local_SmallSeller,South,1.2,1,1237,16,2,0.125,11210,5,2,False,Returning,True
ORD1039575,U204061,2024-11-21 04:14:42,Tier 2,156427,1530,1960,430,0,Footwear,CoD,Late_Night,Android,6.4.0,Marketplace_3P,Central,8.2,1,302,4,2,0.5,21110,1,1,False,Returning,False
ORD1397523,U114362,2024-11-21 05:21:27,Tier 3,408784,16260,18440,2180,0,Mobiles,CoD,Morning,Android,6.3.1,Marketplace_3P,West,10.0,2,655,10,1,0.1,4670,8,1,False,Returning,True
ORD1181095,U178062,2024-11-21 06:44:02,Tier 3,720562,1500,1640,140,0,Home & Kitchen,CoD,Morning,Android,6.4.0,Marketplace_3P,South,23.9,1,294,4,1,0.25,7710,3,1,False,Returning,False
ORD1294767,U213312,2024-11-21 09:56:46,Tier 1,495477,1310,1720,410,0,Beauty,Prepaid,Morning,iOS,6.4.0,Local_SmallSeller,North,4.0,1,261,4,0,0.0,5580,2,0,False,Returning,False
ORD1086152,U186358,2024-11-21 11:54:22,Tier 1,844188,12700,14120,1420,0,Mobiles,Prepaid,Morning,Android,6.2.0,Marketplace_3P,West,4.6,2,292,3,0,0.0,2270,2,0,False,Returning,False
ORD1428509,U205909,2024-11-21 12:23:31,Tier 2,379431,6580,8750,2170,0,Mobiles,CoD,Afternoon,Android,6.3.1,Local_SmallSeller,West,3.6,1,1105,16,6,0.375,2950,14,6,False,Returning,False
ORD1319805,U188515,2024-11-21 12:25:56,Tier 3,490406,2430,2710,280,0,Footwear,Prepaid,Afternoon,Android,6.4.0,Local_SmallSeller,West,17.9,2,188,1,0,0.0,1480,1,0,True,New,False
ORD1208819,U206412,2024-11-21 13:46:20,Tier 2,780722,1040,1060,20,0,Fashion,Prepaid,Afternoon,Android,7.0.0,Flagship_1P,North,10.2,2,1234,17,4,0.235,25200,12,4,False,Returning,False
ORD1460478,U199487,2024-11-21 15:29:51,Tier 2,634310,3240,3260,20,0,Home & Kitchen,CoD,Afternoon,Android,6.3.1,Marketplace_3P,West,10.1,2,1237,9,0,0.0,20010,5,0,False,Returning,False
ORD1110783,U151073,2024-11-21 15:49:42,Tier 2,343317,820,960,140,0,Beauty,Prepaid,Afternoon,Android,6.3.1,Local_SmallSeller,South,17.4,1,301,5,1,0.2,630,3,1,False,Returning,False
ORD1062157,U151794,2024-11-21 16:25:02,Tier 2,276294,1990,2580,590,0,Fashion,Prepaid,Afternoon,iOS,6.2.0,Marketplace_3P,North,11.1,2,1373,17,1,0.059,13490,13,1,False,Returning,False
ORD1400013,U128027,2024-11-21 16:55:50,Tier 2,403831,4890,5950,1060,0,Mobiles,CoD,Afternoon,Android,6.5.2,Marketplace_3P,South,12.6,2,1069,9,2,0.222,25300,3,2,False,Returning,True
ORD1225409,U125905,2024-11-21 20:42:55,Tier 3,603757,4830,5110,280,0,Electronics,Prepaid,Evening,Android,7.0.0,Marketplace_3P,Central,11.6,1,1229,12,0,0.0,22090,3,0,False,Returning,False
ORD1486754,U134373,2024-11-21 23:27:45,Tier 3,583643,11880,14750,2870,0,Mobiles,CoD,Late_Night,Android,7.0.0,Flagship_1P,North,38.0,1,1088,22,4,0.182,33600,8,4,False,Returning,False
ORD1035316,U154535,2024-11-22 04:14:56,Tier 1,701443,1010,1330,320,0,Footwear,Prepaid,Late_Night,Android,6.4.0,Marketplace_3P,West,15.3,1,179,1,0,0.0,2010,0,0,True,New,False
ORD1385431,U113651,2024-11-22 07:29:17,Tier 3,685053,560,590,30,0,Toys,CoD,Morning,Android,6.4.0,Marketplace_3P,North,16.6,1,1103,9,2,0.222,27810,3,2,False,Returning,False
ORD1415153,U145678,2024-11-22 09:38:27,Tier 1,308906,4180,4940,760,0,Electronics,Prepaid,Morning,Android,6.2.0,Marketplace_3P,Central,0.8,1,796,7,0,0.0,4690,3,0,False,Returning,False
ORD1343889,U110109,2024-11-22 09:59:08,Tier 2,815644,12340,13020,680,0,Mobiles,CoD,Morning,Android,6.4.0,Marketplace_3P,West,23.6,1,823,8,0,0.0,26000,3,0,False,Returning,True
ORD1071370,U154741,2024-11-22 10:42:48,Tier 3,425964,1270,1630,360,0,Toys,Prepaid,Morning,Android,6.3.1,Marketplace_3P,North,23.9,1,487,4,2,0.5,2860,1,1,False,Returning,False
ORD1487959,U173731,2024-11-22 11:30:23,Tier 2,664539,1660,2100,440,0,Grocery,CoD,Morning,Android,6.5.2,Local_SmallSeller,East,15.8,1,244,1,0,0.0,1240,1,0,True,New,False
ORD1201579,U146655,2024-11-22 12:46:42,Tier 2,352487,540,660,120,0,Toys,Prepaid,Afternoon,iOS,6.4.0,Marketplace_3P,South,18.2,1,327,2,1,0.5,5030,1,1,False,Returning,False
ORD1356821,U192873,2024-11-22 15:15:12,Tier 3,814048,840,860,20,0,Fashion,CoD,Afternoon,Android,6.2.0,Flagship_1P,Central,10.3,1,1016,10,3,0.3,1110,7,3,False,Returning,False
ORD1068214,U189124,2024-11-22 16:04:07,Tier 3,322048,920,1040,120,0,Grocery,CoD,Afternoon,Android,7.0.0,Local_SmallSeller,West,26.5,1,724,5,1,0.2,7660,3,1,False,Returning,False
ORD1218860,U108404,2024-11-22 17:29:33,Tier 2,353574,31400,39780,8380,0,Mobiles,CoD,Evening,Android,7.0.0,Marketplace_3P,South,11.9,1,159,1,0,0.0,6670,1,0,True,New,False
ORD1120234,U104095,2024-11-22 17:43:04,Tier 2,741746,1730,1950,220,0,Home & Kitchen,Prepaid,Evening,Android,6.3.1,Marketplace_3P,Central,10.4,1,820,10,1,0.1,38690,5,1,False,Returning,False
ORD1301059,U204287,2024-11-22 18:06:42,Tier 1,630409,11720,14030,2310,0,Home & Kitchen,Prepaid,Evening,Android,6.3.1,Flagship_1P,Central,9.4,1,594,5,0,0.0,10380,4,0,False,Returning,False
ORD1210841,U103990,2024-11-22 18:29:02,Tier 2,524862,14800,17310,2510,0,Mobiles,CoD,Evening,Android,6.2.0,Local_SmallSeller,Central,21.9,2,1131,16,4,0.25,15260,5,3,False,Returning,False
ORD1092254,U159082,2024-11-22 22:47:46,Tier 2,385855,1210,1220,10,0,Fashion,Prepaid,Late_Night,iOS,7.0.0,Marketplace_3P,East,14.9,2,377,5,2,0.4,4780,4,2,False,Returning,False
ORD1298933,U172855,2024-11-22 22:55:56,Tier 1,647105,1010,1170,160,0,Fashion,CoD,Late_Night,Android,6.4.0,Marketplace_3P,East,10.3,1,44,1,0,0.0,2080,1,0,True,New,True
ORD1450208,U202284,2024-11-23 00:04:57,Tier 1,388298,1790,2070,280,0,Home & Kitchen,CoD,Late_Night,iOS,7.0.0,Flagship_1P,North,3.8,2,779,8,4,0.5,9780,6,4,False,Returning,False
ORD1254590,U107953,2024-11-23 01:01:40,Tier 3,522696,950,1190,240,0,Fashion,CoD,Late_Night,Android,6.4.0,Marketplace_3P,South,41.1,1,979,8,1,0.125,11050,2,1,False,Returning,False
ORD1129026,U133298,2024-11-23 09:00:10,Tier 2,573222,1410,1860,450,0,Fashion,Prepaid,Morning,iOS,6.5.2,Marketplace_3P,Central,15.3,2,1446,16,0,0.0,2030,11,0,False,Returning,False
ORD1297965,U140953,2024-11-23 09:09:52,Tier 2,516169,650,720,70,0,Beauty,CoD,Morning,Android,7.0.0,Local_SmallSeller,East,34.0,1,30,1,0,0.0,5060,0,0,True,New,True
ORD1467471,U157444,2024-11-23 10:37:50,Tier 3,442579,8970,10090,1120,0,Mobiles,CoD,Morning,Android,6.5.2,Marketplace_3P,Central,19.4,1,704,6,1,0.167,25570,4,1,False,Returning,False
ORD1040684,U146917,2024-11-23 13:16:26,Tier 3,714494,3310,3630,320,0,Electronics,Prepaid,Afternoon,Android,6.3.1,Local_SmallSeller,North,8.1,2,1415,16,5,0.312,12790,13,5,False,Returning,False
ORD1243521,U162597,2024-11-23 15:34:06,Tier 1,175858,990,1050,60,0,Home & Kitchen,Prepaid,Afternoon,Android,6.4.0,Marketplace_3P,Central,10.7,1,472,5,2,0.4,8710,3,2,False,Returning,False
ORD1332511,U207419,2024-11-23 16:00:42,Tier 2,531978,2170,2590,420,0,Home & Kitchen,Prepaid,Afternoon,Android,6.4.0,Flagship_1P,South,4.0,1,29,2,1,0.5,650,2,1,False,Returning,False
ORD1340929,U192573,2024-11-23 18:14:27,Tier 1,589104,770,870,100,0,Fashion,Prepaid,Evening,Android,6.5.2,Flagship_1P,West,17.6,2,1244,19,5,0.263,50210,13,5,False,Returning,False
ORD1275697,U170086,2024-11-23 19:59:58,Tier 2,516899,360,480,120,40,Toys,Prepaid,Evening,Android,6.4.0,Marketplace_3P,Central,2.7,1,156,4,1,0.25,5960,1,1,False,Returning,False
ORD1466699,U148465,2024-11-23 22:26:24,Tier 1,278014,1420,1590,170,0,Fashion,Prepaid,Late_Night,iOS,6.5.2,Marketplace_3P,South,7.0,1,446,6,0,0.0,4310,5,0,False,Returning,False
ORD1011913,U141860,2024-11-23 22:53:28,Tier 3,815690,2510,2920,410,0,Electronics,CoD,Late_Night,iOS,6.2.0,Flagship_1P,Central,9.5,1,1189,19,3,0.158,34680,17,3,False,Returning,False
ORD1146011,U117297,2024-11-23 23:16:03,Tier 2,222091,200,210,10,60,Books,CoD,Late_Night,Android,6.5.2,Flagship_1P,Central,28.5,1,20,1,0,0.0,2250,1,0,True,New,False
ORD1131445,U197892,2024-11-24 01:47:24,Tier 1,307794,9170,11800,2630,0,Mobiles,CoD,Late_Night,Android,6.3.1,Marketplace_3P,East,19.0,1,691,15,4,0.267,26520,13,4,False,Returning,False
ORD1220334,U175757,2024-11-24 01:50:40,Tier 1,150496,8540,11460,2920,0,Electronics,Prepaid,Late_Night,Android,6.3.1,Local_SmallSeller,Central,12.6,2,580,6,0,0.0,800,2,0,False,Returning,False
ORD1041304,U142912,2024-11-24 04:10:50,Tier 1,609335,3480,3560,80,0,Home & Kitchen,Prepaid,Late_Night,Android,6.5.2,Marketplace_3P,South,2.3,2,1085,10,0,0.0,7740,4,0,False,Returning,False
ORD1147674,U131427,2024-11-24 04:36:06,Tier 2,563689,1190,1370,180,0,Fashion,CoD,Late_Night,iOS,6.5.2,Marketplace_3P,West,39.7,1,1448,16,4,0.25,7990,7,4,False,Returning,False
ORD1484907,U106770,2024-11-24 05:49:45,Tier 3,164201,390,420,30,40,Toys,Prepaid,Morning,Android,7.0.0,Local_SmallSeller,West,18.4,1,843,13,3,0.231,5310,12,3,False,Returning,False
ORD1395262,U213142,2024-11-24 09:02:41,Tier 2,238230,1790,2330,540,0,Footwear,CoD,Morning,iOS,7.0.0,Local_SmallSeller,South,24.7,1,623,5,2,0.4,6120,4,2,False,Returning,True
ORD1145241,U137440,2024-11-24 19:26:26,Tier 2,584828,2030,2290,260,0,Toys,CoD,Evening,Android,6.4.0,Local_SmallSeller,South,4.6,1,1407,19,2,0.105,32920,10,2,False,Returning,False
ORD1284171,U193537,2024-11-24 22:07:40,Tier 2,348411,18440,22820,4380,0,Mobiles,CoD,Late_Night,Android,7.0.0,Local_SmallSeller,West,21.0,1,1356,10,1,0.1,11450,3,1,False,Returning,True
ORD1091750,U213824,2024-11-25 02:41:42,Tier 1,650144,570,650,80,0,Books,Prepaid,Late_Night,iOS,6.4.0,Local_SmallSeller,Central,4.2,1,1350,18,2,0.111,8380,6,2,False,Returning,False
ORD1325618,U182042,2024-11-25 04:39:22,Tier 2,204904,640,680,40,0,Home & Kitchen,CoD,Late_Night,Android,6.2.0,Marketplace_3P,Central,13.9,1,829,12,6,0.5,31260,3,3,False,Returning,False
ORD1018564,U131600,2024-11-25 05:11:15,Tier 3,837455,740,780,40,0,Beauty,Prepaid,Morning,Android,7.0.0,Local_SmallSeller,Central,18.5,1,1077,12,1,0.083,29170,4,1,False,Returning,False
ORD1479536,U169297,2024-11-25 05:18:36,Tier 2,831172,620,830,210,0,Home & Kitchen,Prepaid,Morning,Android,7.0.0,Marketplace_3P,South,5.1,1,686,6,0,0.0,3760,1,0,False,Returning,False
ORD1030417,U155386,2024-11-25 07:23:04,Tier 1,265260,11560,12410,850,0,Appliances,Prepaid,Morning,iOS,6.4.0,Local_SmallSeller,Central,9.9,1,1493,24,0,0.0,22760,20,0,False,Returning,False
ORD1415889,U207394,2024-11-25 09:51:11,Tier 3,694682,1130,1260,130,0,Footwear,CoD,Morning,Android,6.2.0,Marketplace_3P,North,22.5,1,635,8,4,0.5,7580,6,4,False,Returning,False
ORD1116183,U157197,2024-11-25 10:08:22,Tier 2,380187,1020,1080,60,0,Fashion,CoD,Morning,Android,6.5.2,Marketplace_3P,West,3.8,2,224,3,0,0.0,2110,1,0,False,Returning,False
ORD1091565,U188727,2024-11-25 13:22:16,Tier 1,827141,3410,4150,740,0,Fashion,CoD,Afternoon,Android,6.2.0,Local_SmallSeller,Central,9.2,1,1346,17,2,0.118,20300,11,2,False,Returning,True
ORD1446462,U138269,2024-11-25 13:38:46,Tier 1,364783,1380,1690,310,0,Home & Kitchen,CoD,Afternoon,Android,7.0.0,Marketplace_3P,West,10.2,1,1039,15,6,0.4,20540,6,3,False,Returning,False
ORD1115852,U201627,2024-11-25 16:43:57,Tier 3,575670,2720,2990,270,0,Home & Kitchen,Prepaid,Afternoon,Android,6.3.1,Marketplace_3P,West,63.3,3,1258,17,2,0.118,5190,9,2,False,Returning,False
ORD1339181,U127348,2024-11-25 16:43:59,Tier 2,525658,1050,1120,70,0,Toys,CoD,Afternoon,Android,6.2.0,Marketplace_3P,East,11.8,1,826,9,1,0.111,4020,6,1,False,Returning,False
ORD1373250,U103388,2024-11-25 17:32:12,Tier 2,338292,2580,2800,220,0,Home & Kitchen,Prepaid,Evening,Android,7.0.0,Flagship_1P,North,22.6,3,434,9,2,0.222,2500,7,2,False,Returning,False
ORD1381320,U106374,2024-11-25 17:47:08,Tier 2,156063,200,210,10,40,Books,Prepaid,Evening,Android,6.2.0,Flagship_1P,Central,16.0,1,219,4,2,0.5,17370,3,2,False,Returning,False
ORD1452312,U134589,2024-11-25 18:26:31,Tier 3,356303,1180,1580,400,0,Beauty,Prepaid,Evening,Android,6.5.2,Marketplace_3P,North,30.2,1,310,6,0,0.0,5140,3,0,False,Returning,False
ORD1084107,U212523,2024-11-25 19:49:01,Tier 3,524604,2080,2170,90,0,Fashion,CoD,Evening,Android,7.0.0,Marketplace_3P,North,28.7,1,1316,7,1,0.143,3620,5,1,False,Returning,False
ORD1144685,U125243,2024-11-25 20:51:48,Tier 2,744452,1110,1370,260,0,Beauty,CoD,Evening,Android,7.0.0,Marketplace_3P,North,9.2,1,601,10,1,0.1,12730,3,1,False,Returning,False
ORD1275971,U219046,2024-11-25 21:19:15,Tier 2,640970,11950,14460,2510,0,Electronics,Prepaid,Evening,Android,6.3.1,Marketplace_3P,West,17.0,1,487,6,2,0.333,9370,1,1,False,Returning,False
ORD1427097,U142808,2024-11-25 21:22:28,Tier 1,700095,13450,17460,4010,0,Electronics,CoD,Evening,iOS,7.0.0,Marketplace_3P,West,3.4,1,26,2,1,0.5,2860,1,1,False,Returning,False
ORD1064375,U155315,2024-11-25 23:04:00,Tier 3,688102,880,970,90,0,Fashion,CoD,Late_Night,Android,7.0.0,Marketplace_3P,South,10.0,3,750,11,0,0.0,27340,6,0,False,Returning,True
ORD1188175,U100923,2024-11-26 03:07:31,Tier 2,598785,4870,5220,350,0,Electronics,Prepaid,Late_Night,Android,6.5.2,Flagship_1P,East,11.2,1,218,3,1,0.333,1450,1,1,False,Returning,False
ORD1030984,U152317,2024-11-26 04:23:50,Tier 2,169707,830,910,80,0,Toys,Prepaid,Late_Night,Android,7.0.0,Flagship_1P,South,23.3,1,1445,25,3,0.12,81500,19,3,False,Returning,False
ORD1010513,U160501,2024-11-26 06:00:10,Tier 1,193861,670,890,220,0,Grocery,Prepaid,Morning,Android,7.0.0,Marketplace_3P,West,7.3,1,1222,11,1,0.091,6280,6,1,False,Returning,False
ORD1313846,U184198,2024-11-26 08:27:17,Tier 3,548837,2430,3140,710,0,Fashion,CoD,Morning,Android,6.4.0,Marketplace_3P,North,11.2,1,117,2,1,0.5,300,0,0,False,Returning,False
ORD1260967,U145124,2024-11-26 08:57:34,Tier 1,732992,17510,22820,5310,0,Electronics,Prepaid,Morning,Android,6.5.2,Marketplace_3P,East,13.0,1,644,8,0,0.0,9950,5,0,False,Returning,False
ORD1282554,U133560,2024-11-26 08:59:53,Tier 1,529626,970,1130,160,0,Fashion,CoD,Morning,iOS,6.5.2,Flagship_1P,West,13.3,1,917,8,0,0.0,13650,4,0,False,Returning,False
ORD1086052,U218889,2024-11-26 09:15:25,Tier 2,469749,1740,1820,80,0,Fashion,Prepaid,Morning,Android,6.4.0,Flagship_1P,South,4.3,2,354,7,4,0.571,12670,3,2,False,Returning,False
ORD1103902,U116962,2024-11-26 09:48:23,Tier 1,716294,7830,8290,460,0,Electronics,Prepaid,Morning,Android,6.4.0,Local_SmallSeller,West,4.6,1,262,2,1,0.5,1120,1,1,False,Returning,False
ORD1424401,U104768,2024-11-26 13:06:06,Tier 2,841601,980,1260,280,0,Fashion,Prepaid,Afternoon,Android,6.5.2,Marketplace_3P,South,8.3,3,171,3,1,0.333,3360,1,1,False,Returning,False
ORD1288017,U109292,2024-11-26 17:13:24,Tier 2,556442,1110,1230,120,0,Fashion,Prepaid,Evening,Android,6.4.0,Local_SmallSeller,North,18.9,1,1377,14,1,0.071,33370,3,1,False,Returning,False
ORD1279500,U141584,2024-11-26 17:29:36,Tier 1,256743,2810,3060,250,0,Home & Kitchen,Prepaid,Evening,Android,6.4.0,Flagship_1P,North,2.8,1,1334,13,2,0.154,16960,3,2,False,Returning,False
ORD1197806,U130752,2024-11-26 19:38:52,Tier 1,849233,4070,4120,50,0,Electronics,Prepaid,Evening,Android,6.4.0,Flagship_1P,East,8.5,1,1429,7,3,0.429,13760,2,2,False,Returning,False
ORD1023583,U174138,2024-11-26 19:50:52,Tier 2,580462,5070,5240,170,0,Mobiles,Prepaid,Evening,Android,6.2.0,Local_SmallSeller,East,8.3,1,920,14,0,0.0,14860,12,0,False,Returning,False
ORD1150711,U203822,2024-11-26 20:49:19,Tier 3,507742,2590,3200,610,0,Fashion,Prepaid,Evening,Android,6.3.1,Marketplace_3P,West,19.6,2,223,4,1,0.25,6440,3,1,False,Returning,False
ORD1157131,U185440,2024-11-26 22:43:45,Tier 3,139918,1610,1950,340,0,Fashion,Prepaid,Late_Night,iOS,6.2.0,Flagship_1P,South,40.1,1,740,13,1,0.077,29560,8,1,False,Returning,False
ORD1097834,U209044,2024-11-27 02:33:02,Tier 2,306214,1330,1730,400,0,Grocery,CoD,Late_Night,Android,7.0.0,Marketplace_3P,Central,16.6,1,588,12,2,0.167,27040,6,2,False,Returning,False
ORD1115508,U122473,2024-11-27 04:52:40,Tier 2,511125,4210,4350,140,0,Electronics,CoD,Late_Night,iOS,7.0.0,Marketplace_3P,East,3.0,1,59,2,0,0.0,3640,2,0,False,Returning,False
ORD1158800,U197574,2024-11-27 05:16:04,Tier 3,841901,9480,10270,790,0,Electronics,CoD,Morning,iOS,6.3.1,Marketplace_3P,Central,4.6,2,307,2,0,0.0,3510,1,0,False,Returning,False
ORD1116189,U105750,2024-11-27 05:28:15,Tier 1,488405,1590,1870,280,0,Fashion,Prepaid,Morning,Android,7.0.0,Marketplace_3P,West,12.2,1,1321,14,1,0.071,11730,10,1,False,Returning,False
ORD1214630,U103063,2024-11-27 10:13:18,Tier 2,551209,3820,4930,1110,0,Electronics,Prepaid,Morning,iOS,6.5.2,Marketplace_3P,East,20.5,1,191,3,0,0.0,3700,2,0,False,Returning,False
ORD1170195,U190846,2024-11-27 11:26:34,Tier 2,644782,750,870,120,0,Grocery,CoD,Morning,Android,6.5.2,Marketplace_3P,West,6.6,1,554,6,1,0.167,10880,2,1,False,Returning,False
ORD1291151,U195193,2024-11-27 13:05:45,Tier 2,117493,2850,3770,920,0,Mobiles,CoD,Afternoon,Android,6.5.2,Marketplace_3P,North,3.8,1,1143,15,6,0.4,39200,9,6,False,Returning,False
ORD1176065,U210435,2024-11-27 16:05:27,Tier 1,720713,1290,1520,230,0,Toys,Prepaid,Afternoon,Android,6.4.0,Local_SmallSeller,East,8.0,1,741,11,3,0.273,4790,4,2,False,Returning,False
ORD1251505,U104426,2024-11-27 21:59:30,Tier 3,126218,3260,3810,550,0,Electronics,Prepaid,Evening,Android,6.2.0,Marketplace_3P,East,16.0,2,386,7,1,0.143,1470,6,1,False,Returning,False
ORD1226631,U196955,2024-11-27 23:44:07,Tier 1,165100,410,520,110,40,Books,Prepaid,Late_Night,Android,6.2.0,Marketplace_3P,Central,10.9,1,406,8,0,0.0,14780,3,0,False,Returning,True
ORD1341053,U196326,2024-11-28 00:54:29,Tier 1,307229,13090,13860,770,0,Mobiles,CoD,Late_Night,Android,6.3.1,Local_SmallSeller,West,3.2,1,711,11,4,0.364,36670,2,1,False,Returning,False
ORD1088020,U117276,2024-11-28 07:27:35,Tier 2,134631,890,1120,230,0,Fashion,Prepaid,Morning,iOS,6.2.0,Local_SmallSeller,East,3.1,2,806,12,3,0.25,41890,4,3,False,Returning,False
ORD1291315,U207781,2024-11-28 08:39:12,Tier 1,596039,600,700,100,0,Beauty,Prepaid,Morning,Android,6.5.2,Local_SmallSeller,North,4.1,2,134,1,1,1.0,960,1,1,True,New,False
ORD1200630,U165640,2024-11-28 10:21:13,Tier 2,358650,1370,1580,210,0,Home & Kitchen,Prepaid,Morning,Android,7.0.0,Flagship_1P,South,10.7,1,886,7,3,0.429,11650,5,3,False,Returning,False
ORD1344035,U197141,2024-11-28 11:27:51,Tier 3,809351,2370,2980,610,0,Home & Kitchen,CoD,Morning,Android,6.3.1,Marketplace_3P,South,10.2,1,457,5,4,0.8,570,2,2,False,Returning,False
ORD1253650,U168865,2024-11-28 14:29:01,Tier 3,609916,650,780,130,0,Fashion,CoD,Afternoon,Android,6.3.1,Local_SmallSeller,South,32.8,1,1235,13,3,0.231,19170,5,3,False,Returning,False
ORD1120801,U170096,2024-11-28 16:16:51,Tier 1,183224,2220,2830,610,0,Home & Kitchen,CoD,Afternoon,Android,6.2.0,Local_SmallSeller,North,4.6,1,1393,13,0,0.0,43020,9,0,False,Returning,False
ORD1332144,U181685,2024-11-28 17:30:05,Tier 1,485610,780,950,170,0,Grocery,Prepaid,Evening,Android,6.3.1,Marketplace_3P,East,18.9,1,934,9,3,0.333,12350,2,2,False,Returning,False
ORD1351478,U138650,2024-11-28 20:16:00,Tier 1,243322,1690,2180,490,0,Footwear,CoD,Evening,iOS,6.4.0,Marketplace_3P,West,4.3,1,9,2,1,0.5,1070,1,1,False,Returning,True
ORD1199562,U194688,2024-11-28 20:52:22,Tier 3,492249,12020,14930,2910,0,Electronics,Prepaid,Evening,iOS,6.3.1,Flagship_1P,West,10.2,1,1127,10,0,0.0,18320,3,0,False,Returning,False
ORD1037626,U168566,2024-11-28 22:29:50,Tier 3,349917,14450,16830,2380,0,Electronics,CoD,Late_Night,Android,6.4.0,Flagship_1P,East,47.3,1,1013,13,3,0.231,23390,10,3,False,Returning,False
ORD1127393,U151009,2024-11-29 01:14:31,Tier 1,192376,1390,1850,460,0,Fashion,CoD,Late_Night,iOS,6.2.0,Marketplace_3P,West,2.8,1,1203,15,4,0.267,31540,6,4,False,Returning,False
ORD1403759,U213917,2024-11-29 01:50:03,Tier 3,314378,640,860,220,0,Toys,CoD,Late_Night,Android,6.4.0,Marketplace_3P,South,27.1,3,161,3,2,0.667,1240,1,1,False,Returning,False
ORD1119957,U112288,2024-11-29 02:50:48,Tier 3,575954,910,1030,120,0,Fashion,Prepaid,Late_Night,Android,6.2.0,Flagship_1P,North,11.3,1,918,10,2,0.2,4320,6,2,False,Returning,False
ORD1037559,U153619,2024-11-29 08:04:12,Tier 1,424277,2150,2500,350,0,Fashion,Prepaid,Morning,Android,6.5.2,Local_SmallSeller,East,3.8,2,1405,12,1,0.083,36080,9,1,False,Returning,False
ORD1345732,U132125,2024-11-29 12:24:45,Tier 3,139894,9590,12580,2990,0,Mobiles,Prepaid,Afternoon,Android,6.5.2,Marketplace_3P,East,9.1,1,677,11,0,0.0,14790,5,0,False,Returning,False
ORD1452029,U159041,2024-11-29 13:08:37,Tier 2,459189,1430,1910,480,0,Beauty,Prepaid,Afternoon,Android,6.2.0,Marketplace_3P,Central,2.7,2,888,11,5,0.455,28860,8,5,False,Returning,False
ORD1425922,U166602,2024-11-29 15:44:42,Tier 1,213924,1910,2270,360,0,Home & Kitchen,Prepaid,Afternoon,iOS,6.4.0,Marketplace_3P,Central,24.5,2,245,6,0,0.0,7450,5,0,False,Returning,False
ORD1141433,U121768,2024-11-29 15:44:56,Tier 2,181304,150,180,30,0,Books,Prepaid,Afternoon,iOS,6.5.2,Local_SmallSeller,South,19.2,1,1342,27,13,0.481,25600,7,7,False,Returning,False
ORD1387750,U109491,2024-11-29 15:50:42,Tier 1,661488,1000,1090,90,0,Fashion,Prepaid,Afternoon,Android,6.4.0,Marketplace_3P,South,14.6,3,788,10,1,0.1,69220,3,1,False,Returning,False
ORD1186460,U164670,2024-11-29 16:10:04,Tier 3,372440,8920,11900,2980,0,Electronics,CoD,Afternoon,iOS,7.0.0,Marketplace_3P,North,17.9,1,1222,16,3,0.188,67720,7,3,False,Returning,False
ORD1107800,U194405,2024-11-29 16:23:20,Tier 2,441506,2030,2200,170,0,Electronics,CoD,Afternoon,iOS,7.0.0,Local_SmallSeller,North,26.4,1,386,6,2,0.333,4320,3,2,False,Returning,False
ORD1107625,U208281,2024-11-29 16:23:48,Tier 1,820949,1270,1560,290,0,Fashion,Prepaid,Afternoon,iOS,6.4.0,Local_SmallSeller,South,8.8,2,354,5,0,0.0,14790,1,0,False,Returning,False
ORD1450767,U205030,2024-11-29 21:59:06,Tier 3,775300,1190,1570,380,0,Fashion,CoD,Evening,Android,7.0.0,Local_SmallSeller,South,8.1,1,1475,14,7,0.5,8140,12,7,False,Returning,False
ORD1412146,U207419,2024-11-29 23:52:25,Tier 2,568601,890,890,0,0,Beauty,Prepaid,Late_Night,Android,7.0.0,Local_SmallSeller,East,39.7,1,29,2,1,0.5,650,2,1,False,Returning,False
ORD1343733,U185161,2024-11-30 00:06:28,Tier 3,398138,980,1240,260,0,Beauty,CoD,Late_Night,Android,6.3.1,Marketplace_3P,West,27.1,1,346,4,0,0.0,5900,3,0,False,Returning,False
ORD1078343,U122936,2024-11-30 00:35:07,Tier 3,733590,3160,4260,1100,0,Electronics,CoD,Late_Night,Android,6.2.0,Marketplace_3P,South,9.0,1,1224,16,4,0.25,27370,12,4,False,Returning,False
ORD1092824,U184667,2024-11-30 00:35:57,Tier 2,150603,1640,1750,110,0,Footwear,Prepaid,Late_Night,Android,6.2.0,Marketplace_3P,North,2.2,1,259,3,0,0.0,8110,1,0,False,Returning,True
ORD1244910,U206929,2024-11-30 02:57:48,Tier 2,682617,1400,1630,230,0,Beauty,CoD,Late_Night,Android,6.5.2,Local_SmallSeller,West,9.2,1,903,8,2,0.25,16530,3,2,False,Returning,False
ORD1270377,U131548,2024-11-30 07:10:50,Tier 3,388251,2280,2380,100,0,Home & Kitchen,CoD,Morning,Android,6.2.0,Marketplace_3P,West,16.3,2,687,10,2,0.2,24330,8,2,False,Returning,False
ORD1420879,U129258,2024-11-30 07:39:05,Tier 2,681451,14650,16850,2200,0,Mobiles,CoD,Morning,Android,6.3.1,Local_SmallSeller,South,6.5,1,701,10,2,0.2,7820,8,2,False,Returning,True
ORD1323229,U132261,2024-11-30 09:01:11,Tier 1,130073,2200,2670,470,0,Fashion,Prepaid,Morning,Android,6.3.1,Local_SmallSeller,East,14.0,1,912,7,3,0.429,16880,6,3,False,Returning,True
ORD1249943,U169632,2024-11-30 15:06:27,Tier 2,125181,7490,9250,1760,0,Electronics,CoD,Afternoon,Android,6.4.0,Marketplace_3P,West,4.8,1,426,6,1,0.167,9250,3,1,False,Returning,False
ORD1021231,U115420,2024-11-30 16:27:07,Tier 1,236178,8680,8840,160,0,Mobiles,CoD,Afternoon,Android,6.2.0,Flagship_1P,Central,3.5,1,652,6,1,0.167,1850,2,1,False,Returning,False
ORD1271982,U194996,2024-11-30 16:27:19,Tier 3,177865,210,230,20,0,Grocery,CoD,Afternoon,Android,6.4.0,Marketplace_3P,South,34.6,1,60,1,0,0.0,580,1,0,True,New,False
ORD1298063,U151973,2024-11-30 20:48:51,Tier 2,448412,7940,10280,2340,0,Electronics,Prepaid,Evening,Android,6.3.1,Flagship_1P,South,8.5,1,914,15,1,0.067,54900,8,1,False,Returning,False
ORD1482157,U194443,2024-11-30 21:01:46,Tier 2,226273,3120,4150,1030,0,Electronics,CoD,Evening,Android,7.0.0,Flagship_1P,East,47.5,1,1316,21,17,0.81,5790,19,17,False,Returning,False
ORD1493095,U126145,2024-11-30 21:18:04,Tier 1,469053,4930,5140,210,0,Appliances,Prepaid,Evening,iOS,6.3.1,Local_SmallSeller,East,1.0,1,1416,17,9,0.529,7260,9,6,False,Returning,False
ORD1380349,U145446,2024-11-30 22:11:35,Tier 2,367628,680,820,140,0,Fashion,CoD,Late_Night,Android,6.5.2,Marketplace_3P,East,20.5,1,744,13,3,0.231,15640,6,3,False,Returning,False
ORD1059559,U102260,2024-11-30 23:33:21,Tier 1,726862,900,1080,180,0,Fashion,Prepaid,Late_Night,Android,6.2.0,Marketplace_3P,South,11.1,1,36,1,1,1.0,580,1,1,True,New,False
ORD1094049,U188023,2024-12-01 00:58:12,Tier 1,291846,1200,1290,90,0,Fashion,CoD,Late_Night,Android,6.5.2,Marketplace_3P,North,5.4,2,678,8,0,0.0,13160,4,0,False,Returning,False
ORD1208525,U156247,2024-12-01 01:04:41,Tier 3,801899,2900,3460,560,0,Home & Kitchen,CoD,Late_Night,Android,6.2.0,Marketplace_3P,North,43.9,3,640,10,0,0.0,6430,2,0,False,Returning,False
ORD1349461,U147217,2024-12-01 01:41:32,Tier 1,638615,9000,9240,240,0,Electronics,Prepaid,Late_Night,Android,6.5.2,Marketplace_3P,West,2.9,1,1415,16,3,0.188,5170,12,3,False,Returning,True
ORD1495692,U164279,2024-12-01 03:57:18,Tier 2,652075,10060,12160,2100,0,Mobiles,CoD,Late_Night,Android,7.0.0,Marketplace_3P,South,6.3,1,1317,19,1,0.053,10220,16,1,False,Returning,False
ORD1113904,U216292,2024-12-01 04:26:30,Tier 1,527791,7720,8850,1130,0,Electronics,Prepaid,Late_Night,iOS,6.4.0,Flagship_1P,South,6.1,1,629,10,1,0.1,7490,4,1,False,Returning,False
ORD1088468,U194973,2024-12-01 05:54:59,Tier 1,168016,13340,16450,3110,0,Electronics,Prepaid,Morning,Android,6.5.2,Local_SmallSeller,Central,6.2,1,771,9,1,0.111,34440,3,1,False,Returning,False
ORD1172322,U201226,2024-12-01 06:13:18,Tier 2,608669,7810,7990,180,0,Home & Kitchen,Prepaid,Morning,Android,6.2.0,Marketplace_3P,West,13.1,1,400,7,5,0.714,10420,6,5,False,Returning,False
ORD1143324,U194204,2024-12-01 09:40:45,Tier 1,789273,8880,9650,770,0,Electronics,CoD,Morning,Android,6.2.0,Marketplace_3P,West,17.7,1,852,15,3,0.2,11020,8,3,False,Returning,True
ORD1070871,U141089,2024-12-01 12:28:59,Tier 3,268007,1570,1730,160,0,Fashion,CoD,Afternoon,Android,6.4.0,Flagship_1P,South,49.1,1,1276,19,1,0.053,31450,7,1,False,Returning,False
ORD1343104,U191880,2024-12-01 12:29:38,Tier 2,354196,3300,3750,450,0,Electronics,CoD,Afternoon,Android,6.2.0,Local_SmallSeller,North,5.1,1,436,7,0,0.0,4680,2,0,False,Returning,False
ORD1429480,U215889,2024-12-01 17:09:52,Tier 2,491333,7040,8250,1210,0,Appliances,Prepaid,Evening,Android,6.2.0,Marketplace_3P,West,17.9,2,581,5,0,0.0,9620,4,0,False,Returning,False
ORD1429618,U172190,2024-12-01 17:50:55,Tier 1,833100,7600,9280,1680,0,Electronics,Prepaid,Evening,iOS,6.2.0,Marketplace_3P,East,9.0,1,412,6,1,0.167,13710,3,1,False,Returning,False
ORD1271228,U199313,2024-12-01 17:54:20,Tier 1,356189,15200,18210,3010,0,Mobiles,Prepaid,Evening,Android,6.3.1,Marketplace_3P,North,3.2,1,1316,12,2,0.167,23300,5,2,False,Returning,False
ORD1430396,U215958,2024-12-01 18:06:23,Tier 3,715413,4020,4710,690,0,Fashion,Prepaid,Evening,iOS,6.4.0,Local_SmallSeller,North,7.8,1,1313,13,3,0.231,31610,8,3,False,Returning,False
ORD1119286,U175238,2024-12-01 22:00:49,Tier 2,457076,1900,2420,520,0,Home & Kitchen,Prepaid,Late_Night,Android,6.5.2,Marketplace_3P,West,18.9,2,575,5,3,0.6,7680,1,1,False,Returning,False
ORD1151097,U148592,2024-12-02 01:17:26,Tier 3,408128,1570,1840,270,0,Fashion,CoD,Late_Night,iOS,6.5.2,Marketplace_3P,North,14.6,1,964,9,1,0.111,7980,3,1,False,Returning,False
ORD1265721,U211177,2024-12-02 02:26:03,Tier 1,390312,250,270,20,0,Grocery,CoD,Late_Night,Android,6.2.0,Local_SmallSeller,North,0.8,2,1160,7,2,0.286,36890,6,2,False,Returning,False
ORD1217833,U134864,2024-12-02 04:41:10,Tier 3,484960,1740,1900,160,0,Toys,CoD,Late_Night,Android,6.5.2,Marketplace_3P,East,9.2,1,269,2,1,0.5,1720,1,1,False,Returning,False
ORD1448843,U160836,2024-12-02 06:03:06,Tier 3,336027,4890,5440,550,0,Electronics,Prepaid,Morning,Android,6.4.0,Marketplace_3P,Central,4.4,1,139,2,1,0.5,1970,1,1,False,Returning,False
ORD1145373,U171701,2024-12-02 07:53:11,Tier 1,128758,17520,20950,3430,0,Mobiles,CoD,Morning,Android,6.3.1,Marketplace_3P,Central,8.6,1,1458,18,1,0.056,65020,7,1,False,Returning,False
ORD1190628,U152652,2024-12-02 08:31:15,Tier 2,250002,1080,1340,260,0,Toys,Prepaid,Morning,iOS,6.4.0,Marketplace_3P,Central,14.6,1,132,5,1,0.2,8990,3,1,False,Returning,False
ORD1322731,U114052,2024-12-02 08:35:22,Tier 2,419463,1800,1970,170,0,Fashion,CoD,Morning,Android,6.4.0,Local_SmallSeller,West,8.3,1,899,7,0,0.0,12780,2,0,False,Returning,False
ORD1068730,U127523,2024-12-02 08:41:26,Tier 3,726750,1060,1410,350,0,Footwear,CoD,Morning,Android,6.3.1,Local_SmallSeller,East,14.5,2,1414,19,3,0.158,10020,5,3,False,Returning,False
ORD1489663,U118417,2024-12-02 09:40:10,Tier 3,502450,14550,17530,2980,0,Mobiles,CoD,Morning,Android,7.0.0,Marketplace_3P,South,19.9,1,355,5,2,0.4,6490,1,1,False,Returning,False
ORD1433164,U141637,2024-12-02 11:57:19,Tier 2,613404,1720,1800,80,0,Fashion,CoD,Morning,Android,6.2.0,Flagship_1P,Central,35.2,1,1444,23,11,0.478,44900,14,11,False,Returning,False
ORD1299230,U217796,2024-12-02 12:29:35,Tier 3,136757,3920,3950,30,0,Home & Kitchen,CoD,Afternoon,Android,7.0.0,Flagship_1P,North,7.7,1,1342,11,2,0.182,31920,9,2,False,Returning,False
ORD1372551,U120476,2024-12-02 16:29:05,Tier 2,472134,3870,4160,290,0,Electronics,CoD,Afternoon,Android,6.3.1,Flagship_1P,East,19.8,2,539,7,1,0.143,11630,2,1,False,Returning,True
ORD1286885,U130642,2024-12-03 00:15:29,Tier 2,385326,3830,4610,780,0,Home & Kitchen,CoD,Late_Night,Android,6.4.0,Marketplace_3P,South,5.2,2,912,11,3,0.273,2910,3,3,False,Returning,False
ORD1222555,U183252,2024-12-03 00:30:27,Tier 1,412425,460,530,70,0,Beauty,Prepaid,Late_Night,Android,6.3.1,Local_SmallSeller,East,5.4,1,800,15,1,0.067,14220,10,1,False,Returning,False
ORD1274825,U108534,2024-12-03 01:01:15,Tier 3,344398,8840,8960,120,0,Electronics,Prepaid,Late_Night,Android,6.2.0,Marketplace_3P,West,12.1,1,1223,10,4,0.4,13050,6,4,False,Returning,False
ORD1305405,U108120,2024-12-03 01:17:46,Tier 3,555332,830,1080,250,0,Toys,CoD,Late_Night,Android,6.4.0,Marketplace_3P,West,40.0,3,1450,11,5,0.455,36380,7,4,False,Returning,False
ORD1306797,U117037,2024-12-03 05:17:45,Tier 2,487396,1750,1900,150,0,Beauty,Prepaid,Morning,Android,6.5.2,Marketplace_3P,South,12.3,1,41,1,0,0.0,3410,0,0,True,New,False
ORD1269570,U153274,2024-12-03 06:22:21,Tier 2,480600,990,1180,190,0,Fashion,Prepaid,Morning,Android,6.2.0,Local_SmallSeller,South,14.2,1,1455,22,2,0.091,52320,11,2,False,Returning,False
ORD1115758,U172115,2024-12-03 07:52:16,Tier 3,735688,1420,1540,120,0,Beauty,CoD,Morning,iOS,6.4.0,Marketplace_3P,West,7.1,1,696,6,2,0.333,2340,3,2,False,Returning,False
ORD1091761,U110995,2024-12-03 07:56:14,Tier 2,254537,1290,1450,160,0,Fashion,CoD,Morning,Android,6.2.0,Marketplace_3P,Central,16.6,1,342,5,0,0.0,2650,4,0,False,Returning,False
ORD1274567,U188248,2024-12-03 08:57:12,Tier 1,445045,2130,2610,480,0,Fashion,CoD,Morning,Android,6.3.1,Local_SmallSeller,South,4.6,1,385,5,1,0.2,14280,3,1,False,Returning,False
ORD1323021,U178849,2024-12-03 16:41:11,Tier 2,636941,7690,8640,950,0,Mobiles,CoD,Afternoon,Android,6.4.0,Local_SmallSeller,North,7.8,1,618,8,1,0.125,21940,3,1,False,Returning,False
ORD1313162,U182553,2024-12-03 18:22:04,Tier 1,363871,8600,10790,2190,0,Appliances,CoD,Evening,Android,6.4.0,Marketplace_3P,North,5.6,2,189,2,1,0.5,2440,1,1,False,Returning,False
ORD1278818,U162597,2024-12-03 22:28:07,Tier 1,682241,1390,1870,480,0,Toys,CoD,Late_Night,Android,6.4.0,Marketplace_3P,West,10.2,1,472,5,2,0.4,8710,3,2,False,Returning,False
ORD1129862,U175238,2024-12-04 00:40:01,Tier 3,471402,1770,2260,490,0,Fashion,Prepaid,Late_Night,Android,6.3.1,Marketplace_3P,North,14.4,1,575,5,3,0.6,7680,1,1,False,Returning,True
ORD1201595,U147656,2024-12-04 00:44:38,Tier 3,842422,850,900,50,0,Home & Kitchen,CoD,Late_Night,Android,7.0.0,Marketplace_3P,North,18.9,1,559,6,1,0.167,4180,4,1,False,Returning,False
ORD1474803,U211523,2024-12-04 01:13:48,Tier 2,508098,3900,4400,500,0,Home & Kitchen,CoD,Late_Night,Android,6.2.0,Marketplace_3P,South,10.3,1,654,6,1,0.167,6280,2,1,False,Returning,False
ORD1399578,U138846,2024-12-04 04:07:15,Tier 2,293537,3050,3980,930,0,Home & Kitchen,Prepaid,Late_Night,Android,6.4.0,Flagship_1P,West,15.1,1,1428,15,0,0.0,21340,10,0,False,Returning,False
ORD1424702,U100848,2024-12-04 05:15:25,Tier 1,733317,560,720,160,0,Grocery,CoD,Morning,iOS,7.0.0,Local_SmallSeller,Central,10.2,3,1230,12,2,0.167,8610,9,2,False,Returning,False
ORD1262055,U218402,2024-12-04 06:07:32,Tier 2,488510,1460,1660,200,0,Footwear,Prepaid,Morning,Android,6.3.1,Marketplace_3P,West,2.9,2,1064,12,0,0.0,12850,8,0,False,Returning,False
ORD1447299,U216356,2024-12-04 07:19:53,Tier 3,462628,2330,2360,30,0,Footwear,CoD,Morning,Android,6.5.2,Local_SmallSeller,West,12.4,1,313,4,1,0.25,1380,3,1,False,Returning,False
ORD1072545,U138175,2024-12-04 11:25:11,Tier 2,647641,1460,1510,50,0,Fashion,Prepaid,Morning,Android,6.5.2,Local_SmallSeller,East,4.4,2,417,8,0,0.0,13920,6,0,False,Returning,False
ORD1122204,U101204,2024-12-04 13:14:46,Tier 3,798373,4770,5830,1060,0,Home & Kitchen,CoD,Afternoon,Android,6.2.0,Flagship_1P,South,12.3,1,976,9,0,0.0,21910,6,0,False,Returning,False
ORD1182925,U150100,2024-12-04 16:43:27,Tier 2,172396,470,510,40,60,Fashion,CoD,Afternoon,Android,6.4.0,Marketplace_3P,East,10.0,1,480,5,0,0.0,10920,4,0,False,Returning,False
ORD1300781,U179656,2024-12-04 17:11:09,Tier 1,605042,700,810,110,0,Grocery,Prepaid,Evening,Android,7.0.0,Local_SmallSeller,West,24.6,1,167,6,1,0.167,8690,1,1,False,Returning,False
ORD1169455,U131775,2024-12-04 21:38:18,Tier 2,765679,980,1000,20,0,Books,CoD,Evening,Android,7.0.0,Marketplace_3P,West,8.3,1,1105,15,8,0.533,15760,8,5,False,Returning,False
ORD1484125,U141693,2024-12-04 21:58:17,Tier 1,518946,520,630,110,0,Footwear,Prepaid,Evening,iOS,6.2.0,Marketplace_3P,East,7.6,1,1181,9,1,0.111,33740,5,1,False,Returning,False
ORD1296297,U109696,2024-12-04 22:59:41,Tier 1,778028,2140,2800,660,0,Home & Kitchen,CoD,Late_Night,Android,6.5.2,Marketplace_3P,Central,7.8,1,205,1,0,0.0,1630,1,0,True,New,False
ORD1177832,U129001,2024-12-04 23:54:12,Tier 2,738303,860,940,80,0,Toys,Prepaid,Late_Night,Android,6.5.2,Marketplace_3P,South,4.1,1,779,8,3,0.375,16340,5,3,False,Returning,False
ORD1156345,U119680,2024-12-05 02:35:23,Tier 1,826559,30280,31520,1240,0,Mobiles,CoD,Late_Night,iOS,6.5.2,Marketplace_3P,West,7.1,1,892,16,1,0.062,37860,5,1,False,Returning,False
ORD1140809,U216771,2024-12-05 03:01:34,Tier 1,410948,3390,4560,1170,0,Home & Kitchen,Prepaid,Late_Night,Android,7.0.0,Marketplace_3P,East,8.0,1,229,2,1,0.5,2790,0,0,False,Returning,False
ORD1343984,U157897,2024-12-05 04:12:01,Tier 1,624350,2900,3760,860,0,Footwear,CoD,Late_Night,Android,6.3.1,Marketplace_3P,East,4.1,1,274,3,2,0.667,4670,2,2,False,Returning,False
ORD1495705,U153585,2024-12-05 05:23:59,Tier 3,393626,12420,16720,4300,0,Mobiles,Prepaid,Morning,Android,6.5.2,Local_SmallSeller,North,8.6,1,1421,14,3,0.214,35820,10,3,False,Returning,False
ORD1306304,U165392,2024-12-05 08:36:09,Tier 2,473452,2540,2790,250,0,Fashion,Prepaid,Morning,iOS,7.0.0,Flagship_1P,East,15.6,1,1228,11,2,0.182,29860,8,2,False,Returning,False
ORD1130385,U104026,2024-12-05 08:38:06,Tier 1,326856,11550,12180,630,0,Mobiles,Prepaid,Morning,Android,6.5.2,Marketplace_3P,Central,5.8,1,315,5,2,0.4,11860,3,2,False,Returning,False
ORD1432265,U114445,2024-12-05 09:28:44,Tier 1,158426,1050,1270,220,0,Grocery,Prepaid,Morning,Android,6.2.0,Local_SmallSeller,South,2.7,1,1190,21,7,0.333,41520,15,7,False,Returning,False
ORD1148189,U155667,2024-12-05 09:35:40,Tier 2,519222,2060,2310,250,0,Footwear,Prepaid,Morning,Android,6.2.0,Marketplace_3P,East,29.8,1,1401,22,14,0.636,36390,6,6,False,Returning,False
ORD1064857,U107999,2024-12-05 10:30:04,Tier 2,690572,2930,3500,570,0,Footwear,Prepaid,Morning,iOS,6.3.1,Marketplace_3P,West,11.3,2,969,22,6,0.273,28080,13,6,False,Returning,False
ORD1382281,U142829,2024-12-05 11:08:54,Tier 2,749848,9440,11410,1970,0,Electronics,CoD,Morning,Android,6.3.1,Local_SmallSeller,Central,14.2,1,1310,16,11,0.688,34470,14,7,False,Returning,False
ORD1462067,U164981,2024-12-05 12:47:24,Tier 2,629349,17190,21660,4470,0,Mobiles,CoD,Afternoon,Android,6.2.0,Local_SmallSeller,Central,5.0,2,438,6,2,0.333,11510,4,2,False,Returning,False
ORD1329143,U184776,2024-12-05 13:17:00,Tier 2,144057,11100,14460,3360,0,Appliances,CoD,Afternoon,Android,6.4.0,Marketplace_3P,South,23.8,1,730,6,3,0.5,4500,4,3,False,Returning,False
ORD1051720,U105750,2024-12-05 13:20:59,Tier 3,848361,650,870,220,0,Grocery,CoD,Afternoon,Android,6.4.0,Marketplace_3P,East,5.9,3,1321,14,1,0.071,11730,10,1,False,Returning,True
ORD1403723,U110927,2024-12-05 16:07:28,Tier 2,517257,4500,4670,170,0,Electronics,Prepaid,Afternoon,Android,6.2.0,Marketplace_3P,North,12.6,1,442,7,1,0.143,6620,2,1,False,Returning,False
ORD1415330,U137592,2024-12-05 16:31:28,Tier 1,738499,4300,4960,660,0,Home & Kitchen,Prepaid,Afternoon,Android,6.2.0,Marketplace_3P,North,10.7,1,271,1,0,0.0,60,1,0,True,New,False
ORD1052924,U210484,2024-12-05 22:43:31,Tier 3,275383,2470,2940,470,0,Footwear,CoD,Late_Night,Android,6.2.0,Marketplace_3P,South,15.1,2,348,8,3,0.375,7830,5,3,False,Returning,False
ORD1270547,U113862,2024-12-05 22:56:30,Tier 2,654221,1760,2140,380,0,Fashion,Prepaid,Late_Night,Android,6.5.2,Flagship_1P,East,2.5,1,1084,13,3,0.231,4860,6,3,False,Returning,False
ORD1263142,U182618,2024-12-06 00:07:00,Tier 3,676564,11560,14780,3220,0,Electronics,CoD,Late_Night,Android,6.5.2,Local_SmallSeller,North,17.7,1,375,5,0,0.0,7260,2,0,False,Returning,True
ORD1057664,U200251,2024-12-06 05:46:19,Tier 1,331929,2850,3280,430,0,Fashion,Prepaid,Morning,iOS,6.5.2,Marketplace_3P,Central,6.2,1,127,1,0,0.0,1700,1,0,True,New,False
ORD1145802,U218721,2024-12-06 05:48:04,Tier 1,721446,710,850,140,0,Footwear,Prepaid,Morning,Android,6.2.0,Flagship_1P,Central,5.0,1,372,2,1,0.5,1160,0,0,False,Returning,False
ORD1283263,U190998,2024-12-06 05:57:43,Tier 2,470343,1090,1100,10,0,Home & Kitchen,CoD,Morning,Android,6.2.0,Marketplace_3P,Central,12.3,1,479,5,0,0.0,8610,3,0,False,Returning,True
ORD1113277,U163426,2024-12-06 06:05:32,Tier 2,287423,3560,3830,270,0,Appliances,CoD,Morning,Android,6.2.0,Marketplace_3P,Central,10.6,1,328,4,1,0.25,9330,1,1,False,Returning,False
ORD1384923,U193555,2024-12-06 09:27:32,Tier 1,417132,1340,1550,210,0,Home & Kitchen,CoD,Morning,Android,6.4.0,Marketplace_3P,West,20.8,1,170,5,2,0.4,9540,3,2,False,Returning,False
ORD1415558,U147012,2024-12-06 09:49:49,Tier 1,339473,1680,2240,560,0,Home & Kitchen,Prepaid,Morning,Android,6.2.0,Marketplace_3P,South,7.6,1,1111,15,4,0.267,7170,13,4,False,Returning,False
ORD1066110,U149248,2024-12-06 10:17:32,Tier 2,672836,12340,14660,2320,0,Electronics,Prepaid,Morning,iOS,6.2.0,Marketplace_3P,South,3.1,1,163,3,1,0.333,4410,2,1,False,Returning,False
ORD1257097,U207872,2024-12-06 16:05:30,Tier 2,808633,400,420,20,60,Grocery,Prepaid,Afternoon,Android,6.4.0,Flagship_1P,East,15.9,1,1448,17,1,0.059,19660,13,1,False,Returning,True
ORD1093338,U181107,2024-12-06 16:41:53,Tier 2,629944,2730,3270,540,0,Home & Kitchen,Prepaid,Afternoon,Android,6.4.0,Marketplace_3P,West,16.2,2,1129,16,6,0.375,12110,8,6,False,Returning,False
ORD1446319,U108100,2024-12-06 17:23:26,Tier 2,431279,7610,8480,870,0,Electronics,CoD,Evening,iOS,6.2.0,Marketplace_3P,East,30.2,1,1424,25,3,0.12,128430,10,3,False,Returning,False
ORD1263896,U172739,2024-12-06 18:39:28,Tier 2,234751,210,270,60,0,Grocery,CoD,Evening,Android,7.0.0,Local_SmallSeller,Central,11.6,1,67,1,1,1.0,1210,0,0,True,New,False
ORD1329057,U175615,2024-12-06 23:28:22,Tier 3,523682,1740,2040,300,0,Footwear,CoD,Late_Night,iOS,7.0.0,Flagship_1P,West,22.4,2,130,1,0,0.0,1560,1,0,True,New,True
ORD1013136,U178415,2024-12-07 01:08:51,Tier 2,520189,430,470,40,40,Toys,CoD,Late_Night,Android,7.0.0,Local_SmallSeller,North,5.9,1,15,1,0,0.0,870,0,0,True,New,False
ORD1410126,U151291,2024-12-07 01:14:05,Tier 2,831126,1090,1160,70,0,Fashion,Prepaid,Late_Night,Android,6.2.0,Local_SmallSeller,South,9.5,1,253,4,1,0.25,1980,2,1,False,Returning,False
ORD1076979,U198412,2024-12-07 06:43:20,Tier 1,387397,380,470,90,40,Books,Prepaid,Morning,Android,6.2.0,Marketplace_3P,North,10.1,1,1131,14,8,0.571,19490,8,7,False,Returning,False
ORD1110551,U199449,2024-12-07 06:44:12,Tier 2,391440,160,180,20,60,Books,CoD,Morning,Android,6.2.0,Marketplace_3P,Central,4.7,1,303,8,3,0.375,13420,7,3,False,Returning,False
ORD1044965,U183397,2024-12-07 10:49:57,Tier 1,592000,2580,2620,40,0,Fashion,Prepaid,Morning,Android,7.0.0,Marketplace_3P,Central,4.8,1,479,4,0,0.0,9760,2,0,False,Returning,False
ORD1205642,U123022,2024-12-07 11:30:58,Tier 2,695300,500,520,20,0,Books,Prepaid,Morning,Android,7.0.0,Flagship_1P,West,11.9,1,1496,17,4,0.235,7760,9,4,False,Returning,False
ORD1330593,U161425,2024-12-07 12:14:25,Tier 3,552647,1920,2470,550,0,Footwear,CoD,Afternoon,Android,6.2.0,Marketplace_3P,South,11.8,1,379,5,0,0.0,11130,3,0,False,Returning,False
ORD1172261,U129862,2024-12-07 13:26:33,Tier 3,488828,1680,1910,230,0,Home & Kitchen,CoD,Afternoon,iOS,6.2.0,Marketplace_3P,East,13.3,1,299,7,1,0.143,18720,3,1,False,Returning,False
ORD1018485,U209683,2024-12-07 13:31:54,Tier 3,800469,1040,1050,10,0,Grocery,CoD,Afternoon,Android,6.5.2,Local_SmallSeller,East,23.4,1,342,5,0,0.0,9950,1,0,False,Returning,False
ORD1112654,U106190,2024-12-07 13:48:16,Tier 3,259217,4170,4680,510,0,Electronics,Prepaid,Afternoon,Android,6.4.0,Marketplace_3P,South,56.7,2,1352,16,3,0.188,5360,6,3,False,Returning,False
ORD1339822,U193517,2024-12-07 13:52:11,Tier 2,441877,2700,3460,760,0,Home & Kitchen,CoD,Afternoon,iOS,6.2.0,Marketplace_3P,North,34.3,1,677,7,0,0.0,19720,6,0,False,Returning,True
ORD1228862,U113252,2024-12-07 21:32:05,Tier 3,571756,2220,2930,710,0,Fashion,CoD,Evening,Android,6.5.2,Local_SmallSeller,East,26.8,1,963,10,2,0.2,26180,6,2,False,Returning,True
ORD1382501,U145450,2024-12-07 22:49:36,Tier 1,798235,3610,4340,730,0,Electronics,Prepaid,Late_Night,iOS,6.3.1,Marketplace_3P,North,13.8,1,798,10,1,0.1,7390,7,1,False,Returning,False
ORD1425438,U166468,2024-12-08 04:11:13,Tier 1,432987,740,910,170,0,Beauty,Prepaid,Late_Night,Android,6.5.2,Marketplace_3P,West,2.4,3,416,6,3,0.5,610,2,1,False,Returning,False
ORD1089028,U181695,2024-12-08 06:07:48,Tier 3,433644,5560,7000,1440,0,Footwear,Prepaid,Morning,Android,6.3.1,Marketplace_3P,West,57.1,1,828,10,3,0.3,7070,4,2,False,Returning,False
ORD1062598,U129224,2024-12-08 06:16:18,Tier 2,538614,510,570,60,0,Fashion,CoD,Morning,Android,7.0.0,Flagship_1P,South,13.9,1,514,10,4,0.4,13870,8,4,False,Returning,True
ORD1434901,U209960,2024-12-08 09:28:37,Tier 1,680459,1190,1460,270,0,Fashion,Prepaid,Morning,Android,6.2.0,Marketplace_3P,Central,16.1,2,205,4,0,0.0,2210,2,0,False,Returning,False
ORD1316625,U123538,2024-12-08 10:31:35,Tier 1,829601,1990,2310,320,0,Home & Kitchen,Prepaid,Morning,Android,6.2.0,Marketplace_3P,South,5.7,1,334,7,2,0.286,10220,3,2,False,Returning,False
ORD1244627,U192264,2024-12-08 11:57:45,Tier 1,407120,1350,1550,200,0,Fashion,Prepaid,Morning,Android,6.3.1,Flagship_1P,East,12.9,1,1054,11,1,0.091,12300,9,1,False,Returning,True
ORD1276682,U203016,2024-12-08 12:48:20,Tier 1,737643,1530,1560,30,0,Footwear,CoD,Afternoon,Android,6.2.0,Marketplace_3P,South,1.3,2,450,4,3,0.75,1250,1,1,False,Returning,False
ORD1142591,U117200,2024-12-08 12:56:33,Tier 2,180116,570,630,60,0,Beauty,CoD,Afternoon,Android,6.2.0,Local_SmallSeller,East,10.5,2,804,12,0,0.0,31400,10,0,False,Returning,False
ORD1091411,U102874,2024-12-08 14:56:17,Tier 2,759343,240,300,60,40,Books,Prepaid,Afternoon,iOS,6.4.0,Marketplace_3P,Central,12.9,1,575,5,0,0.0,2670,3,0,False,Returning,False
ORD1173307,U164420,2024-12-08 15:16:14,Tier 3,242784,8240,9530,1290,0,Electronics,Prepaid,Afternoon,iOS,6.3.1,Marketplace_3P,North,7.7,1,1446,16,3,0.188,23710,4,3,False,Returning,False
ORD1175667,U122564,2024-12-08 18:26:25,Tier 2,551259,1150,1200,50,0,Grocery,CoD,Evening,iOS,6.2.0,Marketplace_3P,East,26.9,1,753,6,2,0.333,5310,2,1,False,Returning,True
ORD1015213,U157909,2024-12-08 20:48:25,Tier 1,606213,1560,1840,280,0,Beauty,Prepaid,Evening,Android,6.2.0,Local_SmallSeller,West,17.4,1,624,9,2,0.222,11660,7,2,False,Returning,False
ORD1465958,U201226,2024-12-08 22:45:51,Tier 3,399503,1130,1260,130,0,Grocery,CoD,Late_Night,Android,6.2.0,Marketplace_3P,Central,28.3,1,400,7,5,0.714,10420,6,5,False,Returning,False
ORD1158577,U114123,2024-12-08 23:53:21,Tier 3,451614,820,1090,270,0,Footwear,CoD,Late_Night,Android,6.2.0,Flagship_1P,East,25.7,1,105,4,2,0.5,7280,1,1,False,Returning,True
ORD1126044,U181232,2024-12-09 03:41:30,Tier 3,634175,42560,56480,13920,0,Mobiles,CoD,Late_Night,Android,6.2.0,Marketplace_3P,East,64.8,1,1277,17,1,0.059,18030,11,1,False,Returning,True
ORD1204443,U186771,2024-12-09 04:24:06,Tier 1,702421,950,1170,220,0,Beauty,Prepaid,Late_Night,Android,6.4.0,Marketplace_3P,North,1.5,1,1370,12,4,0.333,16920,5,3,False,Returning,False
ORD1132762,U215315,2024-12-09 08:38:31,Tier 1,519366,820,1000,180,0,Grocery,Prepaid,Morning,Android,6.2.0,Local_SmallSeller,South,7.0,1,1058,14,2,0.143,97860,6,2,False,Returning,False
ORD1376911,U132103,2024-12-09 09:33:11,Tier 2,713680,2000,2310,310,0,Fashion,CoD,Morning,iOS,7.0.0,Flagship_1P,Central,3.0,1,978,9,3,0.333,23330,4,2,False,Returning,False
ORD1072111,U128209,2024-12-09 12:10:40,Tier 1,113592,2530,3150,620,0,Footwear,Prepaid,Afternoon,Android,6.3.1,Local_SmallSeller,West,2.7,1,255,6,0,0.0,16400,4,0,False,Returning,False
ORD1122551,U167507,2024-12-09 16:03:22,Tier 2,397563,13620,17220,3600,0,Mobiles,Prepaid,Afternoon,Android,6.2.0,Marketplace_3P,South,0.5,1,1438,22,4,0.182,21720,16,4,False,Returning,False
ORD1099405,U182000,2024-12-09 16:33:37,Tier 1,706277,1240,1630,390,0,Fashion,Prepaid,Afternoon,Android,6.3.1,Marketplace_3P,Central,14.5,1,1203,9,0,0.0,15420,3,0,False,Returning,False
ORD1335862,U174474,2024-12-09 18:45:57,Tier 3,121223,1530,1810,280,0,Home & Kitchen,CoD,Evening,Android,6.5.2,Marketplace_3P,East,10.6,1,34,2,0,0.0,5380,1,0,False,Returning,False
ORD1015117,U206668,2024-12-09 20:27:31,Tier 1,735452,4930,5170,240,0,Mobiles,CoD,Evening,iOS,6.5.2,Local_SmallSeller,North,12.6,1,89,1,0,0.0,2080,1,0,True,New,False
ORD1170261,U218372,2024-12-09 21:19:17,Tier 1,165106,910,1060,150,0,Home & Kitchen,CoD,Evening,iOS,6.4.0,Flagship_1P,South,1.9,1,166,6,0,0.0,7620,3,0,False,Returning,False
ORD1277449,U174745,2024-12-09 22:47:20,Tier 1,295857,8440,10450,2010,0,Mobiles,CoD,Late_Night,Android,6.5.2,Flagship_1P,Central,2.0,1,792,7,0,0.0,5630,3,0,False,Returning,False
ORD1455338,U187378,2024-12-10 00:02:16,Tier 2,231025,6420,8420,2000,0,Electronics,CoD,Late_Night,Android,6.4.0,Local_SmallSeller,East,11.6,1,552,11,1,0.091,14830,3,1,False,Returning,False
ORD1155455,U151790,2024-12-10 02:16:52,Tier 2,172188,3100,3710,610,0,Fashion,Prepaid,Late_Night,Android,7.0.0,Local_SmallSeller,East,13.8,3,1453,13,2,0.154,14790,7,2,False,Returning,False
ORD1422439,U171747,2024-12-10 08:10:33,Tier 3,618960,970,1210,240,0,Home & Kitchen,Prepaid,Morning,iOS,6.5.2,Flagship_1P,Central,33.3,1,389,4,0,0.0,2610,4,0,False,Returning,False
ORD1110301,U192941,2024-12-10 11:01:00,Tier 3,466422,3610,4540,930,0,Footwear,CoD,Morning,Android,7.0.0,Flagship_1P,East,29.0,1,1141,17,6,0.353,15760,15,6,False,Returning,False
ORD1442364,U170501,2024-12-10 15:12:41,Tier 1,555799,200,270,70,40,Books,Prepaid,Afternoon,iOS,6.2.0,Flagship_1P,Central,5.1,1,1335,15,2,0.133,11940,12,2,False,Returning,True
ORD1278798,U198694,2024-12-10 15:19:50,Tier 3,418936,330,330,0,0,Beauty,CoD,Afternoon,Android,7.0.0,Flagship_1P,North,14.0,1,728,9,2,0.222,11410,3,2,False,Returning,False
ORD1095585,U169193,2024-12-10 15:22:46,Tier 2,700365,1390,1620,230,0,Footwear,CoD,Afternoon,Android,6.2.0,Marketplace_3P,Central,7.8,1,796,13,5,0.385,24080,11,5,False,Returning,False
ORD1474955,U123175,2024-12-10 15:32:59,Tier 2,472921,3300,4280,980,0,Home & Kitchen,Prepaid,Afternoon,Android,6.3.1,Local_SmallSeller,South,16.4,1,1477,13,0,0.0,20670,8,0,False,Returning,False
ORD1241036,U134589,2024-12-10 16:45:02,Tier 2,480593,14410,15640,1230,0,Appliances,Prepaid,Afternoon,Android,6.4.0,Local_SmallSeller,East,11.2,1,310,6,0,0.0,5140,3,0,False,Returning,False
ORD1105094,U218756,2024-12-10 16:59:05,Tier 2,237037,3120,3670,550,0,Fashion,CoD,Afternoon,iOS,7.0.0,Marketplace_3P,South,10.7,2,293,3,0,0.0,1530,2,0,False,Returning,False
ORD1438376,U193871,2024-12-10 17:03:52,Tier 2,118002,590,750,160,0,Grocery,Prepaid,Evening,Android,6.2.0,Marketplace_3P,South,22.8,2,1323,15,1,0.067,43960,7,1,False,Returning,False
ORD1104154,U131824,2024-12-10 18:02:46,Tier 1,707689,680,880,200,0,Beauty,Prepaid,Evening,Android,7.0.0,Flagship_1P,Central,15.2,1,402,6,2,0.333,9460,2,1,False,Returning,False
ORD1250594,U130119,2024-12-10 19:34:48,Tier 2,828789,2000,2260,260,0,Fashion,CoD,Evening,Android,7.0.0,Marketplace_3P,South,13.2,1,493,10,0,0.0,9270,3,0,False,Returning,False
ORD1258159,U155911,2024-12-10 20:37:33,Tier 3,807902,9300,9970,670,0,Appliances,CoD,Evening,Android,6.3.1,Local_SmallSeller,South,13.0,1,426,2,0,0.0,2200,1,0,False,Returning,False
ORD1312030,U151555,2024-12-10 21:11:57,Tier 3,476483,24000,29820,5820,0,Mobiles,Prepaid,Evening,Android,7.0.0,Local_SmallSeller,South,17.1,1,659,11,4,0.364,22890,8,4,False,Returning,False
ORD1480867,U190873,2024-12-10 21:27:19,Tier 2,176363,2050,2080,30,0,Home & Kitchen,CoD,Evening,Android,6.4.0,Marketplace_3P,East,28.4,1,1027,13,0,0.0,24640,11,0,False,Returning,False
ORD1192629,U139004,2024-12-10 21:53:03,Tier 3,594265,2880,3010,130,0,Electronics,Prepaid,Evening,Android,6.3.1,Flagship_1P,North,26.0,1,874,9,2,0.222,16400,8,2,False,Returning,False
ORD1150850,U161300,2024-12-11 00:46:33,Tier 2,256253,1430,1660,230,0,Fashion,Prepaid,Late_Night,Android,6.2.0,Flagship_1P,North,2.4,3,858,11,5,0.455,10560,9,5,False,Returning,False
ORD1221540,U145924,2024-12-11 03:00:19,Tier 3,232068,18010,19700,1690,0,Mobiles,CoD,Late_Night,iOS,7.0.0,Marketplace_3P,North,13.2,1,608,8,4,0.5,2600,4,2,False,Returning,True
ORD1027604,U206342,2024-12-11 03:18:46,Tier 1,704720,4370,5820,1450,0,Home & Kitchen,CoD,Late_Night,Android,6.5.2,Local_SmallSeller,West,6.1,1,164,2,1,0.5,1090,1,1,False,Returning,False
ORD1120350,U195814,2024-12-11 13:41:18,Tier 2,627367,1360,1420,60,0,Footwear,Prepaid,Afternoon,iOS,7.0.0,Marketplace_3P,North,32.0,1,866,13,4,0.308,19220,4,3,False,Returning,False
ORD1227994,U165798,2024-12-11 14:30:25,Tier 1,462650,2070,2550,480,0,Fashion,Prepaid,Afternoon,Android,7.0.0,Flagship_1P,West,29.3,1,221,3,0,0.0,3330,2,0,False,Returning,False
ORD1290474,U141087,2024-12-11 21:22:30,Tier 1,271293,3530,4280,750,0,Toys,Prepaid,Evening,Android,6.3.1,Flagship_1P,West,5.7,2,818,9,0,0.0,4480,6,0,False,Returning,False
ORD1406160,U130144,2024-12-11 22:43:26,Tier 1,844674,730,970,240,0,Grocery,CoD,Late_Night,iOS,6.3.1,Marketplace_3P,West,4.6,2,261,4,1,0.25,2790,2,1,False,Returning,True
ORD1212389,U103157,2024-12-12 01:11:26,Tier 2,803164,10470,12130,1660,0,Mobiles,CoD,Late_Night,Android,7.0.0,Marketplace_3P,West,9.7,1,1492,19,1,0.053,48510,11,1,False,Returning,True
ORD1466939,U194468,2024-12-12 01:42:53,Tier 3,561012,430,550,120,0,Beauty,CoD,Late_Night,Android,6.4.0,Flagship_1P,East,21.2,1,222,1,0,0.0,480,0,0,True,New,False
ORD1235200,U119980,2024-12-12 01:49:57,Tier 1,687083,1000,1170,170,0,Beauty,Prepaid,Late_Night,Android,6.2.0,Flagship_1P,Central,3.4,1,438,5,2,0.4,6210,4,2,False,Returning,False
ORD1461271,U120690,2024-12-12 01:54:33,Tier 2,294933,8840,11670,2830,0,Mobiles,CoD,Late_Night,Android,6.5.2,Local_SmallSeller,Central,3.3,2,1257,15,2,0.133,36170,4,2,False,Returning,False
ORD1087980,U142861,2024-12-12 05:16:43,Tier 2,427348,2010,2420,410,0,Fashion,CoD,Morning,Android,6.3.1,Marketplace_3P,South,12.6,1,205,2,1,0.5,880,2,1,False,Returning,False
ORD1269248,U156738,2024-12-12 08:36:12,Tier 2,840281,1320,1750,430,0,Fashion,CoD,Morning,Android,6.4.0,Local_SmallSeller,East,36.5,1,271,3,1,0.333,5430,1,1,False,Returning,False
ORD1243605,U149090,2024-12-12 08:51:33,Tier 2,744950,22820,26350,3530,0,Appliances,CoD,Morning,Android,6.2.0,Flagship_1P,East,6.6,1,1025,12,10,0.833,12680,8,5,False,Returning,True
ORD1011672,U175912,2024-12-12 09:31:50,Tier 2,845381,670,870,200,0,Fashion,CoD,Morning,Android,6.2.0,Marketplace_3P,East,14.1,1,1273,21,5,0.238,7410,11,5,False,Returning,True
ORD1196456,U201786,2024-12-12 10:12:36,Tier 1,487791,560,730,170,0,Beauty,Prepaid,Morning,Android,6.4.0,Local_SmallSeller,Central,5.4,1,1010,10,0,0.0,10010,7,0,False,Returning,False
ORD1473562,U186479,2024-12-12 12:44:21,Tier 1,273846,4890,5840,950,0,Electronics,Prepaid,Afternoon,Android,7.0.0,Marketplace_3P,South,4.9,1,906,11,2,0.182,44580,5,2,False,Returning,False
ORD1006107,U171786,2024-12-12 14:47:59,Tier 1,695706,1730,1940,210,0,Home & Kitchen,CoD,Afternoon,Android,7.0.0,Flagship_1P,Central,6.4,1,612,5,4,0.8,6070,4,3,False,Returning,False
ORD1034385,U117839,2024-12-12 17:00:03,Tier 2,144687,15940,18350,2410,0,Mobiles,Prepaid,Evening,Android,6.4.0,Marketplace_3P,North,6.9,1,712,6,2,0.333,12110,2,1,False,Returning,True
ORD1463827,U114656,2024-12-12 17:07:51,Tier 3,828890,6780,6940,160,0,Mobiles,CoD,Evening,Android,6.3.1,Marketplace_3P,East,27.6,1,415,4,1,0.25,5280,2,1,False,Returning,False
ORD1412426,U161745,2024-12-12 19:10:26,Tier 1,623546,700,840,140,0,Books,Prepaid,Evening,Android,6.4.0,Local_SmallSeller,South,12.6,1,836,12,5,0.417,20130,2,2,False,Returning,False
ORD1002078,U133647,2024-12-12 21:25:26,Tier 3,400673,1110,1400,290,0,Beauty,Prepaid,Evening,Android,6.5.2,Flagship_1P,West,17.9,1,1391,12,3,0.25,6980,8,3,False,Returning,False
ORD1348377,U198986,2024-12-12 22:24:58,Tier 1,641948,1090,1240,150,0,Beauty,CoD,Late_Night,Android,6.3.1,Marketplace_3P,North,6.7,3,995,12,3,0.25,16760,10,3,False,Returning,False
ORD1268787,U192819,2024-12-12 22:28:36,Tier 1,177022,2340,2980,640,0,Electronics,Prepaid,Late_Night,Android,6.2.0,Local_SmallSeller,South,9.2,3,509,7,0,0.0,8230,2,0,False,Returning,False
ORD1439424,U174389,2024-12-13 01:21:54,Tier 1,241452,5080,6680,1600,0,Home & Kitchen,Prepaid,Late_Night,Android,6.2.0,Marketplace_3P,Central,23.5,1,799,14,3,0.214,38710,8,3,False,Returning,False
ORD1240835,U154987,2024-12-13 06:36:38,Tier 1,707520,1080,1240,160,0,Toys,Prepaid,Morning,Android,6.2.0,Marketplace_3P,East,2.4,1,941,15,3,0.2,67360,11,3,False,Returning,False
ORD1068248,U172973,2024-12-13 07:42:41,Tier 1,448612,1470,1860,390,0,Fashion,CoD,Morning,Android,6.2.0,Marketplace_3P,North,10.4,1,135,2,1,0.5,1300,1,1,False,Returning,False
ORD1243637,U143639,2024-12-13 11:01:39,Tier 2,117661,970,1150,180,0,Fashion,Prepaid,Morning,Android,6.3.1,Marketplace_3P,North,5.5,1,207,1,1,1.0,230,0,0,True,New,False
ORD1044298,U111956,2024-12-13 13:06:19,Tier 3,510472,1450,1640,190,0,Home & Kitchen,CoD,Afternoon,Android,6.3.1,Marketplace_3P,East,39.6,1,241,4,0,0.0,5660,3,0,False,Returning,False
ORD1057625,U101805,2024-12-13 15:53:17,Tier 3,204939,6170,7030,860,0,Home & Kitchen,CoD,Afternoon,Android,6.2.0,Marketplace_3P,Central,31.8,1,68,1,0,0.0,6370,0,0,True,New,False
ORD1114218,U185255,2024-12-13 17:00:45,Tier 2,383417,460,530,70,60,Toys,Prepaid,Evening,Android,6.4.0,Marketplace_3P,East,5.1,1,406,10,2,0.2,31400,2,2,False,Returning,False
ORD1165906,U182817,2024-12-13 18:29:57,Tier 1,694635,1170,1480,310,0,Fashion,CoD,Evening,Android,6.3.1,Flagship_1P,East,3.0,1,668,8,3,0.375,14010,5,3,False,Returning,False
ORD1428706,U132591,2024-12-13 20:27:06,Tier 2,666683,1010,1250,240,0,Beauty,Prepaid,Evening,Android,6.5.2,Flagship_1P,North,32.6,1,1205,11,2,0.182,5930,4,2,False,Returning,False
ORD1476777,U178653,2024-12-13 23:47:17,Tier 2,612093,2220,2480,260,0,Footwear,CoD,Late_Night,Android,6.5.2,Marketplace_3P,North,10.9,1,41,1,0,0.0,2120,1,0,True,New,False
ORD1127627,U179431,2024-12-14 04:35:31,Tier 1,401208,5230,5990,760,0,Footwear,CoD,Late_Night,iOS,7.0.0,Marketplace_3P,West,7.3,1,362,4,0,0.0,7570,2,0,False,Returning,True
ORD1228758,U181372,2024-12-14 04:36:28,Tier 3,609499,5380,6540,1160,0,Mobiles,CoD,Late_Night,Android,6.2.0,Marketplace_3P,North,16.5,1,197,6,4,0.667,10360,5,4,False,Returning,False
ORD1279665,U148445,2024-12-14 10:34:06,Tier 1,267021,8180,8960,780,0,Appliances,Prepaid,Morning,Android,6.4.0,Local_SmallSeller,Central,13.4,1,1258,15,3,0.2,11200,9,3,False,Returning,False
ORD1108668,U163198,2024-12-14 15:06:08,Tier 3,194747,4390,5830,1440,0,Electronics,CoD,Afternoon,Android,6.4.0,Marketplace_3P,West,31.7,2,1445,14,3,0.214,34710,5,3,False,Returning,True
ORD1279619,U115432,2024-12-14 17:41:38,Tier 1,278159,6330,7310,980,0,Electronics,CoD,Evening,iOS,6.4.0,Marketplace_3P,North,11.9,3,810,10,4,0.4,23870,8,4,False,Returning,False
ORD1144141,U161752,2024-12-14 19:25:25,Tier 3,548297,2400,2900,500,0,Home & Kitchen,Prepaid,Evening,Android,6.4.0,Marketplace_3P,North,10.1,1,1135,18,4,0.222,12560,11,4,False,Returning,False
ORD1414080,U216281,2024-12-14 20:21:31,Tier 2,637783,44070,58670,14600,0,Mobiles,Prepaid,Evening,Android,6.3.1,Marketplace_3P,South,9.5,1,1297,16,0,0.0,45580,10,0,False,Returning,False
ORD1244055,U165459,2024-12-15 04:49:42,Tier 1,394777,2540,3110,570,0,Fashion,Prepaid,Late_Night,Android,6.5.2,Local_SmallSeller,Central,6.1,1,10,1,0,0.0,300,1,0,True,New,False
ORD1288942,U116054,2024-12-15 07:20:02,Tier 2,663687,2530,3200,670,0,Fashion,Prepaid,Morning,iOS,6.5.2,Local_SmallSeller,Central,28.7,1,1094,12,3,0.25,3770,4,2,False,Returning,True
ORD1239145,U136867,2024-12-15 10:56:00,Tier 2,537949,790,920,130,0,Toys,CoD,Morning,Android,6.2.0,Flagship_1P,North,8.5,2,1299,11,3,0.273,49060,6,3,False,Returning,False
ORD1485374,U104184,2024-12-15 11:41:25,Tier 2,771708,440,510,70,60,Toys,Prepaid,Morning,Android,6.4.0,Local_SmallSeller,Central,23.8,1,84,4,0,0.0,1420,3,0,False,Returning,False
ORD1215864,U202521,2024-12-15 12:40:03,Tier 1,381329,2040,2540,500,0,Fashion,Prepaid,Afternoon,Android,6.2.0,Local_SmallSeller,North,3.9,2,1164,10,1,0.1,6770,5,1,False,Returning,False
ORD1113222,U108104,2024-12-15 12:47:59,Tier 2,511144,21950,23750,1800,0,Mobiles,CoD,Afternoon,Android,6.4.0,Local_SmallSeller,North,7.6,1,821,9,7,0.778,29720,4,2,False,Returning,True
ORD1173879,U180242,2024-12-15 16:06:53,Tier 3,749587,5090,6330,1240,0,Electronics,CoD,Afternoon,Android,6.4.0,Marketplace_3P,West,67.7,1,64,1,0,0.0,4070,0,0,True,New,True
ORD1417732,U154895,2024-12-15 16:09:16,Tier 2,724650,450,490,40,60,Fashion,CoD,Afternoon,Android,6.3.1,Local_SmallSeller,East,10.4,1,601,11,3,0.273,17230,7,3,False,Returning,False
ORD1246287,U145503,2024-12-15 18:57:23,Tier 2,214416,1120,1240,120,0,Beauty,Prepaid,Evening,Android,6.2.0,Marketplace_3P,Central,6.3,1,1177,16,4,0.25,20980,4,3,False,Returning,False
ORD1274961,U185453,2024-12-15 19:15:10,Tier 1,829721,7520,9090,1570,0,Electronics,Prepaid,Evening,Android,6.3.1,Local_SmallSeller,South,0.5,2,615,12,0,0.0,9850,8,0,False,Returning,False
ORD1202097,U178285,2024-12-15 20:31:33,Tier 3,660849,680,680,0,0,Fashion,Prepaid,Evening,Android,6.4.0,Local_SmallSeller,East,31.2,1,1347,15,2,0.133,33130,7,2,False,Returning,False
ORD1421661,U187514,2024-12-15 21:33:50,Tier 1,786825,5410,7270,1860,0,Electronics,CoD,Evening,Android,6.5.2,Flagship_1P,East,18.4,1,1210,12,2,0.167,9120,3,2,False,Returning,False
ORD1447183,U182039,2024-12-15 22:11:58,Tier 2,255867,310,380,70,40,Books,CoD,Late_Night,Android,6.5.2,Marketplace_3P,Central,23.3,1,177,6,0,0.0,25540,5,0,False,Returning,False
ORD1409654,U183549,2024-12-15 22:25:07,Tier 3,532302,1840,2370,530,0,Home & Kitchen,CoD,Late_Night,Android,6.2.0,Local_SmallSeller,West,30.2,2,178,1,0,0.0,230,0,0,True,New,False
ORD1230801,U181198,2024-12-15 22:50:10,Tier 1,749260,1000,1280,280,0,Fashion,Prepaid,Late_Night,iOS,6.3.1,Marketplace_3P,Central,10.8,1,1455,24,2,0.083,45260,10,2,False,Returning,False
ORD1231432,U198678,2024-12-15 23:53:06,Tier 2,601278,6500,7400,900,0,Appliances,Prepaid,Late_Night,Android,6.2.0,Local_SmallSeller,West,10.4,1,416,6,0,0.0,12130,4,0,False,Returning,False
ORD1155801,U198042,2024-12-16 00:03:17,Tier 3,394896,5750,7120,1370,0,Electronics,CoD,Late_Night,Android,6.5.2,Marketplace_3P,South,14.7,1,1010,16,2,0.125,24050,11,2,False,Returning,True
ORD1153995,U119984,2024-12-16 02:15:34,Tier 3,412965,2550,2960,410,0,Beauty,CoD,Late_Night,Android,6.5.2,Local_SmallSeller,Central,42.4,1,554,5,1,0.2,1330,3,1,False,Returning,True
ORD1168383,U143598,2024-12-16 04:54:58,Tier 1,785243,1940,2610,670,0,Footwear,Prepaid,Late_Night,Android,6.5.2,Local_SmallSeller,East,7.2,1,485,12,0,0.0,27730,8,0,False,Returning,False
ORD1204272,U134864,2024-12-16 05:09:32,Tier 3,828046,2100,2530,430,0,Fashion,CoD,Morning,iOS,7.0.0,Marketplace_3P,South,34.8,1,269,2,1,0.5,1720,1,1,False,Returning,False
ORD1343782,U134815,2024-12-16 05:28:23,Tier 1,503720,5290,5820,530,0,Electronics,CoD,Morning,Android,6.2.0,Flagship_1P,East,13.5,2,976,14,1,0.071,23110,5,1,False,Returning,False
ORD1376372,U159786,2024-12-16 07:09:42,Tier 3,370928,2010,2200,190,0,Home & Kitchen,Prepaid,Morning,Android,7.0.0,Marketplace_3P,West,63.3,1,1117,13,2,0.154,14930,9,2,False,Returning,False
ORD1453194,U128715,2024-12-16 07:28:25,Tier 2,480535,10300,11430,1130,0,Mobiles,CoD,Morning,Android,7.0.0,Marketplace_3P,West,3.8,2,177,2,0,0.0,3300,1,0,False,Returning,False
ORD1493900,U170413,2024-12-16 08:42:05,Tier 2,607043,2020,2670,650,0,Toys,Prepaid,Morning,Android,6.5.2,Flagship_1P,West,1.8,1,824,8,0,0.0,37710,5,0,False,Returning,False
ORD1176650,U186465,2024-12-16 12:20:11,Tier 2,410362,1440,1840,400,0,Fashion,CoD,Afternoon,Android,6.3.1,Flagship_1P,East,6.9,1,510,14,5,0.357,40970,7,5,False,Returning,False
ORD1393159,U147467,2024-12-16 15:42:30,Tier 2,385886,2400,2920,520,0,Fashion,CoD,Afternoon,Android,6.5.2,Flagship_1P,South,17.0,2,1422,11,3,0.273,17630,7,3,False,Returning,False
ORD1465186,U174499,2024-12-16 16:04:43,Tier 2,671334,2270,2830,560,0,Footwear,CoD,Afternoon,Android,7.0.0,Flagship_1P,North,1.9,1,525,9,1,0.111,14480,8,1,False,Returning,False
ORD1421535,U189856,2024-12-16 16:28:58,Tier 1,579273,1360,1490,130,0,Beauty,CoD,Afternoon,Android,6.4.0,Marketplace_3P,West,19.0,1,612,11,2,0.182,41810,3,2,False,Returning,False
ORD1005570,U168667,2024-12-16 16:56:12,Tier 2,202702,730,970,240,0,Fashion,Prepaid,Afternoon,Android,7.0.0,Marketplace_3P,North,4.5,1,253,5,2,0.4,7230,3,2,False,Returning,False
ORD1241052,U155822,2024-12-16 17:48:59,Tier 2,279913,10800,13520,2720,0,Mobiles,Prepaid,Evening,iOS,6.3.1,Marketplace_3P,North,21.3,1,781,8,0,0.0,14190,2,0,False,Returning,False
ORD1469243,U158381,2024-12-16 19:14:27,Tier 3,434726,1260,1320,60,0,Toys,CoD,Evening,Android,6.5.2,Marketplace_3P,Central,3.3,1,871,4,2,0.5,4190,3,2,False,Returning,False
ORD1358147,U146492,2024-12-16 19:15:08,Tier 2,216274,760,800,40,0,Fashion,Prepaid,Evening,Android,6.5.2,Flagship_1P,West,4.8,1,1168,18,2,0.111,10810,14,2,False,Returning,False
ORD1459904,U133015,2024-12-16 23:47:18,Tier 2,319276,8980,12070,3090,0,Mobiles,CoD,Late_Night,Android,6.5.2,Marketplace_3P,West,1.8,1,1209,15,1,0.067,62700,10,1,False,Returning,False
ORD1271856,U122129,2024-12-17 00:02:49,Tier 2,754944,900,1130,230,0,Books,Prepaid,Late_Night,iOS,7.0.0,Marketplace_3P,South,12.2,1,78,2,0,0.0,4080,1,0,False,Returning,False
ORD1088591,U155574,2024-12-17 02:08:11,Tier 1,853803,1740,1740,0,0,Home & Kitchen,Prepaid,Late_Night,Android,6.5.2,Marketplace_3P,East,28.9,2,269,6,0,0.0,20200,2,0,False,Returning,True
ORD1411365,U101103,2024-12-17 05:31:59,Tier 1,190875,260,320,60,40,Beauty,Prepaid,Morning,Android,7.0.0,Marketplace_3P,South,11.1,1,226,6,0,0.0,6010,2,0,False,Returning,False
ORD1246862,U101673,2024-12-17 06:04:11,Tier 1,617559,810,880,70,0,Grocery,Prepaid,Morning,Android,6.4.0,Marketplace_3P,South,11.2,1,1137,11,1,0.091,4630,3,1,False,Returning,False
ORD1259904,U131059,2024-12-17 06:44:54,Tier 2,167408,2280,2280,0,0,Footwear,Prepaid,Morning,Android,6.5.2,Flagship_1P,East,4.7,2,253,8,0,0.0,7310,6,0,False,Returning,False
ORD1366003,U113985,2024-12-17 09:00:49,Tier 1,595022,2930,3880,950,0,Electronics,Prepaid,Morning,iOS,6.5.2,Marketplace_3P,Central,2.5,2,377,7,2,0.286,12630,4,2,False,Returning,False
ORD1296621,U136617,2024-12-17 09:26:51,Tier 1,682893,540,680,140,0,Fashion,Prepaid,Morning,Android,6.5.2,Flagship_1P,Central,4.0,1,1181,10,3,0.3,18730,8,3,False,Returning,False
ORD1267879,U100826,2024-12-17 10:49:56,Tier 2,232325,770,870,100,0,Home & Kitchen,Prepaid,Morning,iOS,6.2.0,Local_SmallSeller,West,8.4,1,1021,9,5,0.556,15190,2,2,False,Returning,False
ORD1223572,U153524,2024-12-17 10:56:20,Tier 1,329632,5180,5960,780,0,Mobiles,Prepaid,Morning,Android,6.4.0,Marketplace_3P,North,6.9,1,1318,22,9,0.409,3470,5,4,False,Returning,False
ORD1489273,U207572,2024-12-17 13:15:10,Tier 1,833927,690,920,230,0,Fashion,Prepaid,Afternoon,Android,6.5.2,Marketplace_3P,South,7.1,1,241,3,1,0.333,4330,2,1,False,Returning,False
ORD1046272,U168945,2024-12-17 13:32:36,Tier 3,397801,1350,1460,110,0,Beauty,Prepaid,Afternoon,Android,7.0.0,Flagship_1P,South,3.5,1,1314,14,2,0.143,18090,11,2,False,Returning,False
ORD1260424,U158032,2024-12-17 15:37:32,Tier 1,672895,7430,8760,1330,0,Electronics,Prepaid,Afternoon,Android,6.2.0,Marketplace_3P,Central,4.4,1,984,14,4,0.286,26890,4,2,False,Returning,False
ORD1211158,U123732,2024-12-17 15:53:29,Tier 1,667629,1800,2280,480,0,Toys,Prepaid,Afternoon,iOS,6.2.0,Flagship_1P,West,1.5,1,527,8,0,0.0,3310,2,0,False,Returning,False
ORD1492820,U132916,2024-12-17 17:11:57,Tier 1,414977,900,1060,160,0,Footwear,Prepaid,Evening,Android,6.3.1,Local_SmallSeller,North,8.1,1,1328,17,3,0.176,11350,13,3,False,Returning,False
ORD1369936,U118635,2024-12-17 21:45:54,Tier 2,576342,7420,9320,1900,0,Electronics,CoD,Evening,iOS,6.4.0,Local_SmallSeller,South,7.5,1,1424,20,6,0.3,2170,4,3,False,Returning,True
ORD1235412,U206512,2024-12-17 21:50:58,Tier 2,299100,2450,3000,550,0,Footwear,CoD,Evening,iOS,6.2.0,Marketplace_3P,Central,12.5,2,18,1,0,0.0,2040,0,0,True,New,False
ORD1366671,U205269,2024-12-17 23:54:50,Tier 1,123190,2590,2870,280,0,Footwear,Prepaid,Late_Night,Android,6.4.0,Local_SmallSeller,East,15.1,1,1309,16,4,0.25,34650,6,4,False,Returning,False
ORD1420307,U210147,2024-12-18 01:33:25,Tier 3,614003,6800,7820,1020,0,Home & Kitchen,CoD,Late_Night,Android,6.2.0,Local_SmallSeller,West,7.9,1,289,3,0,0.0,6280,1,0,False,Returning,False
ORD1144413,U213240,2024-12-18 04:24:56,Tier 2,738195,19510,21910,2400,0,Electronics,Prepaid,Late_Night,Android,6.4.0,Local_SmallSeller,West,1.7,1,308,5,0,0.0,7690,4,0,False,Returning,False
ORD1385518,U201903,2024-12-18 05:01:29,Tier 2,277816,1330,1720,390,0,Home & Kitchen,Prepaid,Morning,Android,6.5.2,Marketplace_3P,East,3.2,1,1138,8,2,0.25,7530,6,2,False,Returning,False
ORD1156196,U177564,2024-12-18 05:58:16,Tier 1,602839,24530,24740,210,0,Mobiles,Prepaid,Morning,Android,6.3.1,Marketplace_3P,South,9.4,1,1429,24,9,0.375,24650,7,6,False,Returning,False
ORD1027197,U174690,2024-12-18 10:46:52,Tier 2,459333,850,1020,170,0,Toys,Prepaid,Morning,Android,6.2.0,Marketplace_3P,South,6.5,1,1022,11,0,0.0,13690,4,0,False,Returning,False
ORD1282388,U163122,2024-12-18 11:40:28,Tier 1,588251,220,250,30,60,Beauty,CoD,Morning,Android,6.5.2,Marketplace_3P,West,9.3,3,1245,20,5,0.25,33960,13,5,False,Returning,False
ORD1057708,U168745,2024-12-18 11:44:39,Tier 3,769590,1830,2050,220,0,Footwear,Prepaid,Morning,Android,7.0.0,Marketplace_3P,East,30.3,1,859,12,3,0.25,11780,8,3,False,Returning,False
ORD1178660,U210604,2024-12-18 12:00:31,Tier 3,848092,2840,3150,310,0,Fashion,Prepaid,Afternoon,Android,6.5.2,Marketplace_3P,East,15.7,1,1064,18,2,0.111,9290,13,2,False,Returning,False
ORD1463772,U151124,2024-12-18 12:08:13,Tier 2,788632,280,360,80,40,Grocery,CoD,Afternoon,Android,6.3.1,Flagship_1P,Central,17.1,1,459,8,3,0.375,17790,2,1,False,Returning,False
ORD1035038,U145403,2024-12-18 14:36:26,Tier 3,546883,1140,1320,180,0,Beauty,CoD,Afternoon,Android,7.0.0,Marketplace_3P,Central,18.8,1,344,8,5,0.625,6110,2,2,False,Returning,False
ORD1116547,U127753,2024-12-18 14:58:48,Tier 2,618583,1260,1560,300,0,Home & Kitchen,CoD,Afternoon,Android,6.2.0,Marketplace_3P,South,9.5,1,1440,25,8,0.32,26940,6,5,False,Returning,False
ORD1476476,U132249,2024-12-18 15:58:24,Tier 2,517246,5390,5730,340,0,Electronics,CoD,Afternoon,Android,7.0.0,Flagship_1P,West,8.9,1,1198,17,1,0.059,4840,11,1,False,Returning,False
ORD1463845,U199267,2024-12-18 17:55:40,Tier 1,624560,18280,22890,4610,0,Appliances,Prepaid,Evening,Android,6.4.0,Marketplace_3P,South,7.4,1,1282,18,5,0.278,24750,4,3,False,Returning,False
ORD1176254,U162871,2024-12-18 19:39:57,Tier 1,225984,500,670,170,0,Fashion,Prepaid,Evening,Android,6.4.0,Local_SmallSeller,East,2.5,1,945,20,1,0.05,5120,6,1,False,Returning,False
ORD1449951,U148642,2024-12-18 20:48:55,Tier 1,631454,600,680,80,0,Toys,Prepaid,Evening,iOS,7.0.0,Marketplace_3P,East,12.4,1,821,14,0,0.0,27510,4,0,False,Returning,False
ORD1187542,U141070,2024-12-18 21:15:26,Tier 3,787833,18130,21730,3600,0,Mobiles,Prepaid,Evening,iOS,6.5.2,Marketplace_3P,East,13.1,1,667,5,1,0.2,22070,1,1,False,Returning,True
ORD1475413,U204167,2024-12-19 02:32:24,Tier 2,408991,8510,10090,1580,0,Electronics,Prepaid,Late_Night,Android,6.5.2,Flagship_1P,Central,7.1,1,1466,13,2,0.154,35050,6,2,False,Returning,True
ORD1142441,U188197,2024-12-19 04:27:38,Tier 1,186786,1160,1400,240,0,Fashion,CoD,Late_Night,Android,6.4.0,Flagship_1P,Central,3.1,1,109,1,1,1.0,130,1,1,True,New,False
ORD1259554,U160548,2024-12-19 04:40:54,Tier 1,648014,1690,1760,70,0,Fashion,Prepaid,Late_Night,Android,6.3.1,Local_SmallSeller,Central,4.1,1,350,7,0,0.0,14840,5,0,False,Returning,False
ORD1103717,U152127,2024-12-19 04:50:19,Tier 2,451692,900,1090,190,0,Grocery,Prepaid,Late_Night,Android,6.5.2,Marketplace_3P,East,12.3,1,413,7,1,0.143,19170,2,1,False,Returning,False
ORD1044469,U107872,2024-12-19 05:18:49,Tier 2,627360,7030,8120,1090,0,Mobiles,CoD,Morning,Android,6.3.1,Flagship_1P,East,7.0,2,514,4,0,0.0,4150,1,0,False,Returning,False
ORD1360723,U107112,2024-12-19 06:49:19,Tier 1,308358,770,790,20,0,Home & Kitchen,Prepaid,Morning,iOS,6.5.2,Marketplace_3P,North,4.1,2,1408,13,7,0.538,6910,11,6,False,Returning,False
ORD1015475,U218053,2024-12-19 07:28:55,Tier 3,322981,1010,1150,140,0,Fashion,Prepaid,Morning,Android,6.5.2,Marketplace_3P,East,29.7,1,337,3,0,0.0,4980,1,0,False,Returning,True
ORD1395923,U102286,2024-12-19 08:40:44,Tier 2,528742,2360,2790,430,0,Home & Kitchen,Prepaid,Morning,iOS,6.5.2,Local_SmallSeller,North,13.2,1,1359,8,3,0.375,4320,5,3,False,Returning,False
ORD1032162,U102902,2024-12-19 13:53:41,Tier 2,408975,2590,3440,850,0,Fashion,Prepaid,Afternoon,Android,6.4.0,Local_SmallSeller,North,6.2,1,1294,10,0,0.0,13900,4,0,False,Returning,True
ORD1109569,U164285,2024-12-19 14:27:21,Tier 1,544292,1390,1470,80,0,Footwear,Prepaid,Afternoon,Android,7.0.0,Marketplace_3P,South,9.4,1,424,8,2,0.25,9800,4,2,False,Returning,False
ORD1379208,U182273,2024-12-19 14:41:48,Tier 3,255887,730,880,150,0,Home & Kitchen,CoD,Afternoon,Android,6.3.1,Marketplace_3P,East,15.2,3,212,3,1,0.333,560,2,1,False,Returning,False
ORD1105706,U215118,2024-12-19 16:59:17,Tier 1,124385,560,650,90,0,Toys,CoD,Afternoon,iOS,6.2.0,Marketplace_3P,Central,2.6,2,880,17,4,0.235,28260,8,4,False,Returning,False
ORD1234506,U125259,2024-12-19 18:15:45,Tier 3,219330,1640,2170,530,0,Fashion,CoD,Evening,Android,6.3.1,Marketplace_3P,East,6.4,1,1062,10,5,0.5,8320,7,4,False,Returning,False
ORD1427862,U177305,2024-12-19 18:33:18,Tier 2,359157,2050,2070,20,0,Beauty,Prepaid,Evening,Android,6.3.1,Marketplace_3P,East,15.0,1,871,15,5,0.333,34780,11,5,False,Returning,False
ORD1421553,U128996,2024-12-19 21:21:26,Tier 1,464476,2820,3090,270,0,Footwear,Prepaid,Evening,Android,6.5.2,Local_SmallSeller,North,9.5,1,709,8,3,0.375,14790,3,3,False,Returning,True
ORD1407560,U119765,2024-12-20 00:05:27,Tier 3,641448,360,430,70,60,Books,CoD,Late_Night,Android,6.5.2,Local_SmallSeller,Central,21.9,1,646,4,1,0.25,3390,2,1,False,Returning,False
ORD1340348,U195046,2024-12-20 03:23:08,Tier 2,785418,3480,4510,1030,0,Footwear,Prepaid,Late_Night,iOS,7.0.0,Marketplace_3P,East,10.2,1,1456,18,3,0.167,63420,7,3,False,Returning,False
ORD1389194,U192904,2024-12-20 04:30:34,Tier 2,677436,2340,3010,670,0,Fashion,CoD,Late_Night,iOS,7.0.0,Local_SmallSeller,West,14.8,1,1115,11,1,0.091,38550,6,1,False,Returning,False
ORD1039329,U117309,2024-12-20 05:26:15,Tier 2,624326,4620,6100,1480,0,Appliances,Prepaid,Morning,Android,7.0.0,Local_SmallSeller,South,13.6,1,451,8,2,0.25,4730,4,2,False,Returning,False
ORD1386159,U111947,2024-12-20 07:28:33,Tier 1,442043,1060,1130,70,0,Fashion,CoD,Morning,Android,6.4.0,Local_SmallSeller,West,10.8,1,269,2,0,0.0,4410,2,0,False,Returning,False
ORD1104067,U151281,2024-12-20 08:15:20,Tier 3,483195,3660,3970,310,0,Home & Kitchen,Prepaid,Morning,Android,6.3.1,Marketplace_3P,East,7.0,1,793,10,2,0.2,5240,3,2,False,Returning,True
ORD1407788,U149234,2024-12-20 08:39:24,Tier 2,850633,10180,10780,600,0,Appliances,CoD,Morning,Android,6.3.1,Marketplace_3P,North,3.7,1,961,8,2,0.25,23840,7,2,False,Returning,False
ORD1374613,U207419,2024-12-20 09:09:10,Tier 2,434576,1690,1900,210,0,Beauty,Prepaid,Morning,iOS,6.5.2,Marketplace_3P,North,9.1,3,29,2,1,0.5,650,2,1,False,Returning,False
ORD1132017,U160267,2024-12-20 12:06:01,Tier 3,552797,860,1040,180,0,Beauty,CoD,Afternoon,iOS,6.3.1,Local_SmallSeller,Central,19.5,1,1233,9,4,0.444,10440,7,4,False,Returning,False
ORD1013250,U161137,2024-12-20 12:27:33,Tier 2,443388,680,910,230,0,Grocery,Prepaid,Afternoon,Android,6.4.0,Local_SmallSeller,West,18.4,1,174,3,0,0.0,1170,2,0,False,Returning,False
ORD1468152,U183856,2024-12-20 14:14:30,Tier 2,523724,10760,13420,2660,0,Electronics,CoD,Afternoon,iOS,7.0.0,Marketplace_3P,Central,5.2,1,369,8,0,0.0,23030,3,0,False,Returning,False
ORD1386879,U209799,2024-12-20 15:14:57,Tier 1,503444,7210,7560,350,0,Appliances,CoD,Afternoon,iOS,6.2.0,Marketplace_3P,South,4.9,1,310,5,0,0.0,4510,3,0,False,Returning,False
ORD1252260,U197892,2024-12-20 16:34:22,Tier 2,778965,560,670,110,0,Grocery,Prepaid,Afternoon,Android,6.4.0,Marketplace_3P,East,7.0,1,691,15,4,0.267,26520,13,4,False,Returning,False
ORD1243797,U173260,2024-12-20 19:06:28,Tier 2,261635,840,1050,210,0,Toys,Prepaid,Evening,Android,6.2.0,Local_SmallSeller,Central,34.5,1,1416,14,4,0.286,41370,7,4,False,Returning,False
ORD1083946,U206122,2024-12-20 19:51:31,Tier 1,574688,1390,1870,480,0,Fashion,CoD,Evening,Android,6.4.0,Marketplace_3P,West,4.6,1,1405,17,4,0.235,19290,8,4,False,Returning,False
ORD1431768,U216918,2024-12-20 22:31:35,Tier 1,561496,840,850,10,0,Beauty,Prepaid,Late_Night,iOS,6.5.2,Marketplace_3P,West,6.7,1,839,9,1,0.111,35040,6,1,False,Returning,False
ORD1007844,U207419,2024-12-20 23:08:16,Tier 1,742382,340,440,100,40,Grocery,CoD,Late_Night,iOS,6.2.0,Marketplace_3P,West,3.2,1,29,2,1,0.5,650,2,1,False,Returning,False
ORD1202785,U176886,2024-12-21 01:28:45,Tier 1,722654,1290,1700,410,0,Fashion,Prepaid,Late_Night,Android,6.5.2,Marketplace_3P,Central,7.5,2,150,1,0,0.0,1260,1,0,True,New,False
ORD1491143,U203836,2024-12-21 01:42:00,Tier 2,455827,710,730,20,0,Fashion,Prepaid,Late_Night,iOS,7.0.0,Marketplace_3P,East,3.6,2,1272,21,10,0.476,18440,19,10,False,Returning,False
ORD1068888,U130468,2024-12-21 03:13:42,Tier 2,843661,430,440,10,40,Toys,CoD,Late_Night,Android,6.2.0,Marketplace_3P,South,8.7,2,59,1,1,1.0,210,1,1,True,New,True
ORD1134764,U205686,2024-12-21 04:44:50,Tier 2,187644,930,1040,110,0,Fashion,Prepaid,Late_Night,Android,6.4.0,Local_SmallSeller,East,20.0,1,658,6,0,0.0,3240,4,0,False,Returning,False
ORD1457257,U102232,2024-12-21 08:21:03,Tier 2,724789,3020,3580,560,0,Fashion,CoD,Morning,Android,7.0.0,Marketplace_3P,West,7.5,1,1407,19,10,0.526,33560,15,8,False,Returning,False
ORD1215596,U210632,2024-12-21 11:34:38,Tier 2,787284,1300,1620,320,0,Beauty,Prepaid,Morning,Android,6.5.2,Local_SmallSeller,North,6.8,1,1082,19,0,0.0,48590,13,0,False,Returning,False
ORD1222583,U216675,2024-12-21 12:17:29,Tier 2,157765,1520,2020,500,0,Home & Kitchen,CoD,Afternoon,Android,7.0.0,Marketplace_3P,East,3.2,1,1222,13,3,0.231,10050,8,3,False,Returning,False
ORD1112819,U202738,2024-12-21 13:54:42,Tier 3,241049,2400,2440,40,0,Footwear,Prepaid,Afternoon,iOS,6.2.0,Flagship_1P,Central,9.6,1,1216,19,0,0.0,21910,9,0,False,Returning,False
ORD1316713,U185860,2024-12-21 15:36:40,Tier 1,114305,380,430,50,40,Grocery,CoD,Afternoon,Android,7.0.0,Flagship_1P,North,26.9,1,477,4,0,0.0,6480,2,0,False,Returning,False
ORD1384323,U185787,2024-12-21 19:09:43,Tier 3,290421,410,520,110,40,Books,CoD,Evening,Android,6.2.0,Marketplace_3P,East,20.4,1,1412,21,13,0.619,11020,18,13,False,Returning,False
ORD1365133,U192743,2024-12-21 20:24:22,Tier 2,785955,25360,26080,720,0,Mobiles,Prepaid,Evening,Android,6.3.1,Local_SmallSeller,North,1.3,1,158,3,0,0.0,3890,3,0,False,Returning,False
ORD1458901,U154096,2024-12-21 21:50:59,Tier 1,113837,2020,2420,400,0,Beauty,CoD,Evening,Android,6.2.0,Marketplace_3P,Central,6.7,1,1477,20,1,0.05,59560,11,1,False,Returning,False
ORD1329198,U217203,2024-12-22 00:34:55,Tier 1,245620,10920,11930,1010,0,Appliances,CoD,Late_Night,Android,6.5.2,Local_SmallSeller,Central,4.4,1,192,2,0,0.0,5170,0,0,False,Returning,False
ORD1449426,U183407,2024-12-22 10:29:36,Tier 2,677873,670,840,170,0,Books,Prepaid,Morning,Android,7.0.0,Marketplace_3P,North,11.0,1,1033,12,2,0.167,23160,6,2,False,Returning,False
ORD1117260,U160433,2024-12-22 11:31:20,Tier 1,638608,630,800,170,0,Grocery,CoD,Morning,Android,6.3.1,Marketplace_3P,South,7.5,1,310,2,0,0.0,2900,1,0,False,Returning,False
ORD1234102,U186461,2024-12-22 11:49:08,Tier 2,185985,9960,10380,420,0,Electronics,CoD,Morning,Android,7.0.0,Marketplace_3P,South,28.7,1,301,3,2,0.667,8750,1,1,False,Returning,True
ORD1083854,U130604,2024-12-22 13:07:54,Tier 3,385307,2010,2100,90,0,Footwear,CoD,Afternoon,Android,7.0.0,Local_SmallSeller,North,20.0,1,1214,8,1,0.125,14120,7,1,False,Returning,False
ORD1097134,U115745,2024-12-22 20:29:38,Tier 1,328000,570,630,60,0,Beauty,Prepaid,Evening,Android,6.5.2,Marketplace_3P,East,4.9,2,1268,12,4,0.333,19420,4,2,False,Returning,False
ORD1452974,U182434,2024-12-22 21:27:03,Tier 1,611490,2850,3340,490,0,Home & Kitchen,CoD,Evening,Android,6.3.1,Flagship_1P,South,10.0,1,459,8,3,0.375,17550,6,3,False,Returning,True
ORD1409896,U114559,2024-12-23 00:17:46,Tier 1,338150,930,1020,90,0,Toys,Prepaid,Late_Night,Android,6.4.0,Flagship_1P,West,14.6,3,240,8,1,0.125,6230,5,1,False,Returning,False
ORD1282371,U196412,2024-12-23 02:06:25,Tier 1,198220,250,300,50,40,Grocery,CoD,Late_Night,Android,6.2.0,Flagship_1P,East,20.4,1,834,4,0,0.0,6130,1,0,False,Returning,False
ORD1271776,U185221,2024-12-23 04:47:15,Tier 1,404259,3180,3450,270,0,Footwear,CoD,Late_Night,Android,6.2.0,Flagship_1P,East,3.9,3,284,3,1,0.333,2770,2,1,False,Returning,False
ORD1382251,U168412,2024-12-23 05:14:26,Tier 1,408743,580,730,150,0,Fashion,Prepaid,Morning,Android,6.2.0,Local_SmallSeller,West,8.0,1,580,7,4,0.571,9310,3,2,False,Returning,False
ORD1334189,U175984,2024-12-23 06:38:44,Tier 2,146033,5390,5440,50,0,Electronics,CoD,Morning,Android,6.5.2,Marketplace_3P,West,11.8,1,1356,19,5,0.263,55730,9,5,False,Returning,False
ORD1327964,U116435,2024-12-23 06:48:25,Tier 1,731197,7940,10310,2370,0,Appliances,Prepaid,Morning,Android,6.4.0,Flagship_1P,Central,7.3,1,186,2,0,0.0,1660,1,0,False,Returning,False
ORD1450152,U174208,2024-12-23 11:05:29,Tier 2,805202,1400,1790,390,0,Home & Kitchen,Prepaid,Morning,Android,6.4.0,Marketplace_3P,East,6.2,1,1044,13,2,0.154,14920,6,2,False,Returning,False
ORD1258889,U151404,2024-12-23 11:11:07,Tier 1,454065,200,200,0,60,Books,Prepaid,Morning,Android,6.4.0,Marketplace_3P,Central,4.8,3,1130,8,3,0.375,7670,5,3,False,Returning,False
ORD1343293,U156323,2024-12-23 11:13:31,Tier 1,365476,1040,1380,340,0,Fashion,Prepaid,Morning,Android,6.2.0,Flagship_1P,South,5.1,1,1411,19,1,0.053,41850,16,1,False,Returning,False
ORD1300487,U186934,2024-12-23 12:52:14,Tier 1,704999,1670,2080,410,0,Fashion,CoD,Afternoon,Android,7.0.0,Flagship_1P,Central,4.4,1,559,7,2,0.286,12150,3,2,False,Returning,False
ORD1375234,U216524,2024-12-23 13:27:56,Tier 1,714880,5340,5860,520,0,Electronics,Prepaid,Afternoon,Android,6.4.0,Local_SmallSeller,North,14.5,1,1194,11,4,0.364,11010,5,3,False,Returning,False
ORD1208593,U193644,2024-12-23 15:50:12,Tier 1,736714,1840,2350,510,0,Fashion,CoD,Afternoon,Android,6.4.0,Local_SmallSeller,East,5.7,1,304,3,1,0.333,5680,2,1,False,Returning,False
ORD1072881,U173936,2024-12-23 17:24:18,Tier 2,484969,950,990,40,0,Beauty,CoD,Evening,Android,6.5.2,Marketplace_3P,East,8.6,1,883,8,0,0.0,8920,6,0,False,Returning,False
ORD1014031,U203737,2024-12-23 18:25:14,Tier 2,232392,2380,2920,540,0,Home & Kitchen,Prepaid,Evening,Android,7.0.0,Local_SmallSeller,East,6.6,2,116,2,0,0.0,2040,1,0,False,Returning,False
ORD1011307,U100531,2024-12-23 19:40:53,Tier 2,684396,12970,14660,1690,0,Mobiles,CoD,Evening,iOS,6.5.2,Marketplace_3P,West,10.1,1,249,5,0,0.0,3410,3,0,False,Returning,False
ORD1464068,U200820,2024-12-23 20:10:41,Tier 3,494319,4430,4980,550,0,Electronics,CoD,Evening,iOS,7.0.0,Marketplace_3P,East,35.3,2,1371,22,9,0.409,48150,17,9,False,Returning,True
ORD1297135,U165392,2024-12-23 20:45:19,Tier 1,458656,2990,3890,900,0,Footwear,CoD,Evening,Android,6.5.2,Marketplace_3P,North,19.8,1,1228,11,2,0.182,29860,8,2,False,Returning,False
ORD1214088,U121439,2024-12-23 20:48:27,Tier 2,722225,1730,2040,310,0,Beauty,CoD,Evening,Android,6.2.0,Local_SmallSeller,South,2.6,1,6,1,0,0.0,2560,0,0,True,New,False
ORD1150649,U150108,2024-12-23 20:50:54,Tier 1,130962,13400,14830,1430,0,Mobiles,Prepaid,Evening,Android,6.4.0,Local_SmallSeller,West,5.9,2,10,2,1,0.5,1800,1,1,False,Returning,False
ORD1292719,U108545,2024-12-23 23:16:30,Tier 2,566680,1740,1940,200,0,Home & Kitchen,CoD,Late_Night,Android,6.4.0,Marketplace_3P,North,6.9,1,1052,14,5,0.357,29850,5,3,False,Returning,False
ORD1202664,U187441,2024-12-24 00:56:30,Tier 2,425736,710,840,130,0,Home & Kitchen,CoD,Late_Night,Android,7.0.0,Marketplace_3P,South,26.9,1,1421,25,7,0.28,33970,10,7,False,Returning,False
ORD1337949,U165757,2024-12-24 01:04:21,Tier 2,479637,6180,6480,300,0,Electronics,Prepaid,Late_Night,Android,7.0.0,Marketplace_3P,South,25.4,1,1353,18,2,0.111,18000,5,2,False,Returning,False
ORD1396517,U170182,2024-12-24 02:44:50,Tier 2,693096,3040,3860,820,0,Fashion,CoD,Late_Night,Android,6.4.0,Marketplace_3P,South,1.6,1,922,6,0,0.0,16360,2,0,False,Returning,False
ORD1374952,U178039,2024-12-24 05:38:41,Tier 2,227101,1380,1680,300,0,Fashion,Prepaid,Morning,Android,6.5.2,Marketplace_3P,East,7.9,2,933,6,1,0.167,960,3,1,False,Returning,False
ORD1491546,U191443,2024-12-24 05:52:12,Tier 1,685645,3360,4410,1050,0,Footwear,CoD,Morning,Android,7.0.0,Marketplace_3P,North,8.4,1,1291,15,4,0.267,13900,13,4,False,Returning,True
ORD1128838,U139760,2024-12-24 08:11:48,Tier 1,641147,7870,8590,720,0,Appliances,Prepaid,Morning,Android,6.2.0,Flagship_1P,East,9.8,1,175,2,0,0.0,3680,0,0,False,Returning,False
ORD1197345,U120335,2024-12-24 08:51:42,Tier 2,287922,1400,1850,450,0,Fashion,CoD,Morning,Android,6.2.0,Local_SmallSeller,Central,18.2,1,1323,14,1,0.071,25530,6,1,False,Returning,False
ORD1009909,U202147,2024-12-24 09:31:28,Tier 2,178037,1370,1710,340,0,Toys,Prepaid,Morning,iOS,6.3.1,Local_SmallSeller,South,16.9,1,154,3,0,0.0,2220,1,0,False,Returning,False
ORD1259427,U218655,2024-12-24 13:41:01,Tier 1,428858,1330,1650,320,0,Grocery,Prepaid,Afternoon,Android,7.0.0,Marketplace_3P,East,1.2,1,214,3,0,0.0,4100,1,0,False,Returning,False
ORD1359155,U161002,2024-12-24 14:05:50,Tier 2,457805,990,1240,250,0,Fashion,CoD,Afternoon,iOS,6.5.2,Marketplace_3P,East,2.9,1,309,7,4,0.571,23630,4,3,False,Returning,False
ORD1445692,U192331,2024-12-24 14:30:54,Tier 2,844902,740,830,90,0,Fashion,Prepaid,Afternoon,iOS,6.4.0,Marketplace_3P,Central,4.6,1,766,9,2,0.222,2110,8,2,False,Returning,False
ORD1361035,U219055,2024-12-24 16:48:52,Tier 2,439093,8920,9900,980,0,Electronics,CoD,Afternoon,Android,6.5.2,Marketplace_3P,East,4.4,2,590,10,0,0.0,6010,8,0,False,Returning,False
ORD1325031,U179673,2024-12-24 19:15:55,Tier 2,489376,1020,1290,270,0,Grocery,CoD,Evening,Android,6.3.1,Marketplace_3P,South,19.7,1,479,6,1,0.167,6710,5,1,False,Returning,False
ORD1119463,U214985,2024-12-24 19:19:15,Tier 3,173067,1300,1470,170,0,Fashion,CoD,Evening,iOS,6.3.1,Local_SmallSeller,North,22.6,1,1178,14,1,0.071,11910,5,1,False,Returning,False
ORD1111660,U120786,2024-12-24 19:44:17,Tier 2,714697,8170,9080,910,0,Mobiles,Prepaid,Evening,Android,6.2.0,Marketplace_3P,East,7.0,1,852,11,0,0.0,69940,8,0,False,Returning,False
ORD1379285,U194226,2024-12-24 23:04:47,Tier 2,445268,2950,3410,460,0,Electronics,Prepaid,Late_Night,Android,6.5.2,Flagship_1P,South,31.8,2,575,11,4,0.364,17010,8,4,False,Returning,True
ORD1448135,U120264,2024-12-24 23:45:59,Tier 1,428114,11510,12040,530,0,Mobiles,Prepaid,Late_Night,Android,7.0.0,Flagship_1P,South,11.5,1,725,10,1,0.1,9200,4,1,False,Returning,False
ORD1297349,U145804,2024-12-25 00:07:46,Tier 3,812510,6170,7150,980,0,Electronics,CoD,Late_Night,Android,7.0.0,Marketplace_3P,South,28.0,2,248,2,0,0.0,2420,1,0,False,Returning,True
ORD1184616,U174562,2024-12-25 00:10:01,Tier 2,281956,1020,1070,50,0,Beauty,CoD,Late_Night,Android,6.5.2,Marketplace_3P,West,22.0,1,1453,12,2,0.167,13010,3,2,False,Returning,False
ORD1104176,U204221,2024-12-25 03:11:48,Tier 2,817554,5460,7330,1870,0,Electronics,Prepaid,Late_Night,Android,7.0.0,Marketplace_3P,South,18.2,1,235,5,1,0.2,3920,2,1,False,Returning,False
ORD1040559,U145976,2024-12-25 03:28:57,Tier 1,485119,1780,2160,380,0,Fashion,Prepaid,Late_Night,Android,6.3.1,Local_SmallSeller,North,4.7,1,594,11,4,0.364,38960,9,4,False,Returning,False
ORD1153832,U200102,2024-12-25 09:56:40,Tier 1,551191,9870,13000,3130,0,Appliances,Prepaid,Morning,iOS,6.4.0,Local_SmallSeller,South,7.7,2,435,5,2,0.4,5360,4,2,False,Returning,False
ORD1375012,U134685,2024-12-25 10:38:01,Tier 1,305528,890,1200,310,0,Footwear,Prepaid,Morning,Android,6.3.1,Marketplace_3P,East,6.7,2,285,3,3,1.0,2050,2,2,False,Returning,False
ORD1272392,U142935,2024-12-25 11:20:50,Tier 3,692156,3370,3430,60,0,Electronics,CoD,Morning,Android,6.4.0,Marketplace_3P,South,36.9,1,1377,17,7,0.412,14300,10,5,False,Returning,False
ORD1231742,U105314,2024-12-25 12:16:25,Tier 3,175962,3300,3590,290,0,Electronics,Prepaid,Afternoon,Android,6.2.0,Flagship_1P,West,18.8,1,614,11,4,0.364,25070,5,4,False,Returning,False
ORD1044327,U188834,2024-12-25 17:13:38,Tier 1,146824,760,840,80,0,Footwear,Prepaid,Evening,Android,7.0.0,Flagship_1P,North,6.2,1,1113,15,1,0.067,32100,12,1,False,Returning,False
ORD1042335,U200765,2024-12-25 17:55:21,Tier 2,424798,930,1180,250,0,Fashion,CoD,Evening,Android,7.0.0,Local_SmallSeller,West,9.7,1,43,1,0,0.0,2300,1,0,True,New,True
ORD1165142,U184817,2024-12-25 18:35:44,Tier 3,694997,1900,1980,80,0,Footwear,CoD,Evening,Android,6.5.2,Local_SmallSeller,Central,27.1,1,387,9,0,0.0,12960,6,0,False,Returning,False
ORD1361301,U134108,2024-12-25 21:53:37,Tier 2,614785,910,1050,140,0,Footwear,Prepaid,Evening,iOS,6.4.0,Local_SmallSeller,West,12.2,1,723,15,2,0.133,9390,6,2,False,Returning,False
ORD1054974,U208373,2024-12-25 21:54:20,Tier 2,214359,1280,1350,70,0,Fashion,CoD,Evening,iOS,6.5.2,Flagship_1P,East,10.8,1,396,9,2,0.222,9520,5,2,False,Returning,False
ORD1110546,U155376,2024-12-26 00:30:34,Tier 2,341717,8180,10490,2310,0,Mobiles,Prepaid,Late_Night,Android,6.4.0,Local_SmallSeller,East,25.9,2,1352,13,4,0.308,35870,9,4,False,Returning,False
ORD1243818,U115560,2024-12-26 02:50:02,Tier 1,374537,1570,1810,240,0,Fashion,Prepaid,Late_Night,Android,6.3.1,Local_SmallSeller,West,16.2,1,1145,22,4,0.182,5110,15,4,False,Returning,False
ORD1460704,U198595,2024-12-26 06:09:05,Tier 2,237037,2030,2310,280,0,Home & Kitchen,Prepaid,Morning,Android,6.3.1,Local_SmallSeller,West,13.0,1,1155,18,4,0.222,37980,11,4,False,Returning,False
ORD1341382,U118758,2024-12-26 06:12:27,Tier 3,166459,2870,2910,40,0,Home & Kitchen,Prepaid,Morning,Android,6.4.0,Local_SmallSeller,West,13.3,1,258,3,1,0.333,5530,1,1,False,Returning,False
ORD1371459,U171547,2024-12-26 07:53:20,Tier 2,647472,2570,3230,660,0,Footwear,Prepaid,Morning,Android,6.3.1,Marketplace_3P,Central,24.0,1,547,5,1,0.2,2140,3,1,False,Returning,False
ORD1109664,U124158,2024-12-26 13:02:15,Tier 2,831978,580,670,90,0,Books,Prepaid,Afternoon,Android,6.5.2,Marketplace_3P,West,13.0,1,589,12,2,0.167,22040,3,2,False,Returning,False
ORD1443362,U139486,2024-12-26 15:01:09,Tier 2,436107,5140,5500,360,0,Appliances,CoD,Afternoon,Android,6.2.0,Marketplace_3P,West,14.7,2,311,5,0,0.0,25080,2,0,False,Returning,False
ORD1411715,U109407,2024-12-26 17:21:13,Tier 3,327847,3700,4830,1130,0,Fashion,CoD,Evening,Android,6.5.2,Marketplace_3P,East,7.2,1,388,1,0,0.0,550,0,0,True,New,False
ORD1103632,U201019,2024-12-26 19:38:50,Tier 1,707183,590,690,100,0,Beauty,Prepaid,Evening,Android,6.2.0,Marketplace_3P,North,13.4,1,1308,20,5,0.25,28510,17,5,False,Returning,False
ORD1355395,U197946,2024-12-26 21:29:38,Tier 3,568147,430,510,80,40,Beauty,Prepaid,Evening,Android,6.3.1,Marketplace_3P,North,16.1,1,720,10,2,0.2,6520,2,1,False,Returning,False
ORD1373643,U139012,2024-12-27 08:30:48,Tier 2,783508,1520,1770,250,0,Home & Kitchen,CoD,Morning,Android,6.4.0,Local_SmallSeller,North,2.0,1,1021,18,8,0.444,46960,15,8,False,Returning,False
ORD1085713,U165474,2024-12-27 10:10:14,Tier 3,772941,1640,2020,380,0,Footwear,CoD,Morning,Android,6.2.0,Flagship_1P,West,39.0,1,534,8,1,0.125,7390,5,1,False,Returning,False
ORD1091330,U183023,2024-12-27 10:59:27,Tier 1,195099,880,940,60,0,Footwear,Prepaid,Morning,Android,6.3.1,Flagship_1P,West,8.7,2,1363,20,1,0.05,29390,18,1,False,Returning,False
ORD1396092,U213912,2024-12-27 11:02:25,Tier 2,309445,1010,1360,350,0,Toys,CoD,Morning,Android,6.3.1,Flagship_1P,South,16.3,1,640,5,0,0.0,6270,4,0,False,Returning,False
ORD1415564,U136555,2024-12-27 12:08:23,Tier 2,275599,450,460,10,60,Toys,Prepaid,Afternoon,iOS,6.5.2,Flagship_1P,Central,13.3,1,1185,16,2,0.125,31560,13,2,False,Returning,False
ORD1122110,U147715,2024-12-27 14:10:47,Tier 2,186564,590,790,200,0,Toys,Prepaid,Afternoon,Android,6.5.2,Marketplace_3P,West,6.5,1,636,11,1,0.091,16040,6,1,False,Returning,False
ORD1358112,U217253,2024-12-27 16:42:40,Tier 3,567469,31110,31890,780,0,Mobiles,Prepaid,Afternoon,Android,6.2.0,Flagship_1P,South,15.6,2,494,2,0,0.0,1570,1,0,False,Returning,False
ORD1299536,U108018,2024-12-27 19:52:27,Tier 1,522219,2760,3480,720,0,Fashion,Prepaid,Evening,Android,6.4.0,Local_SmallSeller,Central,5.2,1,918,11,6,0.545,39280,4,3,False,Returning,False
ORD1147768,U147168,2024-12-27 22:08:16,Tier 2,485046,850,990,140,0,Beauty,CoD,Late_Night,Android,6.4.0,Flagship_1P,South,16.8,1,3,2,1,0.5,5530,1,1,False,Returning,False
ORD1496173,U216763,2024-12-28 04:32:18,Tier 1,809063,510,670,160,0,Grocery,Prepaid,Late_Night,iOS,6.4.0,Marketplace_3P,East,3.0,1,104,2,0,0.0,1700,2,0,False,Returning,False
ORD1260646,U138433,2024-12-28 07:44:10,Tier 3,654023,17440,22700,5260,0,Appliances,Prepaid,Morning,Android,6.4.0,Flagship_1P,West,8.7,1,1147,18,1,0.056,39630,14,1,False,Returning,False
ORD1103828,U158406,2024-12-28 09:53:44,Tier 1,538865,2650,2840,190,0,Fashion,Prepaid,Morning,Android,6.2.0,Marketplace_3P,North,5.7,1,462,3,2,0.667,1300,2,2,False,Returning,False
ORD1345335,U215268,2024-12-28 11:40:27,Tier 1,493411,1430,1900,470,0,Fashion,CoD,Morning,iOS,7.0.0,Local_SmallSeller,North,6.9,1,347,3,0,0.0,8590,3,0,False,Returning,False
ORD1286812,U119729,2024-12-28 17:07:27,Tier 1,274130,410,510,100,0,Grocery,CoD,Evening,Android,6.5.2,Local_SmallSeller,South,2.7,1,1406,11,1,0.091,25890,8,1,False,Returning,False
ORD1263211,U116778,2024-12-28 18:31:47,Tier 1,219506,5580,6950,1370,0,Appliances,CoD,Evening,Android,7.0.0,Flagship_1P,North,2.2,1,849,12,2,0.167,18180,9,2,False,Returning,False
ORD1151727,U133616,2024-12-28 18:31:59,Tier 3,214891,740,860,120,0,Toys,CoD,Evening,Android,6.3.1,Marketplace_3P,Central,5.2,1,988,8,2,0.25,13960,6,2,False,Returning,False
ORD1137526,U135928,2024-12-28 22:03:58,Tier 1,743255,530,660,130,0,Toys,Prepaid,Late_Night,Android,6.5.2,Flagship_1P,South,4.6,1,647,7,1,0.143,11920,2,1,False,Returning,False
ORD1349486,U103373,2024-12-28 23:11:01,Tier 3,817328,1050,1120,70,0,Fashion,CoD,Late_Night,Android,6.2.0,Marketplace_3P,South,13.4,1,754,9,3,0.333,15220,2,1,False,Returning,False
ORD1224608,U148738,2024-12-29 01:49:28,Tier 2,573322,2710,3540,830,0,Home & Kitchen,Prepaid,Late_Night,Android,6.4.0,Marketplace_3P,North,20.5,2,951,12,0,0.0,35470,7,0,False,Returning,False
ORD1071739,U157140,2024-12-29 02:00:45,Tier 2,287506,5660,7300,1640,0,Electronics,Prepaid,Late_Night,iOS,6.4.0,Flagship_1P,West,6.5,1,917,9,1,0.111,23990,5,1,False,Returning,False
ORD1464300,U208303,2024-12-29 02:44:57,Tier 2,661153,4910,5460,550,0,Electronics,CoD,Late_Night,Android,6.5.2,Local_SmallSeller,Central,13.5,1,451,4,0,0.0,6480,3,0,False,Returning,False
ORD1198450,U101654,2024-12-29 02:55:59,Tier 1,273158,16560,19340,2780,0,Mobiles,Prepaid,Late_Night,Android,7.0.0,Flagship_1P,Central,8.5,2,235,5,3,0.6,9650,1,1,False,Returning,False
ORD1170032,U167171,2024-12-29 03:30:12,Tier 2,227463,8880,9390,510,0,Mobiles,Prepaid,Late_Night,Android,7.0.0,Marketplace_3P,East,30.8,1,551,7,0,0.0,3040,5,0,False,Returning,False
ORD1103522,U190048,2024-12-29 07:43:27,Tier 3,567815,22350,22520,170,0,Electronics,Prepaid,Morning,Android,6.4.0,Marketplace_3P,West,39.2,1,1479,20,1,0.05,10580,13,1,False,Returning,False
ORD1499884,U120659,2024-12-29 08:16:41,Tier 1,812992,680,860,180,0,Toys,Prepaid,Morning,Android,6.4.0,Flagship_1P,East,9.2,2,1139,12,1,0.083,4080,4,1,False,Returning,False
ORD1401492,U174889,2024-12-29 08:21:25,Tier 3,829860,5730,7420,1690,0,Appliances,CoD,Morning,Android,7.0.0,Local_SmallSeller,South,6.7,1,1204,10,2,0.2,16000,9,2,False,Returning,False
ORD1120936,U191183,2024-12-29 08:53:38,Tier 2,660063,1320,1480,160,0,Fashion,CoD,Morning,iOS,6.4.0,Marketplace_3P,South,20.3,1,12,1,0,0.0,810,1,0,True,New,False
ORD1381243,U202807,2024-12-29 13:15:16,Tier 2,402151,890,1140,250,0,Grocery,Prepaid,Afternoon,Android,6.5.2,Marketplace_3P,South,18.1,3,364,3,0,0.0,5990,1,0,False,Returning,False
ORD1486475,U150953,2024-12-29 13:47:27,Tier 2,482894,840,1090,250,0,Fashion,CoD,Afternoon,Android,6.4.0,Flagship_1P,East,13.1,1,1250,17,2,0.118,11370,6,2,False,Returning,False
ORD1386262,U201543,2024-12-29 15:29:34,Tier 2,511577,1170,1500,330,0,Home & Kitchen,CoD,Afternoon,Android,6.5.2,Flagship_1P,North,25.7,1,676,6,1,0.167,1630,4,1,False,Returning,False
ORD1368451,U151154,2024-12-29 15:43:45,Tier 2,720562,670,750,80,0,Books,CoD,Afternoon,Android,6.4.0,Local_SmallSeller,East,15.5,1,986,17,1,0.059,20240,12,1,False,Returning,True
ORD1467824,U160021,2024-12-29 16:30:54,Tier 1,586551,740,930,190,0,Footwear,Prepaid,Afternoon,Android,6.3.1,Marketplace_3P,South,8.9,2,804,12,4,0.333,13360,8,4,False,Returning,False
ORD1390520,U169901,2024-12-29 16:49:43,Tier 3,149731,7850,9550,1700,0,Mobiles,Prepaid,Afternoon,Android,6.4.0,Marketplace_3P,North,31.5,1,702,10,2,0.2,12180,3,2,False,Returning,False
ORD1296099,U164532,2024-12-29 16:55:12,Tier 2,695434,6030,6900,870,0,Appliances,Prepaid,Afternoon,Android,6.5.2,Marketplace_3P,East,20.1,1,850,12,4,0.333,24600,7,4,False,Returning,False
ORD1290236,U198504,2024-12-29 18:34:02,Tier 3,840764,7050,8810,1760,0,Home & Kitchen,Prepaid,Evening,Android,6.5.2,Marketplace_3P,Central,17.1,2,1055,11,2,0.182,2540,9,2,False,Returning,False
ORD1351594,U203675,2024-12-29 20:11:07,Tier 1,595199,14890,19670,4780,0,Mobiles,Prepaid,Evening,Android,6.5.2,Flagship_1P,West,2.6,1,1110,12,4,0.333,16870,8,4,False,Returning,False
ORD1308431,U116336,2024-12-29 21:51:05,Tier 2,557688,630,660,30,0,Footwear,Prepaid,Evening,Android,6.2.0,Marketplace_3P,West,15.9,1,304,7,0,0.0,29510,3,0,False,Returning,False
ORD1057336,U106489,2024-12-29 23:56:40,Tier 1,697435,2110,2360,250,0,Fashion,Prepaid,Late_Night,Android,6.3.1,Flagship_1P,North,8.7,1,173,2,0,0.0,8680,0,0,False,Returning,False
ORD1366899,U118151,2024-12-30 01:08:45,Tier 2,246575,600,690,90,0,Beauty,Prepaid,Late_Night,iOS,7.0.0,Marketplace_3P,East,14.6,3,525,5,1,0.2,2040,3,1,False,Returning,False
ORD1229691,U100722,2024-12-30 11:42:56,Tier 3,130530,4470,4590,120,0,Electronics,CoD,Morning,Android,6.4.0,Marketplace_3P,Central,27.5,1,1267,17,2,0.118,16360,9,2,False,Returning,False
ORD1394215,U155626,2024-12-30 12:15:31,Tier 3,670746,4480,5230,750,0,Footwear,Prepaid,Afternoon,iOS,6.4.0,Local_SmallSeller,East,50.8,1,702,8,2,0.25,5840,5,2,False,Returning,False
ORD1288578,U182010,2024-12-30 13:35:08,Tier 2,636836,920,1160,240,0,Fashion,CoD,Afternoon,Android,6.3.1,Marketplace_3P,East,37.1,1,389,7,4,0.571,6170,1,1,False,Returning,False
ORD1005220,U137581,2024-12-30 18:13:34,Tier 1,351565,1200,1440,240,0,Beauty,Prepaid,Evening,Android,6.4.0,Marketplace_3P,South,9.7,1,864,9,6,0.667,15290,3,2,False,Returning,False
ORD1287799,U109932,2024-12-30 19:45:08,Tier 3,213566,620,680,60,0,Fashion,CoD,Evening,iOS,7.0.0,Marketplace_3P,North,1.2,1,556,10,1,0.1,4090,3,1,False,Returning,False
ORD1435091,U193517,2024-12-30 20:03:50,Tier 1,446407,6290,7600,1310,0,Electronics,Prepaid,Evening,Android,6.4.0,Local_SmallSeller,South,17.6,1,677,7,0,0.0,19720,6,0,False,Returning,True
ORD1475877,U109747,2024-12-30 20:39:17,Tier 2,179052,330,420,90,40,Toys,CoD,Evening,Android,6.4.0,Marketplace_3P,Central,29.6,1,1062,11,4,0.364,9760,3,3,False,Returning,False
ORD1114023,U207182,2024-12-30 22:13:49,Tier 1,345538,1100,1470,370,0,Footwear,CoD,Late_Night,Android,7.0.0,Local_SmallSeller,West,7.6,1,746,6,0,0.0,4890,4,0,False,Returning,False
ORD1440231,U135571,2024-12-30 23:48:06,Tier 2,406205,1470,1560,90,0,Home & Kitchen,CoD,Late_Night,Android,7.0.0,Local_SmallSeller,South,26.6,2,642,3,1,0.333,11170,2,1,False,Returning,True
